sid	class	fold	superfamily	family
d12asa_	53931	55680	55681	55682
d16vpa_	53931	56547	56548	56549
d1914a1	53931	54761	54762	54763
d1914a2	53931	54761	54762	54763
d1a04a1	46456	46688	46894	46900
d1a04a2	51349	52171	52172	52173
d1a0aa_	46456	47458	47459	47460
d1a0ca_	51349	51350	51658	51665
d1a0ia1	48724	50198	50249	50307
d1a0ia2	53931	56058	56091	56092
d1a0pa1	46456	47768	47823	47824
d1a0pa2	53931	56348	56349	56350
d1a0tp_	56835	56924	56935	56942
d1a12a_	48724	50964	50985	50986
d1a17a_	46456	48370	48452	48453
d1a1ia1	56992	57666	57667	57668
d1a1va1	51349	52539	52540	52724
d1a1va2	51349	52539	52540	52724
d1a1xa_	48724	50903	50904	50905
d1a26a1	46456	47586	47587	47588
d1a26a2	53931	56398	56399	56416
d1a2oa1	51349	52171	52172	52173
d1a32a_	46456	47059	47060	47064
d1a34a_	48724	88632	88650	88651
d1a3aa_	53931	55803	55804	55805
d1a3ca_	51349	53270	53271	53272
d1a3qa2	48724	49379	49417	81315
d1a3wa3	51349	52934	52935	52936
d1a41a_	53931	56348	56349	56361
d1a4ia1	51349	51734	51735	51883
d1a4ia2	51349	53222	53223	53235
d1a4pa_	46456	47472	47473	47478
d1a5ta1	46456	48018	48019	48020
d1a5ta2	51349	52539	52540	81269
d1a62a1	46456	63450	68912	68913
d1a62a2	48724	50198	50249	50282
d1a6bb_	56992	57755	57756	57757
d1a6ca1	48724	88632	88633	88636
d1a6fa_	53931	54210	54211	54220
d1a6ja_	53931	55803	55804	55805
d1a6qa1	46456	81602	81601	81600
d1a6qa2	53931	81607	81606	81605
d1a6sa_	46456	47835	47836	47848
d1a73a_	53931	54059	54060	54069
d1a79a1	51349	52979	53032	53033
d1a79a2	53931	55266	55267	55268
d1a7ja_	51349	52539	52540	52584
d1a7sa_	48724	50493	50494	50514
d1a7ta_	53931	56280	56281	56282
d1a8da1	48724	49898	49899	49956
d1a8da2	48724	50352	50386	50399
d1a8la1	51349	52832	52833	52849
d1a8oa_	46456	47335	47353	47354
d1a8pa1	48724	50412	63380	63381
d1a8pa2	51349	52342	52343	52344
d1a8qa_	51349	53473	53474	53531
d1a8ra_	53931	55619	55620	55621
d1a8ya1	51349	52832	52833	52855
d1a99a_	51349	53849	53850	53851
d1a9na_	51349	52046	52058	52068
d1a9xa1	46456	48107	48108	48109
d1a9xa2	51349	52334	52335	52336
d1a9xa3	51349	52439	52440	52441
d1a9xa5	53931	56058	56059	56067
d1a9xb1	51349	52008	52021	52022
d1a9xb2	51349	52171	52317	52318
d1ab8a_	53931	54861	55073	55074
d1abaa_	51349	52832	52833	52834
d1abva_	46456	47927	47928	47929
d1ac0a_	48724	49451	49452	49453
d1ac5a_	51349	53473	53474	53499
d1acoa1	51349	52008	52016	52017
d1acoa2	51349	53731	53732	53733
d1acwa_	56992	57015	57095	57116
d1ad2a_	56572	56807	56808	56809
d1adua1	46456	47723	47724	47725
d1adua2	56992	57916	57917	57918
d1adua3	56992	57916	57917	57918
d1ae9a_	53931	56348	56349	56350
d1aepa_	46456	47856	47857	47858
d1af7a1	46456	47756	47757	47758
d1af7a2	51349	53334	53335	53357
d1afia_	53931	54861	55008	55009
d1afpa_	56992	57597	57598	57599
d1afwa1	51349	53900	53901	53902
d1ag7a_	56992	57015	57059	57060
d1agga_	56992	57015	57059	57072
d1agja_	48724	50493	50494	50495
d1agqa_	56992	57500	57501	57507
d1ah7a_	46456	48536	48537	48538
d1ahla_	56992	57391	57392	57393
d1ahoa_	56992	57015	57095	57096
d1ahsa_	48724	49817	49818	49819
d1aiea_	46456	47718	47719	47720
d1aiha_	53931	56348	56349	56350
d1aisa1	53931	55944	55945	55946
d1aisb1	46456	47953	47954	47965
d1aiwa_	48724	51044	51055	51056
d1ajsa_	51349	53382	53383	53384
d1ak0a_	46456	48536	48537	48543
d1akha_	46456	46688	46689	46690
d1akoa_	53931	56218	56219	56220
d1akya2	56992	57769	57774	57775
d1al3a_	51349	53849	53850	53851
d1alla_	46456	46457	46458	46532
d1allb_	46456	46457	46458	46532
d1alna1	51349	53926	53927	53928
d1alua_	46456	47265	47266	47267
d1alva_	46456	47472	47473	63550
d1alya_	48724	49841	49842	49843
d1am2a_	48724	51293	51294	51298
d1am7a_	53931	53954	53955	53984
d1am9a_	46456	47458	47459	47460
d1amua_	56572	56800	56801	56802
d1amxa_	48724	49379	49401	49402
d1an8a1	48724	50198	50203	50219
d1ansa_	56992	57418	57419	57420
d1aoaa1	46456	47575	47576	47577
d1aoca_	56992	57500	57501	57531
d1aoea_	51349	53596	53597	53598
d1aoha_	48724	49379	49384	49390
d1aola_	48724	49829	49830	49831
d1aopa1	53931	54861	55124	55125
d1aopa3	53931	56013	56014	56015
d1aora1	46456	48309	48310	48311
d1aoya_	46456	46688	46785	46792
d1aoza1	48724	49502	49503	49550
d1aoza2	48724	49502	49503	49550
d1aoza3	48724	49502	49503	49550
d1apja_	56992	57580	57581	57582
d1apsa_	53931	54861	54975	54976
d1apy.1	53931	56234	56235	56261
d1aqca_	48724	50728	50729	50755
d1aqea_	46456	48694	48695	48696
d1aqta1	46456	46556	46604	46605
d1aqta2	48724	51343	51344	51345
d1aqza_	53931	53932	53933	81310
d1arba_	48724	50493	50494	50495
d1asha_	46456	46457	46458	46463
d1asta_	53931	55485	55486	55516
d1at0a_	48724	51293	51294	51295
d1at3a_	48724	50788	50789	50790
d1ataa_	56992	57566	57567	57568
d1atga_	51349	53849	53850	53851
d1atia1	51349	52953	52954	52955
d1atia2	53931	55680	55681	55682
d1atza_	51349	53299	53300	53301
d1auaa1	46456	46928	46938	46939
d1auaa2	51349	52086	52087	52088
d1auia_	53931	56299	56300	56310
d1auib_	46456	47472	47473	47502
d1auka_	51349	53648	53649	53653
d1auoa_	51349	53473	53474	53547
d1autc_	48724	50493	50494	50514
d1autl1	56992	57015	57196	57197
d1auua_	48724	50128	50151	50152
d1auya_	48724	88632	88633	88641
d1av3a_	56992	57015	57059	57060
d1avgi_	48724	50813	50814	50872
d1avo.1	46456	47161	47216	47217
d1avqa_	51349	52979	52980	53017
d1avwb_	48724	50352	50386	50387
d1aw9a1	46456	47615	47616	47617
d1awcb_	53931	74651	48403	48404
d1ax8a_	46456	47265	47266	47267
d1axha_	56992	57015	57059	57072
d1axib1	48724	48725	49265	49266
d1ay2a_	53931	54522	54523	54524
d1ayaa_	53931	55549	55550	55551
d1ayea2	53931	54861	54897	54898
d1ayja_	56992	57015	57095	57170
d1aym.1	48724	88632	88633	88634
d1aym1_	48724	88632	88633	88634
d1aym3_	48724	88632	88633	88634
d1ayoa_	48724	48725	254121	254148
d1azoa_	51349	52979	52980	53020
d1azsa_	53931	54861	55073	55074
d1azsc1	46456	47894	47895	47896
d1azza_	48724	50493	50494	50514
d1b0aa2	51349	53222	53223	53235
d1b0ba_	46456	46457	46458	46463
d1b0na1	46456	47405	47406	47407
d1b0na2	46456	47412	47413	47432
d1b0nb_	46456	47405	47406	47407
d1b12a_	48724	51305	51306	51312
d1b24a1	53931	55603	55608	55609
d1b25a1	46456	48309	48310	48311
d1b25a2	53931	56227	56228	56229
d1b33n_	53931	54579	54580	54581
d1b34a_	48724	50181	50182	50183
d1b34b_	48724	50181	50182	50183
d1b35.1	48724	88632	88633	88634
d1b35a_	48724	88632	88633	88634
d1b35b_	48724	88632	88633	88634
d1b3aa_	53931	54116	54117	54118
d1b3qa1	46456	47379	47384	47385
d1b3qa2	48724	50198	50341	50342
d1b3ta_	53931	54861	54957	54958
d1b3ua_	46456	48370	48371	48385
d1b4fa_	46456	47768	47769	47773
d1b4ra_	48724	48725	49299	49300
d1b5ea_	53931	55830	55831	55832
d1b5qa1	51349	51904	51905	51913
d1b5qa2	53931	54372	54373	54394
d1b5ta_	51349	51350	51730	51731
d1b63a1	53931	54210	54211	54224
d1b63a2	53931	55873	55874	55879
d1b67a_	46456	47112	47113	47129
d1b6aa1	46456	46688	46785	46887
d1b6aa2	53931	55919	55920	55921
d1b6ga_	51349	53473	53474	53513
d1b74a1	51349	53670	53681	53682
d1b77a1	53931	55978	55979	55983
d1b79a_	46456	48023	48024	48025
d1b89a_	46456	48370	48371	48390
d1b8aa1	48724	50198	50249	50250
d1b8aa2	53931	55680	55681	55682
d1b8da_	46456	46457	46458	46532
d1b8ta1	56992	57715	57716	57736
d1b8wa_	56992	57391	57392	57393
d1b8za_	46456	47728	47729	47730
d1b9ha_	51349	53382	53383	53417
d1b9la_	53931	55619	55620	55628
d1b9ma1	46456	46688	46785	46810
d1b9oa_	53931	53954	53955	53960
d1b9ra_	53931	54235	54292	54293
d1b9wa1	56992	57015	57196	57239
d1bama_	51349	52979	52980	52987
d1baza_	46456	47597	47598	47599
d1bb8a_	53931	54170	54171	54172
d1bb9a_	48724	50036	50044	50045
d1bbga_	56992	57295	57296	57297
d1bbha_	46456	47161	47175	47179
d1bboa1	56992	57666	57667	57668
d1bbza_	48724	50036	50044	50045
d1bcoa1	48724	50609	50610	50611
d1bcoa2	51349	53066	53098	53112
d1bd0a1	48724	50614	50621	88682
d1bd0a2	51349	51350	51419	51420
d1bd3a_	51349	53270	53271	53272
d1bd7a_	48724	49694	49695	49696
d1bd8a_	53931	74651	48403	48404
d1bdfa1	53931	55247	55257	55258
d1bdfa2	53931	56552	56553	56554
d1bdoa_	48724	51229	51230	51231
d1bdsa_	56992	57391	57392	57393
d1beaa_	46456	47698	47699	47708
d1beba_	48724	50813	50814	50815
d1beda_	51349	52832	52833	100953
d1beia_	56992	57545	57546	57547
d1bev1_	48724	88632	88633	88634
d1bf2a1	48724	48725	81296	81282
d1bf2a2	48724	51010	51011	51012
d1bf2a3	51349	51350	51445	51446
d1bf6a_	51349	51350	51556	51564
d1bg1a1	46456	47654	47655	47656
d1bg1a2	48724	49379	49417	81317
d1bg1a3	53931	55549	55550	55551
d1bg6a1	46456	48178	48179	48194
d1bg6a2	51349	51734	51735	51868
d1bgca_	46456	47265	47266	47267
d1bgfa_	46456	48091	48092	48093
d1bgka_	56992	57545	57546	57547
d1bgva1	51349	51734	51735	51883
d1bgva2	51349	53222	53223	53224
d1bgxt1	46456	47768	47807	47808
d1bgxt2	51349	88722	88723	53045
d1bh9a_	46456	47112	47113	47134
d1bh9b_	46456	47112	47113	47134
d1bhea_	48724	51125	51126	51137
d1bhga1	48724	48725	49303	49304
d1bhga2	48724	49784	49785	49803
d1bhga3	51349	51350	51445	51487
d1bhia_	56992	57666	57667	57668
d1bhpa_	56992	57428	57429	57430
d1bhua_	48724	49694	49695	49713
d1bi5a1	51349	53900	53901	53914
d1bi5a2	51349	53900	53901	53914
d1bi6.2	56992	57015	57243	57244
d1biaa1	46456	46688	46785	46786
d1biaa2	48724	50036	50037	50038
d1biaa3	53931	55680	55681	55707
d1bifa1	51349	52539	52540	52589
d1bifa2	51349	53253	53254	53267
d1biha1	48724	48725	48726	49159
d1bika1	56992	57361	57362	57363
d1bj7a_	48724	50813	50814	50815
d1bjaa_	46456	46688	46785	46813
d1bjta_	56572	56718	56719	56720
d1bjxa_	51349	52832	52833	52849
d1bkba2	48724	50198	50249	50282
d1bkpa_	53931	55830	55831	55832
d1bkra_	46456	47575	47576	47577
d1bl0a1	46456	46688	46689	46759
d1bm8a_	53931	54615	54616	54617
d1bm9a_	46456	46688	46785	46807
d1bmra_	56992	57015	57095	57096
d1bnba_	56992	57391	57392	57393
d1bnda_	56992	57500	57501	57520
d1bo4a_	53931	55728	55729	55730
d1bo9a_	46456	47873	47874	47875
d1boba_	53931	55728	55729	55730
d1bola_	53931	55894	55895	55896
d1bom.1	56992	56993	56994	56995
d1booa_	51349	53334	53335	53377
d1bora_	56992	57849	57850	57851
d1boua_	46456	48075	48076	48077
d1boub_	51349	53162	53213	53214
d1bpoa1	46456	48370	48371	48393
d1bqca_	51349	51350	51445	51487
d1bqua1	48724	48725	49265	49266
d1brta_	51349	53473	53474	53531
d1brwa3	53931	54664	54680	54681
d1brza_	56992	57015	57095	57170
d1bs0a_	51349	53382	53383	53417
d1btea_	56992	57301	57302	57354
d1btka_	48724	50728	50729	50730
d1btna_	48724	50728	50729	50730
d1bu8a1	48724	49722	49723	49730
d1bu8a2	51349	53473	53474	53577
d1buca2	56572	56644	56645	56646
d1bunb_	56992	57361	57362	57363
d1buoa_	53931	54694	54695	54696
d1bupa1	51349	53066	53067	53068
d1bvoa_	48724	49379	49417	81315
d1bvp11	46456	48344	48345	48346
d1bvp12	48724	49817	49818	49819
d1bvyf_	51349	52171	52218	52219
d1bw0a_	51349	53382	53383	53384
d1bw3a_	48724	50684	50685	50689
d1bw5a_	46456	46688	46689	46690
d1bwda_	53931	55908	55909	55914
d1bwvs_	53931	55238	55239	55240
d1bx4a_	51349	53612	53613	53614
d1bx7a_	56992	57015	57262	57263
d1bxda_	53931	55873	55874	55884
d1bxya_	53931	55128	55129	55130
d1by5a_	56835	56924	56935	56948
d1byfa_	53931	56435	56436	56437
d1byia_	51349	52539	52540	52652
d1byra_	53931	56023	56024	56025
d1bywa_	53931	55769	55785	88853
d1c01a_	48724	49694	49695	49719
d1c0aa2	53931	55247	55261	55262
d1c0ma1	48724	50036	50122	50123
d1c0pa1	51349	51970	51971	51979
d1c0pa2	53931	54372	54373	54384
d1c17m_	56835	81337	81336	81335
d1c1da1	51349	51734	51735	51883
d1c1da2	51349	53222	53223	53224
d1c1ka_	46456	48492	48493	48494
d1c20a_	46456	46688	46774	46775
d1c3ca_	46456	48556	48557	48558
d1c3ga1	48724	49492	49493	49494
d1c3ha_	48724	49841	49842	49843
d1c3ma_	48724	51091	51101	51102
d1c3pa_	51349	52767	52768	52773
d1c3za_	46456	47472	47565	47566
d1c44a_	53931	55717	55718	55719
d1c4ea_	56992	57015	57048	57049
d1c4ka1	51349	52171	52172	52252
d1c4ka2	51349	53382	53383	53444
d1c4ka3	53931	55903	55904	55905
d1c4oa1	51349	52539	52540	81268
d1c4oa2	51349	52539	52540	81268
d1c4qa_	48724	50198	50203	50204
d1c4xa_	51349	53473	53474	53522
d1c4za_	53931	56203	56204	56205
d1c52a_	46456	46625	46626	46627
d1c53a_	46456	46625	46626	46627
d1c5ea_	48724	51268	51274	51275
d1c6wa_	56992	57015	57059	57072
d1c75a_	46456	46625	46626	46627
d1c7ka_	53931	55485	55486	55487
d1c7na_	51349	53382	53383	53402
d1c7wa_	46456	47472	47473	47502
d1c8ba_	51349	53162	53163	64095
d1c8da_	48724	88632	88645	88646
d1c8na_	48724	88632	88633	88643
d1c8ua1	53931	54636	54637	54644
d1c8za_	53931	54517	54518	54519
d1c99a_	56835	81334	81333	81332
d1c9fa_	53931	54235	54277	54278
d1c9ka_	51349	52539	52540	52670
d1c9oa_	48724	50198	50249	50282
d1ca1a1	46456	48536	48537	48538
d1ca1a2	48724	49722	49723	49738
d1cb8a1	46456	48207	48230	48234
d1cb8a2	48724	49862	49863	49864
d1cb8a3	48724	49993	74650	50006
d1cbha_	56992	57015	57180	57181
d1cbya_	53931	55675	55676	55677
d1cc5a_	46456	46625	46626	46627
d1cc8a_	53931	54861	55008	55009
d1ccwa_	51349	52171	52242	52243
d1ccwb_	51349	51350	51703	51707
d1ccza1	48724	48725	48726	48727
d1ccza2	48724	48725	48726	49142
d1cd9b1	48724	48725	49265	49266
d1ceoa_	51349	51350	51445	51487
d1cexa_	51349	53473	53474	52260
d1cf2o1	51349	51734	51735	51800
d1cf2o2	53931	55346	55347	55348
d1cf7a_	46456	46688	46785	46847
d1cf7b_	46456	46688	46785	46847
d1cfba1	48724	48725	49265	49266
d1cfea_	53931	55796	55797	55798
d1cfra_	51349	52979	52980	52999
d1cfza_	51349	53162	53163	53164
d1cg2a1	51349	53162	53187	53204
d1cg2a2	53931	54861	55031	55032
d1cg5a_	46456	46457	46458	46463
d1cg5b_	46456	46457	46458	46463
d1cgme_	46456	47161	47195	47196
d1chca_	56992	57849	57850	57851
d1chda_	51349	52737	52738	52739
d1chka_	53931	53954	53955	53996
d1chma1	51349	53066	53092	53093
d1chma2	53931	55919	55920	55921
d1chua1	46456	46965	46977	46978
d1chua2	51349	51904	51905	51934
d1chua3	53931	56424	56425	56426
d1ci4a_	46456	47768	47798	47799
d1ci9a_	56572	56600	56601	56602
d1cida1	48724	48725	48726	48727
d1cida2	48724	48725	48726	49142
d1ciia1	56835	56836	56837	56838
d1cipa1	46456	47894	47895	47896
d1cixa_	56992	57015	57059	57072
d1ciya1	48724	49784	49785	49796
d1ciya2	48724	51091	51096	51097
d1ciya3	56835	56836	56849	56850
d1cjaa_	53931	56111	56112	56168
d1cjca2	51349	51970	51971	51972
d1cjwa_	53931	55728	55729	55730
d1cjxa1	53931	54592	54593	54602
d1cjya2	51349	52150	52151	53645
d1ckaa_	48724	50036	50044	50045
d1ckea_	51349	52539	52540	52541
d1ckma1	48724	50198	50249	50307
d1ckma2	53931	56058	56091	56100
d1ckqa_	51349	52979	52980	52981
d1ckta_	46456	47094	47095	47096
d1ckva_	53931	56028	56029	56030
d1cl1a_	51349	53382	53383	53402
d1clca1	46456	48207	48208	48213
d1clca2	48724	48725	81296	81282
d1clia1	53931	55297	55326	55327
d1clia2	53931	56041	56042	56043
d1clvi_	56992	57015	57027	57028
d1cmba_	46456	47597	47598	100972
d1cmxa_	53931	54000	54001	54050
d1cnna_	56992	57015	57059	57060
d1cnt1_	46456	47265	47266	47267
d1cnva_	51349	51350	51445	51534
d1co4a_	56992	57878	57879	57880
d1coja1	46456	46556	46609	46610
d1coja2	53931	54718	54719	54720
d1cola_	56835	56836	56837	56838
d1coza_	51349	52373	52374	52394
d1cp2a_	51349	52539	52540	52652
d1cpqa_	46456	47161	47175	47179
d1cpta_	46456	48263	48264	48265
d1cpza_	53931	54861	55008	55009
d1cq3a_	48724	49888	49889	49890
d1cqxa1	46456	46457	46458	46463
d1cqxa2	48724	50412	63380	63381
d1cqxa3	51349	52342	52343	52370
d1cr1a_	51349	52539	52540	52670
d1cr5a1	48724	50684	50692	50708
d1cr5a2	53931	54584	54585	54586
d1crka2	53931	55930	55931	55935
d1crua_	48724	50938	50952	50953
d1cs1a_	51349	53382	53383	53402
d1cs6a1	48724	48725	48726	49159
d1csei_	53931	54653	54654	54655
d1csha_	46456	48255	48256	48257
d1csna_	53931	56111	56112	88854
d1ct5a_	51349	51350	51419	51427
d1ct9a1	51349	52373	52402	52403
d1ct9a2	53931	56234	56235	56236
d1ctaa_	46456	47472	47473	47502
d1ctfa_	53931	54735	54736	54737
d1ctja_	46456	46625	46626	46627
d1cuka1	46456	46928	46929	46930
d1cuka2	46456	47768	47781	47782
d1cuka3	48724	50198	50249	50259
d1cv8a_	53931	54000	54001	54002
d1cvja1	53931	54861	54928	54929
d1cvra1	48724	48725	81296	81292
d1cvra2	51349	52128	52129	52137
d1cwva1	48724	48725	49373	49374
d1cwva5	53931	56435	56436	56472
d1cx4a1	48724	51181	51206	51210
d1cxqa_	51349	53066	53098	53107
d1cxya_	53931	55855	55856	55857
d1cxzb_	46456	46556	46585	46586
d1cy5a_	46456	47985	47986	81313
d1cyda_	51349	51734	51735	51751
d1cyxa_	48724	49502	49503	49541
d1cz4a1	48724	50684	50692	50708
d1cz4a2	53931	54584	54585	54586
d1czan1	51349	53066	53067	53083
d1czpa_	53931	54235	54292	54293
d1czya1	48724	49598	49599	49600
d1d02a_	51349	52979	52980	53002
d1d0da_	56992	57361	57362	57386
d1d0qa_	56992	57769	57783	57792
d1d1da1	46456	47335	47353	47354
d1d1ga_	51349	53596	53597	53598
d1d1ha_	56992	57015	57059	57072
d1d1na_	48724	50412	50447	50448
d1d2fa_	51349	53382	53383	53402
d1d2na_	51349	52539	52540	81269
d1d2oa1	48724	49451	49478	49479
d1d2sa_	48724	49898	49899	49944
d1d2ta_	46456	48316	48317	48318
d1d2za_	46456	47985	47986	81312
d1d2zb_	46456	47985	47986	81312
d1d3ba_	48724	50181	50182	50183
d1d3bb_	48724	50181	50182	50183
d1d3ga_	51349	51350	51395	51396
d1d3ya_	56572	56725	56726	56727
d1d4oa_	51349	52466	52467	52484
d1d4ta_	53931	55549	55550	55551
d1d4va1	56992	57585	57586	57587
d1d4va2	56992	57585	57586	57587
d1d5ra1	48724	49561	49562	49563
d1d5ra2	51349	52798	52799	52800
d1d5ta1	51349	51904	51905	51931
d1d5ta2	53931	54372	54373	54399
d1d5va_	46456	46688	46785	46832
d1d5ya3	53931	55135	55136	55140
d1d6ga_	56992	57641	57642	57643
d1d7oa_	51349	51734	51735	51751
d1d7qa_	48724	50198	50249	50282
d1d7ya1	51349	51904	51905	51943
d1d7ya3	53931	55423	55424	55425
d1d8ba_	46456	47768	47819	47820
d1d8ca_	51349	51350	51645	51646
d1d8ia_	53931	55153	55154	55155
d1d8ka_	46456	46688	46785	46850
d1d8wa_	51349	51350	51658	51662
d1d9ca_	46456	47265	47266	47305
d1daba_	48724	51125	51126	51153
d1dbha1	46456	48064	48065	48066
d1dbha2	48724	50728	50729	50730
d1dbqa_	51349	53821	53822	53823
d1dbwa_	51349	52171	52172	52173
d1dc1a_	51349	52979	52980	53011
d1dcea1	46456	48370	48439	48440
d1dcea2	48724	49561	49594	49595
d1dcea3	51349	52046	52058	52062
d1dcfa_	51349	52171	52172	52194
d1dcia_	51349	52095	52096	52103
d1dcqa1	53931	74651	48403	48404
d1dcqa2	56992	57862	57863	57864
d1dcsa_	48724	51181	51197	51198
d1dcta_	51349	53334	53335	88786
d1dcza_	48724	51229	51230	51231
d1dd5a_	53931	55185	55194	55195
d1dd9a_	56572	56730	56731	56732
d1ddba_	56835	56836	56854	56855
d1ddga1	48724	50412	63380	50438
d1ddla_	48724	88632	88633	88641
d1ddwa_	48724	50728	50729	50767
d1de4a2	53931	54451	54452	54453
d1de4c1	46456	47667	47672	47673
d1de4c2	51349	52008	52025	52026
d1de4c3	51349	53162	53187	53210
d1deca_	56992	57015	57262	57270
d1deka_	51349	52539	52540	52541
d1deua_	53931	54000	54001	54002
d1df0a2	48724	49757	49758	49759
d1dfca1	48724	50352	50405	50406
d1dfma_	51349	52979	52980	52993
d1dfup_	48724	50714	50715	50716
d1dg6a_	48724	49841	49842	49843
d1dgna_	46456	47985	47986	81313
d1dgsa1	46456	47768	47781	47786
d1dgsa2	48724	50198	50249	50307
d1dgw.1	48724	51181	51182	51187
d1dgwa_	48724	51181	51182	51187
d1dhkb_	48724	49898	49899	49900
d1dhna_	53931	55619	55620	55628
d1dhsa_	51349	52466	52467	52468
d1di2a_	53931	54767	54768	54769
d1di6a_	51349	53217	53218	53219
d1diva1	53931	55652	55653	55654
d1dj0a_	53931	100877	55120	55121
d1dj8a_	46456	47751	47752	47753
d1djaa_	56572	56600	56601	56602
d1djqa1	51349	51350	51395	51396
d1djqa2	51349	51904	51905	51906
d1djqa3	51349	51970	51971	51972
d1dk0a_	53931	54620	54621	54622
d1dk8a_	46456	48096	48097	48098
d1dkca_	56992	57015	57048	57052
d1dkga1	48724	51063	51064	51065
d1dkia_	53931	54000	54001	54002
d1dkla_	51349	53253	53254	53258
d1dkra1	51349	53270	53271	53296
d1dkza1	46456	46996	100934	100935
d1dkza2	48724	100919	100920	100921
d1dl0a_	56992	57015	57059	57072
d1dl2a_	46456	48207	48225	48226
d1dl5a1	51349	53334	53335	53354
d1dl5a2	53931	68929	68930	68931
d1dl6a_	56992	57769	57783	57784
d1dlja1	46456	48178	48179	48191
d1dlja2	51349	51734	51735	51868
d1dlja3	51349	52373	52413	52414
d1dlwa_	46456	46457	46458	46459
d1dm9a_	53931	55173	55174	55182
d1dmca_	56992	57867	57868	57869
d1dmea_	56992	57867	57868	57869
d1dmga_	51349	52165	52166	52167
d1dmha_	48724	49451	49482	49483
d1dmla1	53931	55978	55979	55983
d1dmua_	51349	52979	52980	52990
d1dmza_	48724	49878	49879	49885
d1dn0b2	48724	48725	48726	48942
d1dnla_	48724	50474	50475	50476
d1dnpa2	51349	52424	52425	52426
d1dnu.1	46456	48112	48113	48132
d1dnva_	48724	88632	88645	88647
d1dnya_	46456	47335	47336	47342
d1dofa_	46456	48556	48557	48558
d1doia_	53931	54235	54292	54293
d1doqa_	46456	47768	47789	47790
d1dosa_	51349	51350	51569	51591
d1dova_	46456	47161	47220	47221
d1dp4a_	51349	53821	53822	53823
d1dp7p_	46456	46688	46785	46856
d1dpba_	51349	52776	52777	52778
d1dpja_	48724	50629	50630	50646
d1dpjb_	46456	48661	48686	48687
d1dpua_	46456	46688	46785	46844
d1dq3a1	48724	51293	51294	51298
d1dq3a2	53931	54767	54786	54787
d1dq3a3	53931	55603	55608	55614
d1dqaa1	53931	54861	55035	55036
d1dqaa4	53931	56541	56542	56543
d1dqca_	56992	57624	57625	57626
d1dqea_	46456	47472	47565	47566
d1dqga_	48724	50352	50370	50379
d1dqna_	51349	53270	53271	53272
d1dqua_	51349	51350	51621	88704
d1dqza_	51349	53473	53474	53491
d1dr9a1	48724	48725	48726	48727
d1dr9a2	48724	48725	48726	49142
d1droa_	48724	50728	50729	50730
d1drsa_	56992	57301	57302	57351
d1drua1	51349	51734	51735	51800
d1drua2	53931	55346	55347	55368
d1ds1a_	48724	51181	51197	51203
d1ds9a_	51349	52046	52075	52076
d1dsqa_	56992	57755	57756	57757
d1dsva_	56992	57755	57756	57757
d1dt9a1	51349	53066	53137	53143
d1dt9a2	53931	55297	55315	55323
d1dt9a3	53931	55480	55481	55482
d1dtdb_	56992	57619	57620	57621
d1dtja_	53931	54790	54791	54792
d1dtxa_	56992	57361	57362	57363
d1duga1	46456	47615	47616	47617
d1dusa_	51349	53334	53335	53345
d1duvg1	51349	53670	53671	53672
d1dv0a_	46456	46928	46934	46935
d1dv1a1	48724	51229	51246	51247
d1dv1a2	51349	52439	52440	52441
d1dv1a3	53931	56058	56059	56067
d1dv5a_	46456	47335	47336	63535
d1dvka_	46456	47937	47938	47939
d1dvoa_	46456	48656	48657	48658
d1dvpa1	46456	48370	48464	48468
d1dw0a_	46456	46625	46626	46627
d1dwka1	46456	47412	47413	47435
d1dwka2	53931	55233	55234	55235
d1dx5i1	56992	57015	57196	57197
d1dxsa_	46456	47768	47769	47773
d1dxya1	51349	51734	51735	51830
d1dxya2	51349	52171	52283	52284
d1dy5a_	53931	54075	54076	54077
d1dy9.1	48724	50493	50494	50596
d1dyna_	48724	50728	50729	50730
d1dypa_	48724	49898	49899	49925
d1dysa_	51349	51988	51989	51990
d1dz3a_	51349	52171	52172	52173
d1dzfa1	51349	52979	53036	53037
d1dzfa2	53931	55286	55287	55288
d1dzka_	48724	50813	50814	50815
d1e0ba_	48724	50036	54160	54165
d1e0ca1	51349	52820	52821	52827
d1e0fi_	56992	57015	57262	57270
d1e0ga_	53931	54105	54106	54107
d1e0na_	48724	51044	51045	51046
d1e0ta1	48724	50799	50800	50801
d1e0ta3	51349	52934	52935	52936
d1e12a_	56835	81322	81321	81319
d1e1oa1	48724	50198	50249	50250
d1e1oa2	53931	55680	55681	55682
d1e25a_	56572	56600	56601	56602
d1e29a_	46456	46625	46626	46627
d1e2ka_	51349	52539	52540	52541
d1e2ta_	53931	54000	54001	54047
d1e2wa1	48724	49379	49441	49442
d1e2wa2	48724	51229	51246	51256
d1e32a1	48724	50684	50692	50708
d1e32a3	53931	54584	54585	54586
d1e3ha1	46456	46688	46915	46916
d1e3ha2	53931	54210	54211	54229
d1e3ha4	53931	54805	54814	54815
d1e3ha5	53931	55665	55666	55667
d1e3oc1	46456	46688	46689	46690
d1e3oc2	46456	47412	47413	47414
d1e43a1	48724	51010	51011	51012
d1e43a2	51349	51350	51445	51446
d1e44b_	48724	63839	63840	63841
d1e4cp_	51349	53638	53639	53640
d1e4ea1	51349	52439	52440	52452
d1e4ea2	53931	56058	56059	56060
d1e4ft1	51349	53066	53067	53068
d1e4mm_	51349	51350	51445	51521
d1e4ua_	56992	57849	57850	57851
d1e58a_	51349	53253	53254	53255
d1e5ba_	48724	49379	49384	49385
d1e5da1	51349	52171	52218	52219
d1e5da2	53931	56280	56281	56291
d1e5ka_	51349	53447	53448	53470
d1e5qa1	51349	51734	51735	51800
d1e5qa2	53931	55346	55347	55363
d1e5sa_	48724	51181	51197	63858
d1e5xa_	51349	53685	53686	53687
d1e6ba1	46456	47615	47616	47617
d1e6ba2	51349	52832	52833	52862
d1e6ca_	51349	52539	52540	52566
d1e6ia_	46456	47363	47370	47371
d1e6ua_	51349	51734	51735	51751
d1e7la1	46456	63450	68918	68919
d1e7la2	53931	54059	54060	68915
d1e7ua1	46456	48370	48371	48399
d1e7ua2	48724	49561	49562	49563
d1e7ua3	53931	54235	54236	54263
d1e7ua4	53931	56111	56112	56171
d1e88a3	56992	57602	57603	57604
d1e8ca1	51349	63417	63418	63419
d1e8ca2	51349	53243	53244	53245
d1e8ca3	51349	53612	53623	53624
d1e8ga1	53931	54861	55103	55104
d1e8pa_	56992	64570	64571	64572
d1e9ga_	48724	50198	50324	50325
d1e9ra_	51349	52539	52540	52670
d1ea5a_	51349	53473	53474	53475
d1ea9c2	48724	51010	51011	51012
d1eaic_	56992	57566	57567	57568
d1eaja_	48724	48725	48726	48727
d1eaqa_	48724	49379	49417	81318
d1eara1	48724	69286	69287	69288
d1eara2	53931	54861	69737	69738
d1eaza_	48724	50728	50729	50730
d1eb6a_	53931	55485	55486	64335
d1ebda2	51349	51904	51905	51943
d1ebfa1	51349	51734	51735	51800
d1ebfa2	53931	55346	55347	55363
d1ec7a1	51349	51350	51604	51609
d1ec7a2	53931	54825	54826	54827
d1ecaa_	46456	46457	46458	46463
d1ecea_	51349	51350	51445	51487
d1ecfa1	51349	53270	53271	53272
d1ecfa2	53931	56234	56235	56236
d1ecia_	46456	47400	47401	47402
d1ecma_	46456	48599	48600	48601
d1ecsa_	53931	54592	54593	54598
d1ecwa_	46456	47835	47836	47837
d1ed7a_	48724	51044	51055	51056
d1edga_	51349	51350	51445	51487
d1edmb_	56992	57015	57196	57197
d1edqa1	48724	48725	81296	81282
d1edqa2	51349	51350	51445	51534
d1edqa3	53931	54533	54556	54557
d1edta_	51349	51350	51445	51534
d1edza1	51349	51734	51735	51883
d1edza2	51349	53222	53223	53235
d1ee6a_	48724	51125	51126	51127
d1ee8a2	48724	81625	81624	81623
d1eeja1	51349	52832	52833	52898
d1eeja2	53931	54402	54423	54424
d1eema1	46456	47615	47616	47617
d1eema2	51349	52832	52833	52862
d1eera_	46456	47265	47266	47286
d1eerb1	48724	48725	49265	49266
d1eexa_	51349	51350	51703	51710
d1eexb_	51349	52953	52968	52969
d1eexg_	46456	47143	47148	47149
d1ef1c_	46456	48661	48678	48679
d1ef8a_	51349	52095	52096	52103
d1efdn_	51349	53799	53807	53808
d1efpa1	51349	52373	52402	52432
d1efub2	53931	54712	54713	54714
d1efub3	46456	46928	46934	63423
d1efub4	53931	54712	54713	54714
d1efva1	51349	52373	52402	52432
d1efvb_	51349	52373	52402	52432
d1eg2a_	51349	53334	53335	53377
d1eg3a1	46456	47472	47473	47547
d1eg3a3	48724	51044	51045	51046
d1eg5a_	51349	53382	53383	53402
d1egaa2	53931	54805	54814	54815
d1egfa_	56992	57015	57196	57197
d1egia_	53931	56435	56436	56437
d1egra_	51349	52832	52833	52834
d1egwa_	53931	55454	55455	55456
d1eh9a1	48724	48725	81296	81282
d1eh9a2	48724	51010	51011	51012
d1ehia1	51349	52439	52440	52452
d1ehia2	53931	56058	56059	56060
d1ehka_	56835	81443	81442	81441
d1ehkb2	56835	81334	81464	81463
d1ehkc_	56835	81407	81473	81472
d1ehsa_	56992	57006	57007	57008
d1ehxa_	48724	48725	81296	81293
d1ei1a1	53931	54210	54211	54224
d1ei1a2	53931	55873	55874	55879
d1ei5a1	48724	50875	50886	50887
d1ei5a3	56572	56600	56601	56602
d1ei7a_	46456	47161	47195	47196
d1ei9a_	51349	53473	53474	53542
d1eija_	46456	46928	46950	46951
d1eita_	56992	57015	57059	57072
d1eiwa_	51349	52171	52206	52207
d1ej0a_	51349	53334	53335	53339
d1ej2a_	51349	52373	52374	52397
d1ej5a_	46456	47911	47912	47913
d1ej8a_	48724	48725	49329	49330
d1ejba_	51349	52120	52121	52122
d1ejda_	53931	55199	55205	55209
d1ejea_	48724	50474	50475	50482
d1ejfa_	48724	49763	49764	49768
d1ek6a_	51349	51734	51735	51751
d1ek8a_	53931	55185	55194	55195
d1ek9a_	56835	56953	56954	56955
d1ekea_	51349	53066	53098	53099
d1ekja_	51349	53040	53056	53057
d1ekqa_	51349	53612	53613	53620
d1ekza_	53931	54767	54768	54769
d1el0a_	53931	54116	54117	54118
d1el6a_	53931	56557	56558	56559
d1elja_	51349	53849	53850	53851
d1elka_	46456	48370	48464	48468
d1elra_	46456	48370	48452	48453
d1elua_	51349	53382	53383	53402
d1elva1	48724	50493	50494	50514
d1elva2	56992	57534	57535	57536
d1elwa_	46456	48370	48452	48453
d1em2a_	53931	55944	55961	55966
d1em8b_	51349	102219	102220	102221
d1em9a_	46456	47942	47943	47944
d1emsa2	53931	56316	56317	56318
d1enfa1	48724	50198	50203	50219
d1enfa2	53931	54235	54334	54335
d1enwa_	46456	46928	46942	46943
d1eo0a_	46456	47667	47676	47677
d1eoka_	51349	51350	51445	51534
d1eova1	48724	50198	50249	50250
d1eova2	53931	55680	55681	55682
d1ep0a_	48724	51181	51182	51183
d1ep3a_	51349	51350	51395	51396
d1ep3b1	48724	50412	63380	63381
d1ep3b2	51349	52342	52343	52362
d1epba_	48724	50813	50814	50815
d1epfa1	48724	48725	48726	49159
d1epwa1	48724	49898	49899	49956
d1epwa2	48724	50352	50386	50399
d1epwa3	53931	55485	55486	55512
d1eq1a_	46456	47856	47857	47858
d1eq2a_	51349	51734	51735	51751
d1eq9a_	48724	50493	50494	50514
d1eqfa1	46456	47363	47370	47371
d1erda_	46456	47013	47014	47015
d1erja_	48724	50964	50978	50979
d1es5a_	56572	56600	56601	56602
d1es9a_	51349	52171	52266	52273
d1esca_	51349	52171	52266	52267
d1esfa1	48724	50198	50203	50219
d1esfa2	53931	54235	54334	54335
d1et9a1	48724	50198	50203	50219
d1et9a2	53931	54235	54334	54335
d1etea_	46456	47265	47266	47286
d1etxa_	46456	46688	46689	100918
d1eu1a1	48724	50684	50692	50696
d1eu1a2	51349	53705	53706	53707
d1eu3a1	48724	50198	50203	50219
d1eu3a2	53931	54235	54334	54335
d1eu8a_	51349	53849	53850	53851
d1eucb1	51349	52171	52210	52211
d1eucb2	53931	56058	56059	56081
d1euha_	51349	53719	53720	53721
d1ev0a_	53931	55228	55229	55230
d1ev7a_	51349	52979	52980	53005
d1evha_	48724	50728	50729	50767
d1evsa_	46456	47265	47266	47267
d1evya1	46456	48178	48179	48197
d1evya2	51349	51734	51735	51868
d1ew0a_	53931	55769	55785	55789
d1ew4a_	53931	55382	55387	55388
d1ewfa1	53931	55393	55394	55395
d1ewqa1	46456	48333	48334	48335
d1ewqa3	51349	53066	53150	53151
d1ewqa4	53931	55266	55271	55272
d1ewsa_	56992	57391	57392	57393
d1ex0a1	48724	48725	81296	81289
d1ex0a2	48724	48725	49309	49310
d1ex0a4	53931	54000	54001	54044
d1ex2a_	51349	52953	52972	52976
d1ex4a1	48724	50036	50122	50123
d1exea_	46456	47728	47729	47730
d1exha_	48724	49379	49384	49385
d1exka_	56992	57937	57938	57939
d1exqa_	51349	53066	53098	53107
d1exra_	46456	47472	47473	47502
d1exta1	56992	57585	57586	57587
d1exta2	56992	57585	57586	57587
d1exta3	56992	57585	57586	57587
d1eyba_	48724	51181	51182	51194
d1eyea_	51349	51350	51717	51718
d1eyfa_	56992	57883	57884	57885
d1eyha_	46456	48370	48464	48465
d1eyqa_	53931	54625	54626	54627
d1eysh2	56835	81407	81490	81489
d1eyva_	46456	48012	48013	48014
d1ez0a_	51349	53719	53720	53721
d1ez3a_	46456	47654	47661	47662
d1ez4a2	53931	56326	56327	56328
d1ezfa_	46456	48575	48576	48580
d1ezga_	48724	51125	51156	51157
d1ezia_	51349	53447	53448	68901
d1ezwa_	51349	51350	51679	51687
d1f00i1	48724	48725	49373	49374
d1f00i3	53931	56435	56436	56472
d1f06a1	51349	51734	51735	51800
d1f06a2	53931	55346	55347	55368
d1f0la1	48724	49379	49380	49381
d1f0la2	53931	56398	56399	56400
d1f0la3	56835	56836	56845	56846
d1f0xa1	53931	54861	55103	55109
d1f0xa2	53931	56175	56176	56177
d1f0ya1	46456	48178	48179	48187
d1f0ya2	51349	51734	51735	51868
d1f15a_	48724	88632	88633	88639
d1f1ea_	46456	47112	47113	47129
d1f1ma_	46456	47161	63515	63516
d1f1sa2	48724	48725	81296	81282
d1f1sa3	48724	49862	49863	49864
d1f1ua1	53931	54592	54593	54602
d1f20a1	48724	50412	63380	50438
d1f20a2	51349	52342	52343	52365
d1f2ea1	46456	47615	47616	47617
d1f2la_	53931	54116	54117	54118
d1f2na_	48724	88632	88633	88643
d1f2qa1	48724	48725	48726	49159
d1f2ri_	53931	54235	54277	54278
d1f2t.1	51349	52539	52540	52686
d1f32a_	53931	55148	55149	55150
d1f35a_	48724	63696	63697	63698
d1f39a_	48724	51305	51306	51307
d1f3ka_	56992	57015	57059	57060
d1f3ua_	48724	50915	50916	50917
d1f3ub_	48724	50915	50916	50917
d1f3va_	53931	54861	55044	55045
d1f44a1	46456	47768	47823	47824
d1f44a2	53931	56348	56349	56350
d1f45b_	46456	47265	47266	47267
d1f46a_	53931	55944	64383	64384
d1f4pa_	51349	52171	52218	52219
d1f53a_	48724	49694	49695	49716
d1f56a_	48724	49502	49503	49504
d1f5ma_	53931	55769	55781	55782
d1f5na1	46456	48339	48340	48341
d1f5na2	51349	52539	52540	52592
d1f5qb1	46456	47953	47954	47955
d1f5va_	53931	55468	55469	55470
d1f5xa_	46456	48064	48065	48066
d1f60a2	48724	50464	50465	50466
d1f60a3	51349	52539	52540	52592
d1f60b_	53931	54861	54984	54985
d1f6ba_	51349	52539	52540	52592
d1f6fa_	46456	47265	47266	47267
d1f6fb1	48724	48725	49265	49266
d1f74a_	51349	51350	51569	51570
d1f75a_	51349	64004	64005	64006
d1f7ca_	46456	48349	48350	48351
d1f7da_	48724	51268	51283	51284
d1f7la_	53931	56213	56214	64418
d1f7ua1	46456	47322	47323	47324
d1f7ua2	51349	52373	52374	52375
d1f7ua3	53931	55185	55190	55191
d1f81a_	56992	57932	57933	57934
d1f86a_	48724	49451	49472	49473
d1f89a_	53931	56316	56317	56318
d1f8fa1	48724	50128	50129	50136
d1f8fa2	51349	51734	51735	51736
d1f8v.1	48724	88632	88633	88638
d1f8ya_	51349	52171	52309	52310
d1f94a_	56992	57301	57302	57303
d1f97a1	48724	48725	48726	48727
d1f97a2	48724	48725	48726	49159
d1f9va_	51349	52539	52540	52641
d1f9za_	53931	54592	54593	54594
d1fada_	46456	47985	47986	81312
d1fafa_	46456	46556	46565	46566
d1faoa_	48724	50728	50729	50730
d1faqa_	56992	57888	57889	57890
d1fasa_	56992	57301	57302	57303
d1fbva4	56992	57849	57850	57851
d1fc3a_	46456	46688	46894	46903
d1fc6a3	48724	50155	50156	68933
d1fc6a4	51349	52095	52096	52100
d1fcda1	51349	51904	51905	51943
d1fcda3	53931	55423	55424	55425
d1fcdc1	46456	46625	46626	46680
d1fcha_	46456	48370	48452	48453
d1fcqa_	51349	51350	51445	69387
d1fcya_	46456	48507	48508	48509
d1fd3a_	56992	57391	57392	57393
d1fd9a_	53931	54533	54534	54535
d1fdra1	48724	50412	63380	63381
d1fdra2	51349	52342	52343	52344
d1feca1	51349	51904	51905	51943
d1feca2	51349	51904	51905	51943
d1feca3	53931	55423	55424	55425
d1fepa_	56835	56924	56935	56948
d1feua_	48724	50714	50715	50716
d1fexa_	46456	46688	46689	46739
d1ff4a_	56992	57301	57302	57303
d1ffgb_	53931	54861	55052	55053
d1ffta_	56835	81443	81442	81441
d1fftb2	56835	81334	81464	81463
d1ffya1	46456	47322	47323	47324
d1ffya2	48724	50676	50677	50678
d1ffya3	51349	52373	52374	52375
d1fg7a_	51349	53382	53383	53384
d1fgja_	46456	48694	48695	48711
d1fgya_	48724	50728	50729	50730
d1fhga_	48724	48725	48726	49159
d1fhoa_	48724	50728	50729	50730
d1fi4a1	53931	54210	54211	54232
d1fi4a2	53931	54861	55060	64281
d1fi6a_	46456	47472	47473	47543
d1fioa_	46456	47654	47661	47662
d1fita_	53931	54196	54197	54198
d1fiua_	51349	52979	52980	53008
d1fj7a_	53931	54861	54928	54929
d1fjca_	53931	54861	54928	54929
d1fjha_	51349	51734	51735	51751
d1fjna_	56992	57015	57095	57160
d1fjra_	48724	63876	63877	63878
d1fk5a_	46456	47698	47699	47700
d1fkma1	46456	47916	47923	47924
d1fkma2	46456	47916	47923	47924
d1fl2a1	51349	51904	51905	51943
d1flca1	48724	49817	49818	49826
d1flca2	51349	52171	52266	52270
d1flei_	56992	57015	57256	57257
d1flga_	48724	50997	50998	50999
d1fltv_	56992	57500	57501	57502
d1fltx_	48724	48725	48726	49159
d1fm0d_	53931	54235	54285	54286
d1fm0e_	53931	54664	54690	54691
d1fmba_	48724	50629	50630	50631
d1fmca_	51349	51734	51735	51751
d1fmja_	51349	52539	52540	52575
d1fmta1	48724	50485	50486	50487
d1fmta2	51349	53327	53328	53329
d1fn9a_	53931	64464	64465	64466
d1fnaa_	48724	48725	49265	49266
d1fnfa1	48724	48725	49265	49266
d1fnha1	48724	48725	49265	49266
d1fnna1	46456	46688	46785	46819
d1fnna2	51349	52539	52540	81269
d1fnoa3	53931	54861	55031	55032
d1fnoa4	51349	53162	53187	53204
d1fo0b_	48724	48725	48726	48727
d1fo5a_	51349	52832	52833	52834
d1fo8a_	51349	53447	53448	64136
d1foea1	46456	48064	48065	48066
d1foea2	48724	50728	50729	50730
d1fp0a1	56992	57902	57903	57911
d1fp1d1	46456	46688	46785	63475
d1fp1d2	51349	53334	53335	64111
d1fp2a1	46456	46688	46785	63475
d1fp2a2	51349	53334	53335	64111
d1fp3a_	46456	48207	48208	48222
d1fp5a1	48724	48725	48726	48942
d1fp5a2	48724	48725	48726	48942
d1fpoa1	46456	46556	46565	46566
d1fpoa2	46456	47143	47144	47145
d1fpza_	51349	52798	52799	52800
d1fr3a_	48724	50198	50331	50332
d1frea_	56992	57844	57845	57846
d1fs0g_	51349	52934	52943	52944
d1fs1a1	46456	81385	81383	81381
d1fs1b1	46456	81384	81382	81380
d1fs1b2	53931	54694	54695	54696
d1fsea_	46456	46688	46894	46900
d1fsha_	46456	46688	46785	63483
d1fsua_	51349	53648	53649	53653
d1ft5a_	46456	48694	48695	48711
d1ft9a1	46456	46688	46785	46796
d1ft9a2	48724	51181	51206	51207
d1ftpa_	48724	50813	50814	50847
d1ftra1	53931	54861	55112	55113
d1fu3a_	56992	57015	57059	57060
d1fuia1	48724	50412	50443	50444
d1fuia2	51349	53742	53743	53744
d1fuka_	51349	52539	52540	81268
d1fvga_	53931	54861	55068	55069
d1fvia1	48724	50198	50249	50307
d1fvia2	53931	56058	56091	56092
d1fvra_	53931	56111	56112	88854
d1fwxa1	48724	49502	49503	63392
d1fwxa2	48724	50964	50974	50975
d1fx2a_	53931	54861	55073	55074
d1fx7a3	48724	50036	50037	50041
d1fx8a_	56835	81339	81338	56895
d1fxda_	53931	54861	54862	54877
d1fxka_	46456	46556	46579	46580
d1fxkc_	46456	46556	46579	46580
d1fxla1	53931	54861	54928	54929
d1fxoa_	51349	53447	53448	53464
d1fyea_	51349	52171	52317	52331
d1fyhb1	48724	48725	49265	49266
d1fyxa_	51349	52171	52200	52201
d1fzcb1	53931	56495	56496	56497
d1g0da1	48724	48725	81296	81289
d1g0da2	48724	48725	49309	49310
d1g0sa_	53931	55810	55811	55812
d1g12a_	53931	55485	55486	64335
d1g1ca_	48724	48725	48726	49159
d1g1pa_	56992	57015	57059	57060
d1g1ta1	53931	56435	56436	56437
d1g1ta2	56992	57015	57196	57197
d1g25a_	56992	57849	57850	57851
d1g2913	48724	50198	50331	50338
d1g2ha_	46456	46688	46689	100918
d1g2na_	46456	48507	48508	48509
d1g2oa_	51349	53162	53167	53168
d1g2qa_	51349	53270	53271	53272
d1g2ra_	53931	64375	64376	64377
d1g2sa_	53931	54116	54117	54118
d1g2ya_	46456	47405	100957	100958
d1g31a_	48724	50128	50129	50130
d1g3ka_	53931	56234	56235	56251
d1g3nc1	46456	47953	47954	47955
d1g3pa1	48724	50175	50176	50177
d1g3pa2	48724	50175	50176	50177
d1g3qa_	51349	52539	52540	52652
d1g41a_	51349	52539	52540	81269
d1g47a1	56992	57715	57716	57736
d1g4ia_	46456	48618	48619	48623
d1g4ma1	48724	48725	81296	81291
d1g4us1	46456	47161	47233	47234
d1g4us2	51349	52798	52799	52805
d1g55a_	51349	53334	53335	88786
d1g5aa1	48724	51010	51011	51012
d1g5aa2	51349	51350	51445	51446
d1g5ba_	53931	56299	56300	56310
d1g5ca_	51349	53040	53056	53057
d1g5ga1	56835	69921	69922	69923
d1g5ha1	51349	52953	52954	52955
d1g5ha2	53931	55680	55681	55682
d1g5ta_	51349	52539	52540	52670
d1g60a_	51349	53334	53335	53377
d1g61a_	53931	55908	55909	55910
d1g62a_	53931	55908	55909	55910
d1g66a_	51349	53473	53474	52260
d1g6ga_	48724	49878	49879	49885
d1g6ha_	51349	52539	52540	52686
d1g6oa_	51349	52539	52540	52670
d1g6sa_	53931	55199	55205	55209
d1g6xa_	56992	57361	57362	57363
d1g73a_	46456	46965	46984	46985
d1g7da_	46456	47932	47933	47934
d1g7ea_	51349	52832	52833	52892
d1g7oa1	46456	47615	47616	47617
d1g7oa2	51349	52832	52833	52862
d1g7sa1	48724	50412	50447	50448
d1g7sa3	51349	52155	52156	52157
d1g7sa4	51349	52539	52540	52592
d1g86a_	48724	49898	49899	49932
d1g87a2	48724	49379	49384	49390
d1g8aa_	51349	53334	53335	53342
d1g8ea_	46456	63591	63592	63593
d1g8fa1	48724	88696	88697	63801
d1g8fa2	51349	52373	52374	63979
d1g8fa3	51349	52539	52540	64011
d1g8ka1	48724	50684	50692	50696
d1g8ka2	51349	53705	53706	53707
d1g8kb_	48724	50021	50022	50023
d1g8ma2	51349	53926	53927	64198
d1g8pa_	51349	52539	52540	81269
d1g8qa_	46456	48651	48652	48653
d1g8ta_	53931	54059	54060	54066
d1g99a1	51349	53066	53067	53080
d1g9ga_	46456	48207	48208	48213
d1g9pa_	56992	57015	57059	57072
d1g9ra_	51349	53447	53448	53458
d1ga6a_	51349	52742	52743	52764
d1gaia_	46456	48207	48208	48209
d1gaka_	46456	47081	47082	47083
d1gbsa_	53931	53954	53955	53987
d1gcca_	53931	54170	54171	54175
d1gcia_	51349	52742	52743	52744
d1gcya1	48724	51010	51011	51012
d1gcya2	51349	51350	51445	51446
d1gd8a_	53931	64262	64263	64264
d1gdea_	51349	53382	53383	53384
d1gdha1	51349	51734	51735	51830
d1gdha2	51349	52171	52283	52284
d1gdna_	48724	50493	50494	50514
d1gdta1	46456	46688	46689	46728
d1geea_	51349	51734	51735	51751
d1gefa_	51349	52979	52980	64080
d1gega_	51349	51734	51735	51751
d1gena_	48724	50922	50923	50924
d1geqa_	51349	51350	51366	51381
d1gg2g_	46456	48661	48670	48671
d1gg3a1	46456	47026	47031	47032
d1gg3a2	48724	50728	50729	50776
d1gg3a3	53931	54235	54236	54256
d1gg4a1	51349	53243	53244	53245
d1gg4a3	51349	63417	63418	63419
d1gg4a4	51349	53612	53623	53624
d1gh5a_	48724	49694	49695	63693
d1gh8a_	53931	54861	54984	54985
d1gh9a_	56992	57769	57821	57822
d1ghea_	53931	55728	55729	55730
d1ghha_	53931	54856	54857	54858
d1ghja_	48724	51229	51230	51231
d1giqa1	53931	56398	56399	56400
d1gjja1	46456	63450	63451	63452
d1gjwa1	48724	51010	51011	51012
d1gjwa2	51349	51350	51445	51446
d1gk9.1	53931	56234	56235	56244
d1gkab_	48724	50813	50814	50815
d1gkpa1	48724	51337	51338	75044
d1gkpa2	51349	51350	51556	75073
d1gkra1	48724	51337	51338	75044
d1gkra2	51349	51350	51556	75073
d1gksa_	46456	46625	46626	46627
d1gkub1	51349	52539	52540	69496
d1gkub3	56572	56711	56712	56713
d1gkya_	51349	52539	52540	52541
d1gkza1	46456	47363	69012	69013
d1gkza2	53931	55873	55874	69804
d1gl0i_	56992	57282	57283	57284
d1gl1i_	56992	57282	57283	57284
d1gl4a1	53931	54510	54511	64244
d1gl4a2	56992	57015	57196	64541
d1gl4b_	48724	48725	48726	49159
d1gl5a_	48724	50036	50044	50045
d1gm5a1	46456	47161	69008	69009
d1gm5a2	48724	50198	50249	69259
d1gm5a3	51349	52539	52540	81268
d1gm5a4	51349	52539	52540	81268
d1gmea_	48724	49763	49764	49765
d1gmia_	48724	49561	49562	49563
d1gmla_	51349	52008	52029	52034
d1gmua1	48724	69286	69287	69288
d1gmua2	53931	54861	69737	69738
d1gmxa_	51349	52820	52821	69509
d1gnwa1	46456	47615	47616	47617
d1gnwa2	51349	52832	52833	52862
d1gnya_	48724	49784	49785	69216
d1go3e1	48724	50198	50249	50282
d1go3e2	53931	88797	88798	88799
d1go3f_	46456	47768	47819	69044
d1goia1	48724	51044	51055	51056
d1goia2	51349	51350	51445	51534
d1goia3	53931	54533	54556	54557
d1gp0a_	48724	50910	50911	50912
d1gp6a_	48724	51181	51197	51198
d1gpea1	51349	51904	51905	51913
d1gpea2	53931	54372	54373	54374
d1gph12	53931	56234	56235	56236
d1gpja1	46456	69074	69075	69076
d1gpja2	51349	51734	51735	51883
d1gpja3	53931	54861	69742	69743
d1gpma1	51349	52373	52402	52403
d1gpma2	51349	52171	52317	52318
d1gpma3	53931	54805	54810	54811
d1gpqa_	53931	89871	89872	89873
d1gpra_	48724	51229	51261	51262
d1gpsa_	56992	57015	57095	57170
d1gpua3	51349	52921	52922	52923
d1gq6a_	51349	52767	52768	52769
d1gq8a_	48724	51125	51126	51147
d1gqea_	56572	75619	75620	75621
d1gqia1	51349	51350	51445	82253
d1gqia2	53931	55485	55545	82737
d1gqpa_	48724	49784	49785	69210
d1gr0a1	51349	51734	51735	51800
d1gr0a2	53931	55346	55347	55368
d1gria1	48724	50036	50044	50045
d1grja1	46456	46556	46557	46558
d1grja2	53931	54533	54534	54549
d1gs0a1	46456	47586	47587	47588
d1gs5a_	51349	53632	53633	75297
d1gs9a_	46456	47161	47162	47163
d1gsha1	51349	52439	52440	52457
d1gsha2	53931	56058	56059	56060
d1gsia_	51349	52539	52540	52541
d1gska1	48724	49502	49503	49550
d1gska2	48724	49502	49503	49550
d1gsma1	48724	48725	48726	49159
d1gsoa1	48724	51229	51246	51247
d1gsoa2	51349	52439	52440	52441
d1gsoa3	53931	56058	56059	56067
d1gtda_	53931	109622	82697	82698
d1gtea1	46456	46457	46548	46553
d1gtea2	51349	51350	51395	51396
d1gtea3	51349	51904	51905	51906
d1gtea4	51349	51970	51971	51972
d1gtea5	53931	54861	54862	54884
d1gtma1	51349	51734	51735	51883
d1gtma2	51349	53222	53223	53224
d1gtta1	53931	56528	56529	56530
d1gu2a_	46456	46625	46626	46627
d1gu3a_	48724	49784	49785	74893
d1gu7a1	48724	50128	50129	50136
d1gu7a2	51349	51734	51735	51736
d1guda_	51349	53821	53822	53823
d1guia_	48724	49784	49785	74893
d1guqa1	53931	54196	54197	54207
d1guta_	48724	50198	50331	50332
d1guza2	53931	56326	56327	56328
d1gv8a_	51349	53849	53850	53888
d1gv9a_	48724	49898	49899	74904
d1gvda_	46456	46688	46689	46739
d1gvea_	51349	51350	51430	51431
d1gvfa_	51349	51350	51569	51591
d1gvha3	51349	52342	52343	52370
d1gvja_	46456	46688	46785	46859
d1gvna_	46456	46996	81710	81711
d1gvnb_	51349	52539	52540	82395
d1gvpa_	48724	50198	50249	50315
d1gvza_	48724	50493	50494	50514
d1gwca1	46456	47615	47616	47617
d1gwca2	51349	52832	52833	52862
d1gwea_	56572	56633	56634	56635
d1gwua_	46456	48112	48113	48114
d1gwya_	48724	63723	63724	63725
d1gxca_	48724	49878	49879	49885
d1gxea_	48724	48725	48726	49159
d1gxja_	53931	75552	75553	75554
d1gxqa_	46456	46688	46894	46895
d1gxua_	53931	54861	54975	54976
d1gxya_	53931	56398	56399	82814
d1gy7a_	53931	54402	54427	54431
d1gy8a_	51349	51734	51735	51751
d1gyoa_	46456	48694	48695	48696
d1gyta1	51349	52948	52949	52950
d1gyva_	48724	48725	49348	74857
d1gyya_	53931	55330	55331	55332
d1gz0a1	51349	75216	75217	75218
d1gz0a2	53931	55297	55315	75480
d1gz2a_	53931	56435	56436	56437
d1gz6a_	51349	51734	51735	51751
d1gz8a_	53931	56111	56112	88854
d1gzsb_	46456	81831	81832	81833
d1h03p1	56992	57534	57535	57536
d1h0hb_	53931	54861	54862	54884
d1h0za_	56992	100894	100895	69960
d1h12a_	46456	48207	48208	48213
d1h16a_	51349	51997	51998	51999
d1h1js_	46456	63450	68906	68907
d1h1na_	51349	51350	51445	51487
d1h1oa1	46456	46625	46626	46680
d1h21a_	46456	48694	48695	48711
d1h2ba1	48724	50128	50129	50136
d1h2ba2	51349	51734	51735	51736
d1h2ca_	48724	50011	50012	50013
d1h2ea_	51349	53253	53254	53255
d1h2ia_	53931	54767	54768	82645
d1h2ka_	48724	51181	51197	82194
d1h2sb_	56835	81334	158212	158213
d1h30a1	48724	49898	49899	49944
d1h32a1	46456	46625	46626	81677
d1h32b_	46456	46625	46626	46627
d1h3da1	51349	53849	53850	53851
d1h3da2	53931	54861	54913	88851
d1h3fa1	51349	52373	52374	52375
d1h3fa2	53931	55173	55174	75465
d1h3ga1	48724	48725	81296	81282
d1h3ga2	48724	51010	51011	51012
d1h3ga3	51349	51350	51445	51446
d1h3la_	46456	88945	88946	88947
d1h3na1	46456	47322	47323	47324
d1h3na2	48724	50676	50677	50678
d1h3na3	51349	52373	52374	52375
d1h3oa_	46456	47112	47113	47134
d1h3za_	48724	50036	63748	69250
d1h4ax1	48724	49694	49695	49696
d1h4ra1	46456	47026	47031	47032
d1h4ra2	48724	50728	50729	50776
d1h4ra3	53931	54235	54236	54256
d1h4vb1	51349	52953	52954	52955
d1h4vb2	53931	55680	55681	55682
d1h4xa_	51349	52086	52091	52092
d1h54a1	46456	48207	48208	63588
d1h54a2	48724	49993	74650	63733
d1h5oa_	56992	57391	57392	90157
d1h5qa_	51349	51734	51735	51751
d1h5wa_	56572	56825	56826	56827
d1h6da1	51349	51734	51735	51800
d1h6da2	53931	55346	55347	55376
d1h6fa_	48724	49379	49417	81316
d1h6ga1	46456	47161	47220	47221
d1h6ha_	53931	64267	64268	64269
d1h6ka1	46456	48370	48371	100908
d1h6kx_	53931	54861	54928	54929
d1h6pa_	46456	63599	63600	63601
d1h6ta2	51349	52046	52058	52059
d1h6ua2	51349	52046	52058	52059
d1h6va1	51349	51904	51905	51943
d1h6va2	51349	51904	51905	51943
d1h6va3	53931	55423	55424	55425
d1h6ya_	48724	49784	49785	49811
d1h70a_	53931	55908	55909	64380
d1h72c1	53931	54210	54211	54232
d1h72c2	53931	54861	55060	55061
d1h75a_	51349	52832	52833	52834
d1h7ca_	46456	46965	46988	46989
d1h7ea_	51349	53447	53448	68901
d1h7sa1	53931	54210	54211	54224
d1h7sa2	53931	55873	55874	55879
d1h7za_	48724	49834	49835	49836
d1h80a_	48724	51125	51126	69333
d1h8ba_	46456	47472	47473	47547
d1h8d.1	48724	50493	50494	50514
d1h8la1	48724	49451	49464	49465
d1h8la2	51349	53162	53187	53188
d1h8pa1	56992	57439	57440	57459
d1h8ua_	53931	56435	56436	56437
d1h97a_	46456	46457	46458	46463
d1h98a_	53931	54861	54862	54870
d1h99a1	46456	63519	63520	63521
d1h9aa1	51349	51734	51735	51800
d1h9aa2	53931	55346	55347	55376
d1h9db_	48724	50722	50723	50724
d1h9ka1	48724	50198	50331	50335
d1h9ra1	48724	50198	50331	50335
d1ha8a_	56992	69963	69964	69965
d1haea_	56992	57015	57196	57197
d1hbka_	46456	47026	47027	47028
d1hbna1	46456	48080	48081	48082
d1hbna2	53931	54861	55088	55094
d1hbnb1	46456	48080	48081	48082
d1hbnb2	53931	54861	55088	55094
d1hbnc_	53931	54861	55088	55089
d1hbxg_	46456	46688	46785	46859
d1hc1a1	46456	48049	48050	48051
d1hc1a2	46456	48055	48056	48057
d1hc1a3	48724	48725	81296	81283
d1hc7a1	51349	52953	52954	52955
d1hc7a2	53931	55680	55681	55682
d1hc7a3	53931	55199	64586	64587
d1hcca_	56992	57534	57535	57536
d1hcda_	48724	50352	50405	50409
d1hcia1	46456	46965	46966	46967
d1hcna_	56992	57500	57501	57528
d1hcnb_	56992	57500	57501	57528
d1hd6a_	46456	47013	47014	47015
d1hdca_	51349	51734	51735	51751
d1hdfa_	48724	49694	49695	49696
d1hdha_	51349	53648	53649	53653
d1hdla_	56992	100894	100895	69960
d1hdma1	48724	48725	48726	48942
d1hdma2	53931	54451	54452	54453
d1hdmb1	48724	48725	48726	48942
d1hdmb2	53931	54451	54452	54453
d1hdoa_	51349	51734	51735	51751
d1hf2a1	48724	51125	63848	63849
d1hf2a2	51349	64042	64043	64044
d1hf8a1	46456	46965	89009	100929
d1hf8a2	46456	48370	48464	100911
d1hfel2	53931	54861	54862	54884
d1hfes_	46456	48661	48674	48675
d1hfia_	56992	57534	57535	57536
d1hfua1	48724	49502	49503	49550
d1hfua2	48724	49502	49503	49550
d1hfua3	48724	49502	49503	49550
d1hg8a_	48724	51125	51126	51137
d1hgxa_	51349	53270	53271	53272
d1hh1a_	51349	52979	52980	64080
d1hh2p1	48724	50198	50249	50282
d1hh2p4	53931	69704	69705	69706
d1hh8a_	46456	48370	48452	48453
d1hi9a_	51349	63991	63992	63993
d1hj9a_	48724	50493	50494	50514
d1hjra_	51349	53066	53098	53134
d1hjua_	51349	51350	51445	51487
d1hk8a_	51349	51997	51998	52005
d1hkfa_	48724	48725	48726	48727
d1hkqa_	46456	46688	46785	46816
d1hksa_	46456	46688	46785	46873
d1hkva1	48724	50614	50621	88683
d1hkva2	51349	51350	51419	51420
d1hl9a1	48724	51010	51011	101928
d1hl9a2	51349	51350	51445	102079
d1hlba_	46456	46457	46458	46463
d1hlqa_	56992	57651	57652	57653
d1hlva1	46456	46688	46689	46756
d1hm9a1	48724	51160	51161	51171
d1hm9a2	51349	53447	53448	53461
d1hn0a1	46456	48207	48230	48234
d1hn0a2	48724	49784	49785	89236
d1hn0a3	48724	49862	49863	49864
d1hn0a4	48724	49993	74650	50006
d1hn6a_	56992	82909	82910	82911
d1hnfa1	48724	48725	48726	48727
d1hnja1	51349	53900	53901	53914
d1hnra_	46456	81274	81273	81272
d1ho8a_	46456	48370	48371	63614
d1hp1a1	53931	55815	55816	55817
d1hp1a2	53931	56299	56300	56307
d1hp8a_	46456	47071	47072	47073
d1hpia_	56992	57651	57652	57653
d1hq0a_	53931	64437	64438	64439
d1hq1a_	46456	47445	47446	47447
d1hq8a_	53931	56435	56436	56437
d1hqsa_	51349	53658	53659	53660
d1hqva_	46456	47472	47473	63550
d1hqz1_	53931	55752	55753	55762
d1hr6a1	53931	63410	63411	63412
d1hrua_	53931	55820	55821	55822
d1hs7a_	46456	47654	47661	47662
d1hsja1	46456	46688	46785	63379
d1hska1	53931	56175	56176	56184
d1hska2	53931	56193	56194	56195
d1hssa_	46456	47698	47699	47708
d1hsta_	46456	46688	46785	46827
d1ht6a1	48724	51010	51011	51012
d1ht6a2	51349	51350	51445	51446
d1htr.1	48724	50629	50630	50646
d1htwa_	51349	52539	52540	75213
d1hufa_	53931	64448	64449	64450
d1hula_	46456	47265	47266	47286
d1huwa_	46456	47265	47266	47267
d1huxa_	51349	53066	53067	64089
d1hv2a_	53931	54694	54695	54696
d1hv8a1	51349	52539	52540	81268
d1hw1a1	46456	46688	46785	46804
d1hw1a2	46456	48007	48008	48009
d1hw7a_	53931	64396	64397	64398
d1hwma_	53931	56370	56371	56372
d1hwtc1	56992	57700	57701	57702
d1hx0a1	48724	51010	51011	51012
d1hx0a2	51349	51350	51445	51446
d1hx2a_	56992	57566	57567	57577
d1hx6a1	48724	88632	49749	49750
d1hx6a2	48724	88632	49749	49750
d1hxha_	51349	51734	51735	51751
d1hxia_	46456	48370	48452	48453
d1hxma1	48724	48725	48726	48727
d1hxma2	48724	48725	48726	48942
d1hxmb1	48724	48725	48726	48727
d1hxmb2	48724	48725	48726	48942
d1hxna_	48724	50922	50923	50924
d1hxra_	48724	51315	51316	51317
d1hxva_	53931	54533	54534	54535
d1hy5a_	46456	47161	47233	47234
d1hy9a_	56992	57015	64546	64547
d1hyea1	51349	51734	51735	51848
d1hyea2	53931	56326	56327	56328
d1hyha1	51349	51734	51735	51848
d1hyha2	53931	56326	56327	56328
d1hyka_	56992	57015	57055	57056
d1hynp_	53931	55803	55804	64362
d1hyoa1	48724	50036	63433	63434
d1hyoa2	53931	56528	56529	56530
d1hypa_	46456	47698	47699	47700
d1hyrc1	48724	48725	48726	48942
d1hyrc2	53931	54451	54452	54453
d1hyua3	51349	52832	52833	52849
d1hywa_	53931	64209	64210	64211
d1hz4a_	46456	48370	48452	69094
d1hzda_	51349	52095	52096	52103
d1hzea_	48724	50412	63380	63783
d1hzfa_	46456	48207	48239	48251
d1hzma_	51349	52820	52821	52822
d1i07a_	48724	50036	50044	50045
d1i0ra_	48724	50474	50475	50482
d1i0va_	53931	53932	53933	81311
d1i0za1	51349	51734	51735	51848
d1i12a_	53931	55728	55729	55730
d1i16a_	48724	50155	50156	50172
d1i17a_	53931	54097	54098	54099
d1i1ga2	53931	54861	54909	69733
d1i1ja_	48724	50036	50044	50045
d1i1na_	51349	53334	53335	53354
d1i1ra1	48724	48725	49265	49266
d1i1rb_	46456	47265	47266	47267
d1i1wa_	51349	51350	51445	51487
d1i25a_	56992	57015	57059	57072
d1i2aa_	56572	56807	56808	56809
d1i2ka_	56572	56751	56752	56753
d1i2ta_	46456	63569	63570	63571
d1i36a1	46456	48178	48179	74762
d1i36a2	51349	51734	51735	51868
d1i39a_	51349	53066	53098	53099
d1i3ja_	53931	64495	64496	64497
d1i3oe_	56992	57923	57924	57925
d1i3za_	53931	55549	55550	55551
d1i42a_	53931	54235	54236	54250
d1i4da_	46456	116747	103657	64599
d1i4ja_	53931	54842	54843	54844
d1i4na_	51349	51350	51366	51381
d1i4ua_	48724	50813	50814	50815
d1i4wa_	51349	53334	53335	88784
d1i52a_	51349	53447	53448	68901
d1i58a_	53931	55873	55874	55884
d1i5na_	46456	47161	47226	63512
d1i5pa1	48724	49784	49785	49796
d1i5pa2	48724	51091	51096	51097
d1i5pa3	56835	56836	56849	56850
d1i5za1	46456	46688	46785	46796
d1i5za2	48724	51181	51206	51210
d1i60a_	51349	51350	51658	75090
d1i6aa_	51349	53849	53850	53851
d1i6la_	51349	52373	52374	52375
d1i6ua_	53931	56046	56047	56048
d1i71a_	56992	57439	57440	57441
d1i77a_	46456	48694	48695	48696
d1i7da_	56572	56711	56712	56713
d1i7ka_	53931	54494	54495	54496
d1i7na1	51349	52439	52440	52463
d1i7na2	53931	56058	56059	56078
d1i7qa_	53931	56321	56322	56323
d1i7qb_	51349	52171	52317	52318
d1i8aa_	48724	48725	49344	63677
d1i8na_	56992	57413	57414	64556
d1i8oa_	46456	46625	46626	46627
d1i8ta1	51349	51970	51971	69427
d1i8xa_	56992	57015	57277	57278
d1i9ga_	51349	53334	53335	64117
d1i9sa_	51349	52798	52799	52800
d1i9za_	53931	56218	56219	64422
d1ia6a_	46456	48207	48208	48213
d1ia9a_	53931	56111	56112	64408
d1iama1	48724	48725	48726	49142
d1iama2	48724	48725	48726	49159
d1iapa_	46456	48096	48097	48098
d1iarb1	48724	48725	49265	49266
d1ib8a1	48724	50181	74942	74943
d1ib8a2	53931	54805	75420	75421
d1ibia1	56992	57715	57716	57736
d1ibja_	51349	53382	53383	53402
d1ibya_	48724	49502	49503	63392
d1ic8a2	46456	47412	47413	47414
d1icaa_	56992	57015	57095	57163
d1icfi_	56992	57609	57610	57611
d1icha_	46456	47985	47986	81312
d1id0a_	53931	55873	55874	55884
d1id1a_	51349	51734	51735	63944
d1idpa_	53931	54402	54427	54428
d1iega_	48724	50788	50789	50790
d1ifca_	48724	50813	50814	50847
d1ig0a1	48724	51181	63862	63863
d1ig0a2	51349	63998	63999	64000
d1ig3a1	48724	51181	63862	63863
d1ig3a2	51349	63998	63999	64000
d1ig4a_	53931	54170	54171	54178
d1ig6a_	46456	46688	46774	46775
d1ig8a1	51349	53066	53067	53083
d1igna1	46456	46688	46689	46753
d1igna2	46456	46688	46689	46753
d1igqa_	48724	50036	50037	69242
d1igra1	51349	52046	52058	52071
d1igra3	56992	57015	57184	57185
d1ih7a1	51349	53066	53098	53118
d1ih7a2	56572	56671	56672	56673
d1ihga1	46456	48370	48452	48453
d1ihja_	48724	50155	50156	50157
d1ihma_	48724	88632	88633	88637
d1ihua1	51349	52539	52540	52652
d1ii2a2	51349	68922	68923	68924
d1iiba_	51349	52787	52794	52795
d1iiea_	46456	48304	48305	48306
d1ij5a_	46456	47472	47473	81758
d1ijba_	51349	53299	53300	53301
d1ijqa1	48724	50938	63825	63826
d1ijqa2	56992	57015	57196	57197
d1ijta_	48724	50352	50353	50354
d1ijwc_	46456	46688	46689	46728
d1ijya_	46456	63500	63501	63502
d1ik9a1	48724	50808	50809	50810
d1iknd_	53931	74651	48403	48404
d1ikpa1	48724	49898	49899	49962
d1ikpa2	53931	56398	56399	56400
d1ikpa3	56835	56836	56864	56865
d1ikta_	53931	55717	55718	55719
d1ilea1	46456	47322	47323	47324
d1ilea3	51349	52373	52374	52375
d1iloa_	51349	52832	52833	52834
d1im3d_	48724	48725	81296	81285
d1im5a_	51349	52498	52499	100948
d1im8a_	51349	53334	53335	69544
d1imhc1	48724	48725	81296	81279
d1imja_	51349	53473	53474	75285
d1imta1	56992	57015	57190	57191
d1imva_	56572	56573	56574	56575
d1in0a1	53931	54861	89963	89964
d1in4a1	46456	46688	46785	46819
d1in4a2	51349	52539	52540	81269
d1inla_	51349	53334	53335	69557
d1inpa_	56572	56654	56655	56656
d1io0a_	51349	52046	52047	52048
d1io1a_	56572	64517	64518	64519
d1io7a_	46456	48263	48264	48265
d1ioma_	46456	48255	48256	48257
d1iooa_	53931	55894	55895	55896
d1iowa1	51349	52439	52440	52452
d1iowa2	53931	56058	56059	56060
d1ipaa1	51349	75216	75217	75218
d1ipaa2	53931	55297	55315	75480
d1iq0a1	46456	47322	47323	47324
d1iq0a2	51349	52373	52374	52375
d1iq0a3	53931	55185	55190	55191
d1iq4a_	53931	55281	55282	55283
d1iq6a_	53931	54636	54637	82636
d1iq8a1	51349	51350	51713	51714
d1iq8a3	48724	88696	88697	88698
d1iq8a4	53931	54402	88802	88803
d1iqca1	46456	46625	46626	46685
d1iqoa_	53931	75411	75412	75413
d1iqpa1	46456	48018	48019	48020
d1iqpa2	51349	52539	52540	81269
d1iqqa_	53931	55894	55895	55896
d1iqva_	46456	47972	47973	47974
d1iqza_	53931	54861	54862	54877
d1ir6a_	51349	64181	64182	75323
d1iray1	48724	48725	48726	49159
d1irqa_	46456	47597	47598	100971
d1irxa1	46456	48162	48163	74759
d1irxa2	51349	52373	52374	52375
d1irza_	46456	46688	46689	81683
d1is3a_	48724	49898	49899	49932
d1isia_	51349	52171	52309	56630
d1ispa_	51349	53473	53474	53570
d1isua_	56992	57651	57652	57653
d1it2a_	46456	46457	46458	46463
d1itha_	46456	46457	46458	46463
d1itua_	51349	51350	51556	75079
d1itva_	48724	50922	50923	50924
d1itxa1	51349	51350	51445	51534
d1itxa2	53931	54533	54556	54557
d1iu4a_	53931	54000	54001	75336
d1iu8a_	51349	53162	53182	53183
d1iufa1	46456	46688	46689	46756
d1iuga_	51349	53382	53383	53402
d1iuha_	53931	55143	55144	89967
d1iuja_	53931	54861	54909	102959
d1iuka_	51349	51734	51735	51900
d1iv0a_	51349	53066	53098	102485
d1iv3a_	53931	55297	69765	69766
d1iv8a1	48724	51010	51011	51012
d1iv8a2	51349	51350	51445	51446
d1ivha1	46456	47363	47203	47204
d1ivha2	56572	56644	56645	56646
d1ivsa1	46456	46556	46589	81635
d1ivsa2	46456	47322	47323	47324
d1ivsa4	51349	52373	52374	52375
d1ivya_	51349	53473	53474	53499
d1iw4a_	56992	100894	100895	57468
d1iwga1	53931	54861	82693	82694
d1iwga5	53931	82713	82714	82715
d1iwga7	56835	82865	82866	82867
d1iwma_	48724	89391	89392	89396
d1ix2a_	48724	48725	81296	81969
d1ix9a1	46456	46556	46609	46610
d1ix9a2	53931	54718	54719	54720
d1ixca1	46456	46688	46785	88979
d1ixca2	51349	53849	53850	53851
d1ixha_	51349	53849	53850	53851
d1ixka_	51349	53334	53335	102575
d1ixla_	53931	54636	54637	89902
d1ixma_	53931	55889	55890	55891
d1ixra1	46456	47768	47781	47782
d1ixra2	48724	50198	50249	50259
d1ixsa_	46456	46928	46929	46930
d1ixta_	56992	57015	57059	57060
d1iy8a_	51349	51734	51735	51751
d1iyca_	56992	57624	57625	90179
d1iyjb1	46456	81871	81872	81873
d1iyjb2	46456	81877	81878	81879
d1iyjb3	48724	50198	50249	50263
d1iyjb5	48724	50198	50249	50263
d1iyka1	53931	55728	55729	55748
d1iyra_	46456	81782	81783	81784
d1iyua_	48724	51229	51230	51231
d1iz0a1	48724	50128	50129	50136
d1iz0a2	51349	51734	51735	51736
d1iz5a1	53931	55978	55979	55983
d1iz6a1	48724	50036	50104	50110
d1izca_	51349	51350	51621	51638
d1izma_	46456	101326	101327	101328
d1j09a1	46456	48162	48163	48164
d1j09a2	51349	52373	52374	52375
d1j0aa_	51349	53685	53686	53687
d1j0ha1	48724	48725	81296	81282
d1j0ha2	48724	51010	51011	51012
d1j0pa_	46456	48694	48695	48696
d1j0ta_	46456	81777	81778	81779
d1j1ba_	53931	56111	56112	88854
d1j1ia_	51349	53473	53474	53522
d1j1ja_	46456	48370	74784	74785
d1j1la_	48724	51181	51182	101984
d1j1ta_	48724	49898	49899	101649
d1j1va_	46456	46688	48295	81695
d1j24a_	51349	52979	52980	89716
d1j27a_	53931	54861	103007	103008
d1j2ga1	53931	55619	55620	55633
d1j2jb_	46456	46965	89009	89010
d1j2la_	56992	57551	57552	57553
d1j2ma_	46456	81789	81790	81791
d1j2ra_	51349	52498	52499	100948
d1j30a_	46456	47239	47240	47241
d1j34a_	53931	56435	56436	56437
d1j34c_	56992	57629	57630	57631
d1j3aa_	51349	52160	52161	52162
d1j3ba2	51349	68922	68923	68924
d1j3da_	46456	47094	47095	47096
d1j3ma_	53931	55944	103247	103248
d1j3wa_	53931	55769	103196	103197
d1j48a_	48724	48725	49319	49320
d1j4aa2	51349	52171	52283	52284
d1j4wa1	53931	54790	54791	54792
d1j56a_	51349	52171	52172	52173
d1j5ja_	56992	57015	57095	57116
d1j5pa3	53931	55346	55347	55368
d1j5pa4	51349	51734	51735	51800
d1j5wa_	53931	55680	55681	55682
d1j5xa_	51349	53696	53697	53698
d1j5ya1	46456	46688	46785	46786
d1j5ya2	53931	55593	75500	75501
d1j6qa_	48724	50198	82093	82094
d1j6ua1	51349	51983	51984	51985
d1j6ua2	51349	53243	53244	53245
d1j6ua3	51349	53612	53623	53624
d1j6wa_	53931	63410	63411	64294
d1j77a_	46456	48612	48613	63627
d1j7na1	53931	55485	55486	69775
d1j7qa_	46456	47472	47473	47502
d1j7xa_	51349	52095	52096	52100
d1j83a_	48724	49784	49785	69219
d1j8ba_	53931	82606	82607	82608
d1j8ia_	53931	54116	54117	54118
d1j8ka_	48724	48725	49265	49266
d1j8mf1	46456	47161	47364	47365
d1j8ra_	48724	49379	49401	63680
d1j8ua_	53931	56533	56534	56535
d1j93a_	51349	51350	51726	51727
d1j97a_	51349	56783	56784	64511
d1j98a_	53931	63410	63411	64294
d1j99a_	51349	52539	52540	52575
d1j9ba_	51349	52832	52833	69518
d1j9ia_	46456	46954	46955	74696
d1ja1a1	48724	50412	63380	50438
d1ja1a2	51349	52171	52218	52231
d1ja1a3	51349	52342	52343	52365
d1ja9a_	51349	51734	51735	51751
d1jaka1	51349	51350	51445	51550
d1jaka2	53931	55485	55545	55546
d1jala1	51349	52539	52540	52592
d1jala2	53931	54235	81271	82583
d1jatb_	53931	54494	54495	54496
d1jaya_	51349	51734	51735	51868
d1jb0a_	56835	81559	81558	81557
d1jb0c_	53931	54861	54862	54870
d1jb0d_	53931	64233	64234	64235
d1jb0e_	48724	50036	50090	50094
d1jb0f_	56835	81407	81536	81535
d1jb0i_	56835	81407	81540	81539
d1jb0j_	56835	81407	81544	81543
d1jb0k_	56835	81564	81563	81562
d1jb0l_	56835	81569	81568	81567
d1jb0m_	56835	81407	81548	81547
d1jb3a_	48724	50198	50242	63767
d1jb7a1	48724	50198	50249	50263
d1jb7b_	48724	50198	50249	50263
d1jbaa_	46456	47472	47473	47502
d1jbea_	51349	52171	52172	52173
d1jbia_	53931	69847	69848	69849
d1jbja1	48724	48725	48726	49159
d1jbqa_	51349	53685	53686	53687
d1jc4a_	53931	54592	54593	64257
d1jcfa1	51349	53066	53067	53068
d1jcua_	53931	55820	55821	55822
d1jd0a_	48724	51068	51069	51070
d1jd5a_	56992	57923	57924	57925
d1jdha_	46456	48370	48371	48372
d1jdpa_	51349	53821	53822	53823
d1jdwa_	53931	55908	55909	55914
d1je0a_	51349	53162	53167	53168
d1je5a_	48724	50198	50249	50315
d1jeqa1	46456	63450	68906	68907
d1jeta_	51349	53849	53850	53851
d1jeya1	48724	100938	100939	100940
d1jeya2	51349	53299	53300	100959
d1jeyb1	48724	100938	100939	100943
d1jeyb2	51349	53299	53300	100962
d1jf8a_	51349	52787	52788	52789
d1jfba_	46456	48263	48264	48265
d1jfia_	46456	47112	47113	47134
d1jfib_	46456	47112	47113	47134
d1jfla1	51349	53670	53681	53682
d1jfma_	53931	54451	54452	54453
d1jfra_	51349	53473	53474	53555
d1jfua_	51349	52832	52833	52901
d1jfxa_	51349	51350	51445	63912
d1jg1a_	51349	53334	53335	53354
d1jg5a_	53931	69760	69761	69762
d1jgka_	56992	57301	57302	57303
d1jgsa_	46456	46688	46785	63379
d1jgta1	51349	52373	52402	52403
d1jgta2	53931	56234	56235	56236
d1jh3a_	53931	55173	55174	75465
d1jh6a_	53931	55143	55144	55145
d1jhda1	48724	88696	88697	63801
d1jhda2	51349	52373	52374	63979
d1jhfa1	46456	46688	46785	46789
d1jhfa2	48724	51305	51306	51307
d1jhga_	46456	46688	48295	48296
d1jhja_	48724	49784	49785	69210
d1jhna3	48724	63886	63887	63888
d1jhna4	48724	49898	49899	69236
d1jhsa_	53931	55723	55724	55725
d1ji0a_	51349	52539	52540	52686
d1ji1a1	48724	48725	81296	81282
d1ji1a2	48724	51010	51011	51012
d1ji1a3	51349	51350	51445	51446
d1ji6a1	48724	49784	49785	49796
d1ji6a2	48724	51091	51096	51097
d1ji6a3	56835	56836	56849	56850
d1ji7a_	46456	47768	47769	47770
d1jida_	53931	69694	69695	69696
d1jiga_	46456	47239	47240	47241
d1jiha1	53931	100878	100879	100880
d1jiha2	56572	56671	56672	100888
d1jiwi_	48724	50875	50882	50883
d1jixa_	51349	53755	53756	53757
d1jjca_	53931	55680	55681	55682
d1jjcb1	46456	46954	46955	46956
d1jjcb3	48724	50198	50249	50277
d1jjcb4	53931	54861	54991	54992
d1jjcb5	53931	55680	55681	55682
d1jjcb6	48724	56036	56037	56038
d1jjda_	56992	57867	57868	57869
d1jjfa_	51349	53473	53474	53487
d1jjga_	48724	50198	50249	50282
d1jjo.1	56572	56573	56574	56575
d1jjta_	53931	56280	56281	56282
d1jkea_	51349	69499	69500	69501
d1jkga_	53931	54402	54427	54431
d1jkma_	51349	53473	53474	53487
d1jkva_	46456	47239	47240	100951
d1jkxa_	51349	53327	53328	53329
d1jl0a_	53931	56275	56276	56277
d1jl1a_	51349	53066	53098	53099
d1jl5a_	51349	52046	52058	69433
d1jl7a_	46456	46457	46458	46463
d1jlia_	46456	47265	47266	47286
d1jlva1	46456	47615	47616	47617
d1jlva2	51349	52832	52833	52862
d1jlya1	48724	50352	50382	50383
d1jm1a_	48724	50021	50022	50023
d1jm7a_	56992	57849	57850	57851
d1jm7b_	56992	57849	57850	57851
d1jmaa_	48724	48725	48726	48727
d1jmab1	56992	57585	57586	57587
d1jmab2	56992	57585	57586	57587
d1jmca1	48724	50198	50249	50263
d1jmja_	56572	56573	56574	56575
d1jmkc_	51349	53473	53474	69584
d1jmma_	48724	49993	74914	74915
d1jmsa1	46456	47768	47802	47803
d1jmsa3	46456	47768	81585	81584
d1jmsa4	53931	81302	81301	81300
d1jmta_	53931	54861	54928	64276
d1jmu.1	56572	69907	69908	69909
d1jmva_	51349	52373	52402	52436
d1jmxa1	46456	46625	46626	68956
d1jmxa3	48724	48725	81296	81294
d1jmxa5	48724	50875	69298	69299
d1jmxb_	48724	50964	50969	69309
d1jnda1	51349	51350	51445	51534
d1jnda2	53931	54533	54556	54557
d1jnia_	46456	48694	48695	48711
d1jnra1	46456	46965	46977	46978
d1jnra2	51349	51904	51905	51934
d1jnra3	53931	56424	56425	56426
d1jnrb_	53931	54861	54862	54884
d1jnsa_	53931	54533	54534	54535
d1jnya1	48724	50412	50447	50448
d1jo0a_	53931	55199	75471	75472
d1jo5a_	56835	56917	56918	56919
d1jofa_	48724	50964	75011	75012
d1joga_	46456	47161	81593	81740
d1josa_	53931	54805	89919	89920
d1jova_	48724	49993	74650	89279
d1joya_	46456	47379	47384	47385
d1jp4a_	56572	56654	56655	56656
d1jpdx1	51349	51350	51604	51609
d1jpdx2	53931	54825	54826	54827
d1jpma1	51349	51350	51604	51609
d1jpma2	53931	54825	54826	54827
d1jpya_	56992	57500	57501	69955
d1jq4a_	53931	54235	54292	54312
d1jqba1	48724	50128	50129	50136
d1jqba2	51349	51734	51735	51736
d1jqea_	51349	53334	53335	75261
d1jqga1	51349	53162	53187	53188
d1jqga2	53931	54861	54897	54898
d1jqia2	56572	56644	56645	56646
d1jqlb_	51349	52539	52540	81269
d1jqna_	51349	51350	51621	51632
d1jqra_	53931	81302	81301	81300
d1jr1a1	51349	51350	51412	51413
d1jr1a4	53931	54630	54631	54632
d1jr2a_	51349	69617	69618	69619
d1jr3a1	46456	48018	48019	48020
d1jr3d1	46456	48018	48019	48020
d1jr8a_	46456	47161	69000	69001
d1jroa3	53931	55423	55447	55448
d1jroa4	53931	56175	56176	56187
d1jrob1	53931	54664	54665	54666
d1js1x1	51349	53670	53671	53672
d1js8a1	46456	48055	48056	48057
d1js8a2	48724	81278	81277	81276
d1jsga_	48724	50903	50904	50905
d1jssa_	53931	55944	55961	55966
d1jsxa_	51349	53334	53335	75264
d1jt6a1	46456	46688	46689	46764
d1jt6a2	46456	48497	48498	48499
d1jt8a_	48724	50198	50249	50282
d1jtdb_	48724	50964	50985	69315
d1jtva_	51349	51734	51735	51751
d1ju2a1	51349	51904	51905	51913
d1ju2a2	53931	54372	54373	54374
d1ju3a1	48724	49784	49785	69222
d1ju3a2	51349	53473	53474	69581
d1ju5a_	53931	55549	55550	55551
d1juha_	48724	51181	51182	75035
d1juva_	51349	53596	53597	53598
d1jvaa2	53931	55603	55608	55614
d1jvba1	48724	50128	50129	50136
d1jvba2	51349	51734	51735	51736
d1jvga_	51349	53447	53448	53461
d1jvna2	51349	52171	52317	52318
d1jvra_	46456	47835	47836	47842
d1jvwa_	53931	54533	54534	54535
d1jw2a_	46456	47143	68989	68990
d1jw3a_	53931	69818	69819	69820
d1jw9b_	51349	69571	69572	69573
d1jwib_	53931	56435	56436	56437
d1jwqa_	51349	53162	53187	102517
d1jx4a1	53931	100878	100879	100880
d1jx4a2	56572	56671	56672	100888
d1jx6a_	51349	53821	53822	53823
d1jxca_	56992	57015	57095	57170
d1jy1a1	53931	56023	56024	69815
d1jy5a_	53931	55894	55895	55896
d1jyaa_	53931	69634	69635	69636
d1jyea_	51349	53821	53822	53823
d1jyha_	53931	55135	55136	75462
d1jyoa_	53931	69634	69635	69636
d1jyoe_	53931	56567	56568	69868
d1jz8a1	48724	48725	49303	49304
d1jz8a3	48724	49784	49785	49803
d1jz8a4	48724	49993	74650	49995
d1jz8a5	51349	51350	51445	51487
d1jzna_	53931	56435	56436	56437
d1jzta_	51349	64152	64153	64154
d1k04a_	46456	47161	68993	68994
d1k0da1	46456	47615	47616	47617
d1k0da2	51349	52832	52833	52862
d1k0ga_	53931	56321	56322	56323
d1k0ha_	48724	69278	69279	74966
d1k0ia1	51349	51904	51905	51913
d1k0ia2	53931	54372	54373	54378
d1k0ma1	46456	47615	47616	47617
d1k0ma2	51349	52832	52833	52862
d1k0ra4	53931	69704	69705	69706
d1k0wa_	51349	53638	53639	53640
d1k12a_	48724	49784	49785	74896
d1k18a_	56992	90233	90234	90235
d1k1aa_	53931	74651	48403	48404
d1k1ea_	51349	56783	56784	69467
d1k1fa_	46456	69035	69036	69037
d1k1va_	46456	47453	47454	47455
d1k1xa1	46456	46996	88688	89013
d1k1xa2	48724	49993	74650	89286
d1k1xa3	51349	51988	88713	89554
d1k28a1	48724	50198	69255	69256
d1k28a2	48724	69348	69349	69353
d1k28a3	53931	53954	53955	53981
d1k28d1	48724	69278	69279	69280
d1k2wa_	51349	51734	51735	51751
d1k2x.1	53931	56234	56235	56261
d1k32a1	48724	50155	50156	68933
d1k32a2	48724	50938	69304	69305
d1k32a3	48724	50964	69322	69323
d1k32a4	51349	52095	52096	52100
d1k36a_	56992	57015	57196	57197
d1k38a_	56572	56600	56601	56602
d1k3b.1	53931	54000	54001	54002
d1k3ia1	48724	48725	81296	81282
d1k3ia2	48724	49784	49785	49786
d1k3ia3	48724	50964	50965	50966
d1k3ka_	56835	56836	56854	56855
d1k3ra1	48724	50198	50249	74955
d1k3ra2	51349	75216	75217	75221
d1k3sa_	53931	69634	69635	69636
d1k3xa1	46456	81297	46946	81626
d1k3xa2	48724	81625	81624	81623
d1k3xa3	56992	57715	57716	81627
d1k3ya1	46456	47615	47616	47617
d1k3ya2	51349	52832	52833	52862
d1k47a1	53931	54210	54211	54232
d1k47a2	53931	54861	55060	75454
d1k4ia_	53931	55820	55821	64372
d1k4ma_	51349	52373	52374	52397
d1k4ta1	46456	46556	46596	46597
d1k4ta2	53931	56348	56349	56361
d1k4us_	48724	50036	50044	50045
d1k4za_	48724	51125	69340	69341
d1k55a_	56572	56600	56601	56602
d1k5ca_	48724	51125	51126	51137
d1k5db_	48724	50728	50729	50764
d1k5na1	48724	48725	48726	48942
d1k5na2	53931	54451	54452	54453
d1k61a_	46456	46688	46689	46690
d1k68a_	51349	52171	52172	52173
d1k6da_	51349	100949	100950	74656
d1k6ka_	46456	81922	81923	81924
d1k6ya1	46456	46688	46919	46920
d1k75a_	51349	53719	53720	69602
d1k78a1	46456	46688	46689	46748
d1k7ca_	51349	52171	52266	52276
d1k7ja_	53931	55820	55821	55822
d1k81a_	56992	75688	75689	75690
d1k82a2	48724	81625	81624	81623
d1k8ba_	53931	100965	100966	100967
d1k8fa_	48724	51125	69340	69341
d1k8kc_	48724	50964	50978	50979
d1k8kd1	53931	69634	69645	69646
d1k8ke_	46456	69059	69060	69061
d1k8kf_	53931	69634	69645	69646
d1k8kg_	46456	48370	69103	69104
d1k8qa_	51349	53473	53474	53506
d1k8rb_	53931	54235	54236	54263
d1k8ta_	56572	81299	81298	69887
d1k8ua_	46456	47472	47473	47478
d1k8wa3	48724	88696	88697	88698
d1k8wa5	53931	100877	55120	69746
d1k92a1	51349	52373	52402	52403
d1k92a2	53931	69863	69864	69865
d1k94a_	46456	47472	47473	63550
d1k9aa1	48724	50036	50044	50045
d1k9oi_	56572	56573	56574	56575
d1k9ua_	46456	47472	47473	89048
d1k9vf_	51349	52171	52317	52318
d1k9xa_	53931	55485	55486	55505
d1ka1a_	56572	56654	56655	56656
d1ka8a_	46456	46688	46785	46856
d1ka9h_	51349	52171	52317	52318
d1kafa_	53931	69651	69652	69653
d1kaga_	51349	52539	52540	52566
d1kapp1	48724	51125	51120	51121
d1kapp2	53931	55485	55486	55508
d1kb0a1	46456	46625	46626	68952
d1kb0a2	48724	50997	50998	50999
d1kb4b_	56992	57715	57716	57721
d1kbha_	46456	69124	69125	69126
d1kbia1	51349	51350	51395	51396
d1kbia2	53931	55855	55856	55857
d1kbla1	51349	51350	51621	51629
d1kbla2	51349	52008	52009	52010
d1kbla3	53931	56058	56059	56085
d1kbva1	48724	49502	49503	49550
d1kbva2	48724	49502	49503	49550
d1kcfa1	46456	63450	68906	68907
d1kcfa2	51349	53066	53098	69533
d1kcgc_	53931	54451	54452	54453
d1kcma_	53931	55944	55961	64388
d1kcqa_	53931	55752	55753	55754
d1kcxa1	48724	51337	51338	75044
d1kdga1	51349	51904	51905	51913
d1kdga2	53931	54372	54373	54374
d1kdxa_	46456	47039	47040	47041
d1keaa_	46456	48149	48150	48154
d1kf6a1	46456	46965	46977	46978
d1kf6a2	51349	51904	51905	51934
d1kf6b1	46456	46457	46548	46549
d1kf6b2	53931	54235	54292	54312
d1kf6c_	56835	81344	81343	81373
d1kf6d_	56835	81344	81343	81373
d1kfsa1	51349	53066	53098	53118
d1kfta_	46456	47768	47781	81795
d1kfwa1	51349	51350	51445	51534
d1kfwa2	53931	54533	54556	54557
d1kg0c_	53931	56435	56436	56437
d1kg1a_	56992	103579	103580	103581
d1kgcd1	48724	48725	48726	48727
d1kgda_	51349	52539	52540	52541
d1kgsa1	46456	46688	46894	46895
d1kgsa2	51349	52171	52172	52173
d1khba1	51349	53794	53795	53796
d1khba2	51349	68922	68923	68924
d1khda1	46456	47643	47648	47649
d1khia1	48724	50036	50104	50110
d1khia2	48724	50198	50249	50282
d1khta_	51349	52539	52540	52541
d1khva_	56572	56671	56672	56694
d1khya_	46456	81922	81923	81924
d1ki1b1	46456	48064	48065	48066
d1ki1b2	48724	50728	50729	50730
d1kiya_	46456	48575	48576	69113
d1kj6a_	56992	57391	57392	57393
d1kjna_	51349	75180	75181	75182
d1kjpa_	53931	55485	55486	55490
d1kjqa1	48724	51229	51246	51247
d1kjqa2	51349	52439	52440	52441
d1kjqa3	53931	56058	56059	56067
d1kjwa1	48724	50036	50044	50045
d1kjwa2	51349	52539	52540	52541
d1kk1a1	48724	50412	50447	50448
d1kk1a2	48724	50464	50465	50466
d1kk1a3	51349	52539	52540	52592
d1kk8a1	48724	50036	50084	50085
d1kk8a2	51349	52539	52540	52641
d1kkea1	48724	51224	51225	69356
d1kkea2	48724	49834	49835	69225
d1kkha1	53931	54210	54211	54232
d1kkha2	53931	54861	55060	75450
d1kkoa1	51349	51350	51604	51609
d1kkoa2	53931	54825	54826	54827
d1kkxa_	46456	46688	46774	46775
d1kl7a_	51349	53685	53686	53687
d1kl9a1	46456	47768	116742	116743
d1kl9a2	48724	50198	50249	50282
d1klla_	53931	54592	54593	54598
d1kloa1	56992	57015	57196	57233
d1klpa_	46456	47335	47336	47337
d1klxa_	46456	48370	81901	81902
d1kmda_	53931	64267	64268	64269
d1kmma1	51349	52953	52954	52955
d1kmoa_	56835	56924	56935	56948
d1kmva_	51349	53596	53597	53598
d1kn6a_	53931	54861	54897	75431
d1knca_	46456	69117	69118	69119
d1knga_	51349	52832	52833	52901
d1knma_	48724	50352	50370	50371
d1knqa_	51349	52539	52540	75195
d1knva_	51349	52979	52980	52999
d1knwa1	48724	50614	50621	88683
d1knwa2	51349	51350	51419	51420
d1knxa1	51349	63417	75138	75139
d1knxa2	51349	53794	53795	64186
d1knya1	46456	47161	81593	81592
d1knya2	53931	81302	81301	56708
d1knza_	56572	69902	69903	69904
d1ko3a_	53931	56280	56281	56282
d1ko6.1	48724	82214	82215	82216
d1ko7a1	51349	63417	75138	75139
d1ko7a2	51349	53794	53795	64186
d1koaa1	48724	48725	48726	49159
d1koba_	53931	56111	56112	88854
d1koea_	53931	56435	56436	56480
d1koha1	51349	52046	52058	52065
d1koha2	53931	54861	54928	54954
d1kola1	48724	50128	50129	50136
d1kola2	51349	51734	51735	51736
d1kopa_	48724	51068	51069	51070
d1kp6a_	53931	54861	55056	55057
d1kp8a1	46456	48591	48592	48593
d1kp8a3	53931	54848	54849	54850
d1kpta_	53931	55220	55221	55222
d1kq1a_	48724	50181	50182	74939
d1kq6a_	53931	64267	64268	64269
d1kqfa1	48724	50684	50692	50696
d1kqfa2	51349	53705	53706	53707
d1kqfb1	53931	54861	54862	54884
d1kqfb2	56835	81407	81597	81596
d1kqfc_	56835	81344	81342	75645
d1kqha_	56992	57015	57059	57072
d1kqka_	53931	54861	55008	55009
d1kqpa_	51349	52373	52402	52403
d1kqra_	48724	49898	49899	74907
d1krha1	48724	50412	63380	63381
d1krha2	51349	52342	52343	52359
d1krha3	53931	54235	54292	54312
d1krua_	48724	51160	51161	51168
d1ks9a1	46456	48178	48179	69084
d1ks9a2	51349	51734	51735	51868
d1kska3	53931	55173	55174	75468
d1kt7a_	48724	50813	50814	50815
d1ktba1	48724	51010	51011	51012
d1ktga_	53931	55810	55811	55812
d1ktha_	56992	57361	57362	57363
d1ku3a_	46456	46688	88659	88665
d1ku9a_	46456	46688	46785	81690
d1kuta_	53931	56103	56104	56105
d1kv7a1	48724	49502	49503	49550
d1kv7a3	48724	49502	49503	49550
d1kv9a1	46456	46625	46626	68952
d1kve.1	53931	55220	55221	55225
d1kvka1	53931	54210	54211	54232
d1kvka2	53931	54861	55060	75450
d1kvna_	53931	69694	69695	69696
d1kw3b1	53931	54592	54593	54602
d1kw4a_	46456	47768	47769	47773
d1kwfa_	46456	48207	48208	48213
d1kwga1	48724	51010	51011	51012
d1kwga2	51349	51350	51445	51446
d1kwga3	51349	52171	52317	82351
d1kwia_	53931	54402	54403	82592
d1kwma2	53931	54861	54897	54898
d1kxga_	48724	49841	49842	49843
d1kxla_	48724	50198	50249	50263
d1kxoa_	48724	50813	50814	50815
d1kxpd1	46456	48551	48552	48553
d1kxua1	46456	47953	47954	47955
d1ky8a_	51349	53719	53720	53721
d1kyfa1	48724	48725	49348	49349
d1kyfa2	53931	55710	55711	55712
d1kyha_	51349	53612	53613	75292
d1kyqa1	51349	51734	51735	75110
d1kyqa2	56572	75614	75615	75616
d1kz7a2	48724	50728	50729	50730
d1kzfa_	53931	55728	55729	75508
d1kzla1	48724	50412	63380	63783
d1kzqa1	48724	49502	74877	74878
d1kzyc1	51349	52112	52113	75148
d1l0oc_	46456	46688	88659	88665
d1l0qa1	48724	48725	49299	49300
d1l0qa2	48724	50964	50969	82166
d1l0sa_	48724	51160	51177	51178
d1l0wa1	48724	50198	50249	50250
d1l0wa2	53931	55247	55261	55262
d1l0wa3	53931	55680	55681	55682
d1l1ja_	48724	50493	50494	50495
d1l1la_	51349	51997	51998	75131
d1l1oc_	48724	50198	50249	50263
d1l1sa_	51349	75168	75169	75170
d1l2ha_	48724	50352	50353	50362
d1l2ma_	53931	55463	55464	82728
d1l2pa_	56835	81407	81573	81572
d1l2wi_	53931	56567	56568	69868
d1l3ia_	51349	53334	53335	82472
d1l3ka1	53931	54861	54928	54929
d1l3la1	46456	46688	46894	46900
d1l3la2	53931	55769	75516	75517
d1l3pa_	46456	47161	81736	81737
d1l4db_	53931	54235	54328	54329
d1l4sa_	53931	69753	69754	69755
d1l5aa1	51349	52776	52777	75229
d1l5ja1	46456	48370	74778	74779
d1l5ja2	51349	52008	52016	52017
d1l5ja3	51349	53731	53732	53733
d1l5oa_	51349	52732	52733	52734
d1l5pa_	53931	54235	54292	54293
d1l6ja1	46456	47089	47090	63427
d1l6ja3	56992	57439	57440	57459
d1l6pa_	48724	48725	74863	74864
d1l6wa_	51349	51350	51569	51570
d1l6xa1	48724	48725	48726	48942
d1l6xa2	48724	48725	48726	48942
d1l6za1	48724	48725	48726	48727
d1l6za2	48724	48725	48726	49159
d1l7aa_	51349	53473	53474	82504
d1l7ba_	51349	52112	52113	52117
d1l7da1	51349	51734	51735	51830
d1l7da2	51349	52171	52283	52297
d1l8ca_	56992	57932	57933	57934
d1l8na2	53931	55485	55545	82737
d1l8qa1	46456	46688	48295	81695
d1l8qa2	51349	52539	52540	81269
d1l8wa_	46456	74747	74748	74749
d1l9la_	46456	47861	47862	47863
d1l9na1	48724	48725	81296	81289
d1l9na2	48724	48725	49309	49310
d1l9xa_	51349	52171	52317	52318
d1laba_	48724	51229	51230	51231
d1lama1	51349	53162	53187	53201
d1lama2	51349	52948	52949	52950
d1lara1	51349	52798	52799	52805
d1lb3a_	46456	47239	47240	47241
d1lb6a_	48724	49598	49599	49600
d1lbaa_	53931	55845	55846	55847
d1lbua1	46456	47089	47090	47091
d1lbua2	53931	55165	55166	55167
d1lbva_	56572	56654	56655	56656
d1lc0a1	51349	51734	51735	51800
d1lc0a2	53931	55346	55347	55373
d1lc5a_	51349	53382	53383	53384
d1lcya1	48724	50155	50156	74933
d1lcya2	48724	50493	50494	50495
d1ldda_	46456	46688	46785	74679
d1ldja1	46456	46688	46785	74679
d1ldja2	46456	48370	74788	74789
d1ldja3	56572	75631	75632	75633
d1ldma2	53931	56326	56327	56328
d1ldna1	51349	51734	51735	51848
d1ldtl_	56992	100894	100895	57468
d1le6a_	46456	48618	48619	48623
d1leha1	51349	51734	51735	51883
d1leha2	51349	53222	53223	53224
d1lf6a1	46456	48207	48208	81850
d1lf6a2	48724	49993	74650	82042
d1lf7a_	48724	50813	50814	50815
d1lfba_	46456	46688	46689	46690
d1lfda_	53931	54235	54236	54263
d1lfka_	46456	48263	48264	48265
d1lfoa_	48724	50813	50814	50847
d1lfpa_	56572	75624	75625	75626
d1lfwa1	51349	53162	53187	53204
d1lfwa2	53931	54861	55031	55032
d1lg7a_	53931	75403	75404	75405
d1lgha_	56835	56917	56918	56919
d1lghb_	56835	56917	56918	56919
d1lgpa_	48724	49878	49879	49885
d1lhpa_	51349	53612	53613	82515
d1li4a1	51349	51734	51735	51830
d1li4a2	51349	52171	52283	52300
d1lira_	56992	57015	57095	57116
d1lj5a_	56572	56573	56574	56575
d1lj8a3	46456	48178	48179	81843
d1lj8a4	51349	51734	51735	51868
d1lj9a_	46456	46688	46785	63379
d1lk5a1	51349	100949	100950	75176
d1lkia_	46456	47265	47266	47267
d1lkka_	53931	55549	55550	55551
d1lkoa1	46456	47239	47240	47241
d1lkoa2	56992	57769	57802	57803
d1lkta_	48724	51326	51327	51328
d1lkxa_	51349	52539	52540	52641
d1llaa1	46456	48049	48050	48051
d1llaa2	46456	48055	48056	48057
d1llaa3	48724	48725	81296	81283
d1llda1	51349	51734	51735	51848
d1llda2	53931	56326	56327	56328
d1llfa_	51349	53473	53474	53558
d1lm5a_	53931	74651	75399	75400
d1lm7a_	53931	74651	75399	75400
d1lm8b_	53931	54235	54236	54237
d1lm8c_	53931	54694	54695	54696
d1lm8v_	48724	49451	49468	49469
d1lmb3_	46456	47412	47413	47419
d1lmja1	56992	57015	57196	57197
d1lmla_	53931	55485	55486	55499
d1lmma_	56992	57015	57059	57072
d1lmra_	56992	57015	57059	69930
d1ln1a_	53931	55944	55961	55966
d1lnga_	53931	69694	69695	69696
d1lnia_	53931	53932	53933	81307
d1lnqa2	56835	81325	81324	81323
d1lnsa1	46456	47575	81761	81762
d1lnsa2	48724	49784	49785	69222
d1lnsa3	51349	53473	53474	69581
d1lo7a_	53931	54636	54637	54638
d1loua_	53931	54861	54995	54996
d1lp9e1	48724	48725	48726	48727
d1lpba1	56992	57015	57190	57191
d1lpva_	56992	82926	82927	82928
d1lq9a_	53931	54861	54909	82666
d1lqaa_	51349	51350	51430	51431
d1lqla_	53931	82783	82784	82785
d1lqsl_	46456	47265	47266	47305
d1lqta1	51349	51904	51905	51906
d1lqta2	51349	51970	51971	51972
d1lqva_	53931	54451	54452	54453
d1lr7a1	56992	57015	57196	57236
d1lr7a2	56992	100894	100895	57468
d1lrha_	48724	51181	51182	51187
d1lrva_	46456	48370	48371	48396
d1lrza1	46456	46556	46589	81671
d1lrza2	53931	55728	55729	82749
d1ls1a1	46456	47161	47364	47365
d1ls1a2	51349	52539	52540	52652
d1lsha1	46456	48370	48431	48432
d1lsha2	56835	56967	56968	56969
d1lshb_	56835	56967	56968	56969
d1lsla1	56992	82894	82895	82896
d1lssa_	51349	51734	51735	63944
d1lsta_	51349	53849	53850	53851
d1lt7a_	51349	51350	82282	82283
d1ltla_	48724	50198	50249	89332
d1ltoa_	48724	50493	50494	50514
d1ltqa1	51349	56783	56784	82385
d1ltza_	53931	56533	56534	56535
d1lu0a_	56992	57015	57027	57028
d1lu4a_	51349	52832	52833	52901
d1luaa1	51349	51734	51735	51883
d1luaa2	51349	53222	53223	82333
d1luca_	51349	51350	51679	51680
d1lucb_	51349	51350	51679	51680
d1lupa_	56992	57015	57059	57072
d1lura_	48724	49993	74650	74911
d1luza_	48724	50198	50249	50282
d1lv3a_	56992	57715	57716	82914
d1lv7a_	51349	52539	52540	81269
d1lvfa_	46456	47654	47661	47662
d1lvla1	51349	51904	51905	51943
d1lvla2	51349	51904	51905	51943
d1lw7a1	51349	52373	52374	52397
d1lw7a2	51349	52539	52540	52541
d1lwba_	46456	48618	48619	63630
d1lwha1	48724	51010	51011	51012
d1lwha2	51349	51350	51445	51446
d1lwuc1	53931	56495	56496	56497
d1lxja_	53931	54861	89957	89958
d1ly1a_	51349	52539	52540	52541
d1ly2a1	56992	57534	57535	57536
d1lyva_	51349	52798	52799	52805
d1lzla_	51349	53473	53474	53487
d1m06g_	48724	88632	88645	49612
d1m0da_	51349	52979	52980	53029
d1m0ga_	56992	57867	57868	57869
d1m0ja_	56992	57867	57868	57869
d1m0ka_	56835	81322	81321	81319
d1m0ua1	46456	47615	47616	47617
d1m0ua2	51349	52832	52833	52862
d1m0wa1	51349	52439	52440	52460
d1m0wa2	53931	56058	56059	56088
d1m15a1	46456	48033	48034	48035
d1m15a2	53931	55930	55931	55935
d1m1ca_	56572	82855	82856	82857
d1m1eb_	46456	81729	81730	81731
d1m1fa_	48724	50036	50118	82075
d1m1ha1	48724	82003	82004	82005
d1m1ha2	53931	54861	82679	82680
d1m1la_	53931	103358	103359	103360
d1m1qa_	46456	48694	48695	48711
d1m1xa1	48724	48725	69179	69180
d1m1xb3	53931	69686	69687	69688
d1m1xb4	56992	57015	57196	69940
d1m22a_	51349	75303	75304	75305
d1m2da_	51349	52832	52833	52918
d1m2ta_	53931	56370	56371	56372
d1m2tb1	48724	50352	50370	50371
d1m2xa_	53931	56280	56281	56282
d1m32a_	51349	53382	53383	53402
d1m33a_	51349	53473	53474	82509
d1m3ka1	51349	53900	53901	53902
d1m3ka2	51349	53900	53901	53902
d1m3qa1	46456	48149	48150	48157
d1m3qa2	53931	55944	55945	55952
d1m3ua_	51349	51350	51621	89503
d1m40a_	56572	56600	56601	56602
d1m45a_	46456	47472	47473	47502
d1m48a_	46456	47265	47266	47286
d1m4ia_	53931	55728	55729	55730
d1m4la_	51349	53162	53187	53188
d1m53a1	48724	51010	51011	51012
d1m55a_	53931	55463	55464	75492
d1m56d_	56835	81407	81469	81468
d1m5q1_	48724	50181	50182	50183
d1m5xa_	53931	55603	55608	55609
d1m5ya1	46456	109997	109998	81828
d1m5za_	48724	50155	50156	50157
d1m65a_	51349	51988	89550	89551
d1m6ba1	51349	52046	52058	52071
d1m6ex_	51349	53334	53335	102563
d1m6ia1	51349	51904	51905	51943
d1m6ia2	51349	51904	51905	51943
d1m6ia3	53931	55423	55424	55425
d1m6sa_	51349	53382	53383	53384
d1m6ya1	46456	47768	81799	81800
d1m6ya2	51349	53334	53335	82475
d1m70a1	46456	46625	46626	46680
d1m72a_	51349	52128	52129	52130
d1m7ga_	51349	52539	52540	52572
d1m7ja1	48724	51337	51338	82230
d1m7ja3	51349	51350	51556	82264
d1m7sa_	56572	56633	56634	56635
d1m7xa1	48724	48725	81296	81282
d1m7xa2	48724	51010	51011	51012
d1m7xa3	51349	51350	51445	51446
d1m8aa_	53931	54116	54117	54118
d1m8pa3	51349	52539	52540	64011
d1m93.1	56572	56573	56574	56575
d1m94a_	53931	54235	54236	54237
d1m9sa2	48724	50036	82057	82058
d1m9ua_	48724	50493	50494	50514
d1m9za_	56992	57301	57302	57354
d1maia_	48724	50728	50729	50730
d1mb3a_	51349	52171	52172	52173
d1mb6a_	56992	57015	57059	57072
d1mbaa_	46456	46457	46458	46463
d1mbma_	48724	50493	50494	50596
d1mbya_	53931	82614	82615	82616
d1mc0a1	53931	55769	55781	55782
d1mc2a_	46456	48618	48619	48623
d1md6a_	48724	50352	50353	50362
d1mdah_	48724	50964	50969	50970
d1mdal_	56992	57560	57561	57562
d1mdba_	56572	56800	56801	56802
d1mdca_	48724	50813	50814	50847
d1mdoa_	51349	53382	53383	53417
d1mdya_	46456	47458	47459	47460
d1meka_	51349	52832	52833	52849
d1mg4a_	53931	54235	89837	89838
d1mg7a1	53931	54210	54211	89824
d1mg7a2	53931	54861	55060	89953
d1mgta1	46456	46688	46767	46768
d1mgta2	51349	53066	53155	53156
d1mh1a_	51349	52539	52540	52592
d1mhm.1	53931	56275	56276	56277
d1mhna_	48724	50036	63748	63749
d1mi8a_	48724	51293	51294	51298
d1mija_	46456	46688	46689	46690
d1mioa_	51349	53799	53807	53816
d1miob_	51349	53799	53807	53816
d1miwa1	46456	81890	81891	81892
d1miwa2	53931	81302	81301	82661
d1mixa1	46456	47026	47031	47032
d1mixa2	48724	50728	50729	50776
d1mj3a_	51349	52095	52096	52103
d1mj4a_	53931	55855	55856	55857
d1mjfa_	51349	53334	53335	69557
d1mjha_	51349	52373	52402	52436
d1mjna_	51349	53299	53300	53301
d1mjsa_	48724	49878	49879	49880
d1mjuh1	48724	48725	48726	48727
d1mjuh2	48724	48725	48726	48942
d1mjul1	48724	48725	48726	48727
d1mjul2	48724	48725	48726	48942
d1mk0a_	53931	82770	82771	82772
d1mkca_	56992	57287	57288	57292
d1mkea1	48724	50728	50729	50767
d1mkfa_	48724	82045	82046	82047
d1mkma1	46456	46688	46785	74676
d1mkma2	53931	55769	55781	75513
d1mkna_	56992	57287	57288	57289
d1mkya1	51349	52539	52540	52592
d1mkya3	53931	54805	82653	82654
d1ml4a1	51349	53670	53671	53672
d1ml8a_	53931	82783	82784	90027
d1ml9a_	48724	51268	82199	82200
d1mlaa1	51349	52150	52151	52152
d1mlaa2	53931	54861	55048	55049
d1mlia_	53931	54861	54909	54910
d1mm0a_	56992	57015	57095	57163
d1mn3a_	46456	46928	46934	88995
d1mnma_	53931	55454	55455	55456
d1mnna_	48724	49379	49417	81992
d1mnta_	46456	47597	47598	47599
d1mo9a1	51349	51904	51905	51943
d1mo9a2	51349	51904	51905	51943
d1mo9a3	53931	55423	55424	55425
d1moqa_	51349	53696	53697	53698
d1moxc_	56992	57015	57196	57197
d1mp8a_	53931	56111	56112	88854
d1mpga1	46456	48149	48150	48157
d1mpga2	53931	55944	55945	55952
d1mppa_	48724	50629	50630	50646
d1mpxa1	48724	49784	49785	69222
d1mpxa2	51349	53473	53474	69581
d1mpya1	53931	54592	54593	54602
d1mqea_	53931	55810	55811	55812
d1mqsa_	56572	56814	56815	56816
d1mqva_	46456	47161	47175	47179
d1mrza1	48724	50412	82114	82115
d1mrza2	51349	52373	52374	52397
d1mska_	53931	56506	56507	56508
d1mso.1	56992	56993	56994	56995
d1mswd_	56572	56671	56672	56691
d1msza_	53931	55199	82708	82709
d1mtp.1	56572	56573	56574	56575
d1mtyb_	46456	47239	47240	47253
d1mtyd_	46456	47239	47240	47253
d1mtyg_	46456	47143	47152	47153
d1mtza_	51349	53473	53474	53509
d1muca1	51349	51350	51604	51609
d1muca2	53931	54825	54826	54827
d1muga_	51349	52140	52141	52147
d1muka_	56572	56671	56672	56694
d1muna_	46456	48149	48150	48154
d1muwa_	51349	51350	51658	51665
d1mv5a_	51349	52539	52540	52686
d1mv8a1	46456	48178	48179	48191
d1mv8a2	51349	51734	51735	51868
d1mv8a3	51349	52373	52413	52414
d1mvfd_	48724	89446	89447	89448
d1mvha_	48724	51268	82199	82200
d1mvla_	51349	52506	52507	52508
d1mw7a_	56572	75624	75625	75626
d1mwpa_	53931	56486	56491	56492
d1mwqa_	53931	54861	54909	102965
d1mwwa_	53931	55330	55331	103098
d1mwza_	53931	54861	55008	55009
d1mx3a1	51349	51734	51735	51830
d1mx3a2	51349	52171	52283	52284
d1mxga1	48724	51010	51011	51012
d1mxga2	51349	51350	51445	51446
d1mxra_	46456	47239	47240	47253
d1my6a1	46456	46556	46609	46610
d1my7a_	48724	48725	81296	81279
d1myna_	56992	57015	57095	57163
d1mzba_	46456	46688	46785	101027
d1n08a_	48724	50412	82114	82115
d1n0ua1	48724	50412	50447	50448
d1n0ua2	51349	52539	52540	52592
d1n0ua3	53931	54210	54211	54212
d1n0ua4	53931	54861	54980	54981
d1n0ua5	53931	54861	54980	54981
d1n0wa_	51349	52539	52540	52670
d1n10a1	48724	49561	49590	49591
d1n10a2	48724	50684	50685	82135
d1n11a_	53931	74651	48403	48404
d1n12a_	48724	49379	49401	49405
d1n13.1	53931	56270	56271	90046
d1n1ba1	46456	48207	48239	48240
d1n1ba2	46456	48575	48576	48583
d1n1fa_	46456	47265	47266	47305
d1n1ja_	46456	47112	47113	47134
d1n1jb_	46456	47112	47113	47134
d1n26a1	48724	48725	48726	49159
d1n26a2	48724	48725	49265	49266
d1n2aa1	46456	47615	47616	47617
d1n2aa2	51349	52832	52833	52862
d1n2sa_	51349	51734	51735	51751
d1n2za_	51349	53799	53807	53811
d1n3ha_	48724	50728	50729	50755
d1n3ka_	46456	47985	47986	81388
d1n3la_	51349	52373	52374	52375
d1n40a_	46456	48263	48264	48265
d1n45a_	46456	48612	48613	48614
d1n4ka1	46456	48370	100909	81895
d1n4ka2	48724	50352	82109	82110
d1n4na_	56992	57015	57095	57170
d1n4qb_	46456	48207	48239	48246
d1n4wa1	51349	51904	51905	51913
d1n4wa2	53931	54372	54373	54374
d1n57a_	51349	52171	52317	52325
d1n5ua1	46456	48551	48552	48553
d1n62a1	46456	47740	47741	47742
d1n62a2	53931	54235	54292	54312
d1n62b1	53931	54664	54665	54666
d1n62b2	53931	56002	56003	56004
d1n62c1	53931	55423	55447	55448
d1n62c2	53931	56175	56176	56187
d1n67a1	48724	49379	49401	89210
d1n69a_	46456	47861	47862	81806
d1n6ma_	51349	52539	52540	52641
d1n6za_	53931	100886	89975	89976
d1n71a_	53931	55728	55729	55730
d1n7ea_	48724	50155	50156	50157
d1n7ha_	51349	51734	51735	51751
d1n7ka_	51349	51350	51569	51570
d1n7oa1	46456	48207	48230	48234
d1n7oa2	48724	49862	49863	49864
d1n7oa3	48724	49993	74650	50006
d1n7va_	48724	89427	89428	89429
d1n7za_	48724	89432	89433	89434
d1n81a_	46456	89161	89162	89163
d1n8ja_	51349	52832	52833	52901
d1n8ma_	56992	57015	57095	57116
d1n8va_	46456	48370	100910	81898
d1n8yc1	51349	52046	52058	52071
d1n8yc3	56992	57015	57184	57185
d1n93x_	46456	101398	101399	101400
d1n97a_	46456	48263	48264	48265
d1n9la_	53931	55769	55785	88853
d1n9pa_	48724	48725	81296	81966
d1n9ra_	48724	50181	50182	50183
d1n9wa1	48724	50198	50249	50250
d1na6a1	48724	101935	101936	101937
d1na6a2	51349	52979	52980	102474
d1naqa_	53931	54861	54913	75434
d1nara_	51349	51350	51445	51534
d1naza_	46456	46457	46458	46463
d1nbaa_	51349	52498	52499	100948
d1nbfa_	53931	54000	54001	82568
d1nbja_	56992	57015	57038	57042
d1nbua_	53931	55619	55620	55628
d1nbwb_	51349	52953	52968	82433
d1nc5a_	46456	48207	48208	89108
d1ncsa_	56992	57666	57667	57668
d1nd4a_	53931	56111	56112	64411
d1nd6a_	51349	53253	53254	53258
d1nd9a_	46456	46954	46955	89006
d1ne2a_	51349	53334	53335	89751
d1ne3a_	48724	50198	50249	50282
d1ne7a_	51349	100949	100950	52513
d1ne9a1	53931	55728	55729	82749
d1neia_	53931	103062	103063	103064
d1neka1	46456	46965	46977	46978
d1nekb1	46456	46457	46548	46549
d1nekb2	53931	54235	54292	54312
d1nekd_	56835	81344	81343	81373
d1nepa_	48724	48725	81296	81287
d1neqa_	46456	47412	47413	47419
d1neua_	48724	48725	48726	48727
d1nexb1	46456	81385	81383	81381
d1nexb2	48724	50964	50978	50979
d1nf1a_	46456	48349	48350	48360
d1nf2a_	51349	56783	56784	82388
d1nf4a_	46456	47239	47240	47241
d1nf9a_	51349	52498	52499	100948
d1nfga2	51349	51350	51556	75073
d1nfpa_	51349	51350	51679	51683
d1ng0a_	48724	88632	88633	88643
d1ng2a1	48724	50036	50044	50045
d1ng6a_	46456	89094	89095	89096
d1ngna_	46456	48149	48150	48154
d1ngra_	46456	47985	47986	81312
d1nh1a_	56572	103382	103383	103384
d1nh2a1	53931	55944	55945	55946
d1nh2b_	46456	47395	47396	47397
d1nh2c_	48724	50783	50784	50785
d1nh2d1	46456	47395	47396	47397
d1nh2d2	48724	50783	50784	50785
d1nh8a1	51349	53849	53850	53851
d1nh8a2	53931	54861	54913	88851
d1nhpa1	51349	51904	51905	51943
d1nhpa2	51349	51904	51905	51943
d1nhpa3	53931	55423	55424	55425
d1nhya1	46456	47615	47616	47617
d1nhya2	51349	52832	52833	52862
d1ni3a1	51349	52539	52540	52592
d1ni5a1	51349	52373	52402	82359
d1ni5a3	48724	56036	56037	116720
d1ni5a4	53931	82828	82829	82830
d1niga_	46456	47239	89028	89029
d1nija1	51349	52539	52540	52652
d1nija2	53931	90001	90002	90003
d1nixa_	56992	57015	57059	57072
d1nj1a2	53931	55199	64586	64587
d1nj8a1	51349	52953	52954	52955
d1nj8a2	53931	55199	64586	64587
d1njfa_	51349	52539	52540	81269
d1njqa_	56992	57666	57667	90198
d1njra_	51349	52948	52949	89724
d1nk2p_	46456	46688	46689	46690
d1nkda_	46456	47379	47380	47381
d1nkga1	48724	49451	49452	110091
d1nkga2	48724	49784	49785	110128
d1nkga3	48724	49993	74650	110151
d1nkia_	53931	54592	54593	54598
d1nkla_	46456	47861	47862	47863
d1nkpb_	46456	47458	47459	47460
d1nkqa_	53931	56528	56529	56530
d1nkra1	48724	48725	48726	49159
d1nksa_	51349	52539	52540	52541
d1nkta2	46456	81885	81886	81887
d1nkva_	51349	53334	53335	82469
d1nkza_	56835	56917	56918	56919
d1nkzb_	56835	56917	56918	56919
d1nlfa_	51349	52539	52540	52670
d1nlna_	53931	54000	54001	54054
d1nlqa_	48724	88632	69203	69204
d1nlsa_	48724	49898	49899	49900
d1nlta1	48724	49492	49493	49494
d1nlta3	56992	57937	57938	57939
d1nlwa_	46456	47458	47459	47460
d1nlxa_	46456	47161	81736	81737
d1nm2a1	51349	52150	52151	52152
d1nm2a2	53931	54861	55048	55049
d1nm3a1	51349	52832	52833	52834
d1nm3a2	51349	52832	52833	52901
d1nmoa_	51349	102704	102705	102706
d1nn5a_	51349	52539	52540	52541
d1nn7a_	53931	54694	54695	54701
d1nnfa_	51349	53849	53850	53851
d1nnha_	53931	55680	55681	55682
d1nnla_	51349	56783	56784	64511
d1nnqa1	46456	47239	47240	47241
d1nnva_	53931	54402	102816	102817
d1nnwa_	53931	56299	56300	82803
d1nnxa_	48724	50198	101756	101757
d1no5a_	53931	81302	81301	102932
d1no7a_	56572	103416	103417	103418
d1no8a_	53931	54861	54928	54929
d1nofa1	48724	51010	51011	89388
d1nofa2	51349	51350	51445	51487
d1noga_	46456	47239	89028	89032
d1nowa1	51349	51350	51445	51550
d1nowa2	53931	55485	55545	55546
d1noxa_	53931	55468	55469	55470
d1np3a1	46456	48178	48179	48184
d1np3a2	51349	51734	51735	51868
d1np6a_	51349	52539	52540	52652
d1np7a1	46456	48172	48173	48174
d1np7a2	51349	52424	52425	52426
d1npea_	48724	50938	63825	63826
d1nppa2	48724	50036	50104	82072
d1npsa_	48724	49694	49695	49696
d1npya1	51349	51734	51735	51883
d1npya2	51349	53222	53223	82336
d1nq4a_	46456	47335	47336	47337
d1nq7a_	46456	48507	48508	48509
d1nqja_	48724	49784	49785	267607
d1nqka_	51349	51350	51679	82275
d1nqua_	51349	52120	52121	52122
d1nqza_	53931	55810	55811	55812
d1nr0a1	48724	50964	50978	50979
d1nr3a_	53931	89914	89915	89916
d1nr4a_	53931	54116	54117	54118
d1nrea_	46456	47044	47045	47046
d1nrfa_	56572	56600	56601	56602
d1nria_	51349	53696	53697	69599
d1nrja_	53931	55769	64356	90019
d1nrjb_	51349	52539	52540	52592
d1nrla_	46456	48507	48508	48509
d1nrva_	53931	55549	55550	55551
d1nrwa_	51349	56783	56784	82388
d1nrza_	51349	52727	52728	52729
d1ns5a_	51349	75216	75217	82371
d1nsca_	48724	50938	50939	50940
d1nsja_	51349	51350	51366	51381
d1nsta_	51349	52539	52540	52575
d1nt2a_	51349	53334	53335	53342
d1nt2b_	46456	89123	89124	89125
d1nt4a_	51349	53253	53254	53258
d1ntha_	51349	51350	75098	75099
d1ntva_	48724	50728	50729	50755
d1ntya1	46456	48064	48065	48066
d1ntya2	48724	50728	50729	50730
d1nu0a_	51349	53066	53098	102485
d1nu4a_	53931	54861	54928	54929
d1nu9c1	46456	46996	101094	101095
d1nuba3	56992	100894	100895	57468
d1nuia1	56572	56730	56731	90090
d1nuia2	56992	57769	57783	57792
d1nula_	51349	53270	53271	53272
d1nuna_	48724	50352	50353	50354
d1nupa_	51349	52373	52374	52397
d1nuya_	56572	56654	56655	56656
d1nv8a_	51349	53334	53335	89743
d1nvma1	46456	46928	89000	89001
d1nvma2	51349	51350	51569	89494
d1nvmb1	51349	51734	51735	51800
d1nvmb2	53931	55346	55347	55348
d1nvpb_	46456	47395	47396	47397
d1nvpd2	48724	50783	50784	50785
d1nvta1	51349	51734	51735	51883
d1nvus_	46456	48365	48366	48367
d1nw1a_	53931	56111	56112	90040
d1nw3a_	51349	53334	53335	89746
d1nw9b_	51349	52128	52129	52130
d1nwba_	48724	89359	89360	89361
d1nwwa_	53931	54402	54427	89854
d1nwza_	53931	55769	55785	55786
d1nx4a_	48724	51181	51197	89416
d1nxca_	46456	48207	48225	48226
d1nxha_	46456	101331	101332	101333
d1nxja_	51349	52008	89562	89563
d1nxma_	48724	51181	51182	51183
d1nxua_	51349	89732	89733	89734
d1ny5a1	51349	52171	52172	52173
d1ny5a2	51349	52539	52540	81269
d1ny711	48724	88632	88633	88636
d1ny9a_	46456	89081	89082	89083
d1nyaa_	46456	47472	47473	47502
d1nyka_	48724	50021	50022	50023
d1nyna_	53931	89894	89895	89896
d1nyoa_	48724	82152	82153	82154
d1nyra2	53931	54235	81271	81270
d1nyta1	51349	51734	51735	51883
d1nyta2	51349	53222	53223	82336
d1nz0a_	53931	54210	54211	54220
d1nz6a_	46456	46556	46565	46566
d1nz8a_	53931	54861	82679	82680
d1nzaa_	53931	54861	54913	75434
d1nzea_	46456	47161	101112	101113
d1nzia1	48724	49853	49854	49855
d1nzia2	56992	57015	57196	57197
d1nzja_	51349	52373	52374	52375
d1nzya_	51349	52095	52096	52103
d1o04a_	51349	53719	53720	53721
d1o0pa_	53931	54861	54928	54929
d1o0sa1	51349	51734	51735	51883
d1o0sa2	51349	53222	53223	53240
d1o0va1	48724	48725	48726	48942
d1o0wa1	46456	69064	69065	69066
d1o0wa2	53931	54767	54768	54769
d1o12a1	48724	51337	51338	82227
d1o12a2	51349	51350	51556	82261
d1o13a_	51349	53066	53146	53147
d1o17a1	46456	47643	47648	47649
d1o17a2	51349	52417	52418	52419
d1o20a_	51349	53719	53720	53721
d1o22a_	53931	90063	90064	90065
d1o3xa_	46456	46965	89009	89010
d1o4sa_	51349	53382	53383	53384
d1o4ta_	48724	51181	51182	89409
d1o4ua1	51349	51350	51690	51691
d1o4ua2	53931	54664	54675	54676
d1o4wa_	51349	88722	88723	89619
d1o4ya_	48724	49898	49899	49925
d1o50a3	53931	54630	54631	54632
d1o59a1	48724	49784	49785	101588
d1o5ha_	46456	101261	101262	101263
d1o5la1	48724	51181	51206	51210
d1o5ua_	48724	51181	51182	89406
d1o5za1	51349	53243	53244	53250
d1o5za2	51349	53612	53623	53629
d1o63a_	51349	53849	53850	53851
d1o69a_	51349	53382	53383	53417
d1o6aa_	48724	101800	101801	101802
d1o6la_	53931	56111	56112	88854
d1o6ya_	53931	56111	56112	88854
d1o6za1	51349	51734	51735	51848
d1o6za2	53931	56326	56327	56328
d1o70a1	48724	82152	82153	82154
d1o75a1	48724	48725	81986	81987
d1o75a3	48724	82219	82220	82221
d1o7d.1	46456	46996	88688	88693
d1o7d.2	48724	49993	74650	88656
d1o7d.3	51349	51988	88713	88714
d1o7fa1	46456	46688	46785	63483
d1o7fa2	48724	51181	51206	51210
d1o7ia_	48724	50198	50249	50263
d1o7ja_	51349	53773	53774	53775
d1o7qa_	51349	53447	53448	64131
d1o80a_	53931	54116	54117	54118
d1o82a_	46456	47861	47869	47870
d1o89a1	48724	50128	50129	50136
d1o89a2	51349	51734	51735	51736
d1o8ba1	51349	100949	100950	75176
d1o8ba2	53931	54861	75445	75446
d1o8ra_	53931	89889	89890	89891
d1o8xa_	51349	52832	52833	52901
d1o91a_	48724	49841	49842	49843
d1o98a1	51349	64157	64158	64159
d1o98a2	51349	53648	53649	64162
d1o9aa1	56992	57602	57603	57604
d1o9ga_	51349	53334	53335	89738
d1o9ya_	48724	101800	101801	101802
d1oa0a_	56572	56820	56821	56822
d1oa8a_	48724	102030	102031	102032
d1oaaa_	51349	51734	51735	51751
d1oaca1	48724	49993	49998	49999
d1oaca2	53931	54402	54416	54417
d1oaca4	53931	55382	55383	55384
d1oaha_	46456	48694	48695	48711
d1oaia_	46456	46928	46934	68973
d1oaoc_	56572	56820	56821	82852
d1oaql_	48724	48725	48726	48727
d1ob8a_	51349	52979	52980	64080
d1obba1	51349	51734	51735	51848
d1obba2	53931	56326	56327	90050
d1oboa_	51349	52171	52218	52219
d1oc0b_	56992	90187	90188	90189
d1oc7a_	51349	51988	51989	51990
d1ocka_	51349	75303	75304	75305
d1ocsa_	53931	64267	64268	64269
d1ocya_	53931	88873	88874	88875
d1od3a_	48724	49784	49785	69213
d1od5a1	48724	51181	51182	51187
d1od6a_	51349	52373	52374	52397
d1odfa_	51349	52539	52540	52584
d1odha_	53931	90072	90073	90074
d1odka_	51349	53162	53167	53168
d1odma_	48724	51181	51197	51198
d1odoa_	46456	48263	48264	48265
d1odza_	51349	51350	51445	51487
d1oe4a_	51349	52140	52141	89579
d1oe8a1	46456	47615	47616	47617
d1oe8a2	51349	52832	52833	52862
d1oeda_	56835	90111	90112	90113
d1oedc_	56835	90111	90112	90113
d1oeja_	48724	50813	50814	101863
d1oewa_	48724	50629	50630	50646
d1oeyj_	53931	54235	54277	64225
d1of5b_	53931	54402	54427	54431
d1of8a_	51349	51350	51569	51599
d1of9a_	46456	47861	47862	101266
d1ofcx1	46456	46688	46689	46739
d1ofcx2	46456	46688	46689	100998
d1ofcx3	46456	101223	101224	101225
d1ofda1	48724	51125	69336	69337
d1ofda2	51349	51350	51395	51396
d1ofda3	53931	56234	56235	56236
d1ofla_	48724	51125	51126	51144
d1ofux_	51349	52539	52540	89678
d1ofwa_	46456	48694	48695	48696
d1ofza_	48724	50938	89372	89373
d1ogad1	48724	48725	48726	48727
d1ogad2	48724	48725	48726	48942
d1ogae1	48724	48725	48726	48727
d1ogae2	48724	48725	48726	48942
d1ogda_	51349	102545	102546	102547
d1ogmx1	48724	101595	101596	101597
d1ogmx2	48724	51125	51126	101954
d1ogqa_	51349	52046	52058	89569
d1ogya1	48724	50684	50692	50696
d1ogya2	51349	53705	53706	53707
d1ogyb_	46456	48694	48695	48711
d1oh0a_	53931	54402	54427	54434
d1oh1a_	48724	50875	50882	101869
d1oh4a_	48724	49784	49785	89241
d1ohea1	51349	52798	52799	52800
d1ohfa_	48724	88632	88633	101568
d1ohla_	51349	51350	51569	51594
d1ohpa_	53931	54402	54427	54434
d1ohta_	53931	55845	55846	55847
d1ohua_	56835	56836	56854	56855
d1ohwa_	51349	53382	53383	53417
d1oi0a_	51349	53926	102712	102713
d1oi2a_	51349	82548	82549	109613
d1oi6a_	48724	51181	51182	51183
d1oi7a1	51349	51734	51735	51900
d1oi7a2	51349	52171	52210	52211
d1oiga_	56992	57015	90148	90149
d1oiha_	48724	51181	51197	75038
d1oisa_	56572	56740	56741	56742
d1oj4a2	53931	54861	55060	89950
d1oj5a_	53931	55769	55785	103187
d1ojha_	46456	109858	109859	109860
d1ojja_	48724	49898	49899	49971
d1ojqa_	53931	56398	56399	56400
d1ojta1	51349	51904	51905	51943
d1ojta2	51349	51904	51905	51943
d1ojta3	53931	55423	55424	55425
d1ojxa_	51349	51350	51569	51570
d1ok0a_	48724	49497	49498	49499
d1ok3a1	56992	57534	57535	57536
d1ok7a1	53931	55978	55979	55980
d1ok8a1	48724	48725	81296	81284
d1okca_	56835	103505	103506	103507
d1okga1	51349	52820	52821	52827
d1okga3	53931	54533	54534	102868
d1okia1	48724	49694	49695	49696
d1okja1	51349	53066	53067	110633
d1okkd1	46456	47161	47364	47365
d1okkd2	51349	52539	52540	52652
d1okqa1	48724	49898	49899	49944
d1okta1	46456	47615	47616	47617
d1okta2	51349	52832	52833	52862
d1olla1	48724	48725	48726	49159
d1olma1	46456	46928	46938	46939
d1olma2	48724	101575	101576	101577
d1olma3	51349	52086	52087	52088
d1olra_	48724	49898	49899	49978
d1olta_	51349	51350	102114	102118
d1olza1	48724	48725	48726	49159
d1olza2	48724	50964	101912	101913
d1olza3	56992	57491	103575	103576
d1om2a_	46456	47143	47157	47158
d1omca_	56992	57015	57059	57060
d1omoa_	51349	51734	51735	110436
d1omra_	46456	47472	47473	47502
d1omwa1	46456	48096	48097	48098
d1omwa2	48724	50728	50729	50730
d1omwa3	53931	56111	56112	88854
d1omza_	51349	53447	53448	89760
d1on2a1	46456	46688	46785	46882
d1on2a2	46456	47978	47979	47980
d1on3a1	51349	52095	52096	89572
d1onfa2	51349	51904	51905	51943
d1onwa1	48724	51337	51338	89438
d1onwa2	51349	51350	51556	89489
d1oo0a_	53931	89816	89817	89818
d1oo0b_	53931	54861	54928	54929
d1ooea_	51349	51734	51735	51751
d1oota_	48724	50036	50044	50045
d1ooya1	51349	100949	100950	74657
d1ooya2	51349	100949	100950	74656
d1op4a_	48724	48725	49313	49314
d1opca_	46456	46688	46894	46895
d1opoa_	48724	88632	88633	88643
d1oqca_	46456	47161	69000	69001
d1oqja_	53931	63762	63763	63764
d1oqva_	53931	54522	54523	89868
d1or0.1	53931	56234	56235	56244
d1or4a_	46456	46457	46458	46463
d1or7a1	46456	46688	88659	88665
d1or7a2	46456	88945	88946	88947
d1or7c_	46456	89068	89069	89070
d1orua_	48724	50799	50800	101844
d1osna_	51349	52539	52540	52541
d1osya_	48724	48725	101542	101543
d1otfa_	53931	55330	55331	55332
d1otga_	53931	55330	55331	55336
d1otra_	46456	46928	46934	88995
d1otsa_	56835	81341	81340	69912
d1ou0a_	51349	52171	63965	63966
d1ou5a1	46456	81890	81891	81892
d1ou5a2	53931	81302	81301	82661
d1ou8a_	48724	101737	101738	101739
d1ouwa_	48724	51091	51101	51102
d1ov9a_	46456	81274	81273	81272
d1ovma1	51349	52466	52467	52475
d1ovma3	51349	52517	52518	88749
d1ow0a1	48724	48725	48726	48942
d1ow1a_	48724	100938	100939	101856
d1ow5a_	46456	47768	47769	47773
d1owfa_	46456	47728	47729	47730
d1owfb_	46456	47728	47729	47730
d1owla1	46456	48172	48173	48174
d1owla2	51349	52424	52425	52426
d1owwa_	48724	48725	49265	49266
d1ox0a1	51349	53900	53901	53902
d1ox0a2	51349	53900	53901	53902
d1oxja1	46456	47768	47769	47773
d1oxja2	46456	48370	48371	89129
d1oxwa_	51349	52150	52151	89729
d1oxxk1	48724	50198	50331	50338
d1oxxk2	51349	52539	52540	52686
d1oy3d_	53931	74651	48403	48404
d1oy5a_	51349	75216	75217	89629
d1oyga_	48724	50933	75005	101881
d1oyia_	46456	46688	46785	46853
d1oyja1	46456	47615	47616	47617
d1oywa1	46456	46688	46785	101030
d1oywa2	51349	52539	52540	81268
d1oyza_	46456	48370	48371	101410
d1oz2a1	48724	50036	63748	89299
d1oz9a_	53931	55485	55486	103132
d1ozha1	51349	52466	52467	52475
d1ozha2	51349	52517	52518	88724
d1ozha3	51349	52517	52518	88749
d1ozja_	53931	56365	56366	56367
d1ozna_	51349	52046	52058	75142
d1ozza_	56992	57015	57095	57163
d1p0ha_	53931	55728	55729	55730
d1p0ka_	51349	51350	51395	51396
d1p0ya1	46456	81821	81822	81823
d1p0ya2	48724	51268	82199	82210
d1p16a1	48724	50198	50249	50307
d1p16a2	53931	56058	56091	56100
d1p1ja1	51349	51734	51735	51800
d1p1ja2	53931	55346	55347	55368
d1p1ma1	48724	51337	51338	82224
d1p1ma2	51349	51350	51556	82258
d1p1ta_	53931	54861	54928	54929
d1p1xa_	51349	51350	51569	51570
d1p22a1	46456	81385	81383	81381
d1p22a2	48724	50964	50978	50979
d1p2fa1	46456	46688	46894	46895
d1p2fa2	51349	52171	52172	52173
d1p2za1	48724	88632	49749	49753
d1p2za2	48724	88632	49749	49753
d1p32a_	53931	54528	54529	54530
d1p35a_	48724	49893	49894	49895
d1p3ca_	48724	50493	50494	50495
d1p3da1	51349	51983	51984	51985
d1p3da2	51349	53243	53244	53245
d1p3da3	51349	53612	53623	53624
d1p3wa_	51349	53382	53383	53402
d1p3y1_	51349	52506	52507	52508
d1p42a1	53931	54210	54211	89827
d1p49a_	51349	53648	53649	53653
d1p4aa1	46456	46688	46785	101021
d1p4aa2	51349	53270	53271	53272
d1p4ca_	51349	51350	51395	51396
d1p4da_	53931	55463	55464	103120
d1p4ea1	46456	47768	47823	47824
d1p4ea2	53931	56348	56349	56350
d1p4ta_	56835	56924	56925	56926
d1p4ua_	48724	48725	49348	74857
d1p4wa_	46456	46688	46894	46900
d1p4xa1	46456	46688	46785	63379
d1p5dx1	51349	53737	53738	53739
d1p5dx2	51349	53737	53738	53739
d1p5dx4	53931	55944	55957	55958
d1p5ja_	51349	53685	53686	53687
d1p5qa1	46456	48370	48452	48453
d1p5sa_	46456	47575	47576	47577
d1p5va1	48724	48725	49354	49355
d1p5va2	48724	49561	49584	49585
d1p5vb_	48724	49379	49401	49405
d1p5zb_	51349	52539	52540	52541
d1p65a_	53931	103067	103068	103069
d1p6oa_	51349	53926	53927	89800
d1p6qa_	51349	52171	52172	52173
d1p6ra_	46456	46688	46785	101016
d1p7ba1	48724	48725	81296	81966
d1p7ga2	53931	54718	54719	54720
d1p7hl1	48724	48725	81296	81279
d1p7hl2	48724	49379	49417	81315
d1p80a1	51349	52171	52317	52328
d1p80a2	56572	56633	56634	56635
d1p8ba_	56992	57015	57059	90134
d1p8ja1	48724	49784	49785	89249
d1p8kz1	53931	55603	55608	55609
d1p90a_	51349	53066	53146	102496
d1p91a_	51349	53334	53335	102557
d1p94a_	46456	47597	47598	100970
d1p99a_	51349	53849	53850	53851
d1p9ag_	51349	52046	52058	75142
d1p9ea_	53931	56280	56281	111227
d1p9ga_	56992	57015	57016	57017
d1p9ha_	48724	51160	101967	101968
d1p9oa_	51349	53612	102645	102646
d1p9ya_	53931	100965	102735	102736
d1pa4a_	53931	54805	89919	89920
d1paqa_	46456	48370	48371	100908
d1pava_	53931	55199	64307	88852
d1pb5a_	56992	90192	90193	90194
d1pb7a_	51349	53849	53850	53851
d1pbga_	51349	51350	51445	51521
d1pbja3	53931	54630	54631	54632
d1pbua_	53931	54861	89942	89943
d1pbwa_	46456	48349	48350	48351
d1pbya1	46456	46625	46626	68956
d1pbya3	48724	48725	81296	81294
d1pbya5	48724	50875	69298	69299
d1pbyb_	48724	50964	50969	69309
d1pbyc_	46456	48661	69131	69132
d1pc3a_	51349	53849	53850	53851
d1pc6a_	53931	103369	103370	103371
d1pcea_	56992	100894	100895	57468
d1pcha_	53931	55593	55594	55595
d1pcia_	53931	54000	54001	54002
d1pd0a1	46456	47932	81811	81812
d1pd0a2	48724	49379	81995	81996
d1pd0a3	51349	53299	53300	82458
d1pd0a4	53931	55752	82754	82755
d1pd0a5	56992	57769	82919	82920
d1pd3a_	46456	47379	101156	101157
d1pdaa1	51349	53849	53850	53851
d1pdaa2	53931	54767	54782	54783
d1pdga_	56992	57500	57501	57502
d1pdkb_	48724	49379	49401	49405
d1pdoa_	51349	53061	53062	53063
d1pe4a_	56992	57015	57095	57096
d1pe9a_	48724	51125	51126	51127
d1peaa_	51349	53821	53822	53823
d1peqa1	46456	48167	48168	48169
d1peqa2	51349	51997	51998	52002
d1pf5a_	53931	55297	55298	55299
d1pfba_	48724	50036	54160	54165
d1pfsa_	48724	50198	50249	50315
d1pfta_	56992	57769	57783	57784
d1pfva1	46456	47322	47323	47324
d1pfva2	51349	52373	52374	52375
d1pfva3	56992	57769	57770	57771
d1pg4a_	56572	56800	56801	56802
d1pg5b1	53931	54861	54893	54894
d1pg5b2	56992	57769	57825	57826
d1pg6a_	48724	51181	51219	101995
d1pgja1	46456	48178	48179	48180
d1pgl11	48724	88632	88633	88636
d1pgl21	48724	88632	88633	88636
d1pgsa1	48724	88632	49742	49743
d1pgua1	48724	50964	50978	50979
d1pgva_	51349	52046	52047	52048
d1pgya_	46456	46928	46934	46935
d1phka_	53931	56111	56112	88854
d1phza1	53931	54861	55021	55028
d1piea1	53931	54210	54211	54232
d1piea2	53931	54861	55060	103011
d1piia1	51349	51350	51366	51381
d1piia2	51349	51350	51366	51381
d1pina1	48724	51044	51045	51046
d1pina2	53931	54533	54534	54535
d1piwa1	48724	50128	50129	50136
d1piwa2	51349	51734	51735	51736
d1pixa2	51349	52095	52096	89572
d1pixa3	51349	52095	52096	89572
d1pj5a1	48724	50464	101790	101791
d1pj5a2	51349	51904	51905	51913
d1pj5a3	53931	54372	54373	54394
d1pj5a4	53931	103024	103025	103026
d1pjaa_	51349	53473	53474	53542
d1pjca1	51349	51734	51735	51830
d1pjca2	51349	52171	52283	52297
d1pjha_	51349	52095	52096	52103
d1pjqa1	51349	51734	51735	75110
d1pjqa2	51349	53789	53790	53791
d1pjqa3	56572	75614	75615	75616
d1pjra1	51349	52539	52540	81268
d1pjxa_	48724	50938	63829	63830
d1pjza_	51349	53334	53335	102566
d1pk3a1	46456	47768	47769	47773
d1pkha_	48724	51268	51283	51284
d1pkla1	48724	50799	50800	50801
d1pkla3	51349	52934	52935	52936
d1pkpa1	53931	54210	54211	54212
d1pkpa2	53931	54767	54768	54778
d1pkxa1	51349	52334	52335	63971
d1pl3a_	48724	48725	49344	49345
d1pl8a1	48724	50128	50129	50136
d1pl8a2	51349	51734	51735	51736
d1plca_	48724	49502	49503	49504
d1plqa1	53931	55978	55979	55983
d1pm4a_	48724	101605	101606	101607
d1pmhx_	48724	49784	49785	89241
d1pmia_	48724	51181	51182	51191
d1pmma_	51349	53382	53383	69565
d1pn0a1	51349	51904	51905	51913
d1pn0a2	51349	52832	52833	52901
d1pn0a3	53931	54372	54373	54378
d1pn2a1	53931	54636	54637	82636
d1pn5a1	46456	47985	47986	101298
d1pnb.1	46456	47698	47699	47715
d1pnha_	56992	57015	57095	57116
d1poca_	46456	48618	48619	48620
d1poia_	51349	100949	100950	74656
d1poib_	51349	100949	100950	74657
d1pota_	51349	53849	53850	53851
d1pp0a_	53931	55675	55676	55677
d1pp7u_	46456	46688	46785	101045
d1ppja1	53931	63410	63411	63412
d1ppjb1	53931	63410	63411	63412
d1ppjc1	56835	81649	81648	81647
d1ppjc2	56835	81344	81342	81642
d1ppjd1	46456	46625	46626	46676
d1ppjd2	56835	81407	81496	81495
d1ppje2	56835	81407	81502	81501
d1ppjf_	56835	81525	81524	81523
d1ppjg_	56835	81407	81508	81507
d1ppjh_	56835	81532	81531	81530
d1ppji_	53931	56567	56568	90077
d1ppjj_	56835	81407	81514	81513
d1pprm1	46456	48607	48608	48609
d1ppya_	48724	50684	50692	50693
d1pq4a_	51349	53799	53807	53811
d1pq9a_	46456	48507	48508	48509
d1pqsa_	53931	54235	54277	64225
d1pqwa_	51349	51734	51735	51736
d1prta_	53931	56398	56399	56400
d1prtb1	48724	50198	50203	50204
d1prtb2	53931	56435	56436	56467
d1prtd_	48724	50198	50203	50204
d1prtf_	48724	50198	50203	50204
d1ps1a_	46456	48575	48576	48586
d1ps9a1	51349	51350	51395	51396
d1ps9a2	51349	51904	51905	51906
d1ps9a3	51349	51970	51971	51972
d1psra_	46456	47472	47473	47478
d1pswa_	51349	53755	53756	89784
d1psya_	46456	47698	47699	47715
d1ptfa_	53931	55593	55594	55595
d1ptqa_	56992	57888	57889	57890
d1pu1a_	53931	110782	110783	110784
d1pu6a_	46456	48149	48150	101349
d1puca_	53931	55636	55637	55638
d1puee_	46456	46688	46785	46859
d1pufa_	46456	46688	46689	46690
d1pufb_	46456	46688	46689	46690
d1puia_	51349	52539	52540	52592
d1puja_	51349	52539	52540	52592
d1pula1	46456	47472	47473	140538
d1puza_	46456	109909	109910	109911
d1pv5a_	53931	103031	103032	103033
d1pv9a1	51349	53066	53092	53093
d1pv9a2	53931	55919	55920	55921
d1pvc1_	48724	88632	88633	88634
d1pvda1	51349	52466	52467	52475
d1pvda2	51349	52517	52518	88724
d1pvda3	51349	52517	52518	88749
d1pvga1	53931	54210	54211	54224
d1pvga2	53931	55873	55874	55879
d1pvma3	56992	57769	103623	103624
d1pvma4	53931	54630	54631	54632
d1pvna1	51349	51350	51412	51413
d1pvta_	51349	53638	53639	53640
d1pvza_	56992	57015	57095	57116
d1pwaa_	48724	50352	50353	50354
d1pwba1	53931	56435	56436	56437
d1px5a1	46456	81632	81631	101271
d1px5a2	53931	81302	81301	102937
d1px9a_	56992	57015	57095	57116
d1pxea_	56992	103636	103637	103638
d1pxza_	48724	51125	51126	51127
d1pya.1	53931	56270	56271	56272
d1pyia1	56992	57700	57701	57702
d1pyo.1	51349	52128	52129	52130
d1pz7a_	48724	49898	49899	49944
d1pzla_	46456	48507	48508	48509
d1pzra_	46456	47458	101173	101174
d1pzsa_	48724	48725	49329	49330
d1pzwa_	56992	57715	57716	103605
d1pzxa_	51349	82548	82549	82550
d1q06a_	46456	46954	46955	46962
d1q08a_	46456	46954	46955	46962
d1q0pa_	51349	53299	53300	53301
d1q0qa1	46456	47916	69055	69056
d1q0qa2	51349	51734	51735	51800
d1q0qa3	53931	55346	55347	55368
d1q0ra_	51349	53473	53474	102620
d1q0ua_	51349	52539	52540	81268
d1q15a1	51349	52373	52402	52403
d1q15a2	53931	56234	56235	56236
d1q1aa_	51349	52466	52467	63984
d1q1fa_	46456	46457	46458	46463
d1q1ha_	46456	46688	46785	101024
d1q1ra1	51349	51904	51905	51943
d1q1ra2	51349	51904	51905	51943
d1q1ra3	53931	55423	55424	55425
d1q1ua_	48724	50352	50353	50354
d1q25a1	48724	50910	50911	50912
d1q2ha_	46456	47405	109805	109806
d1q2la1	53931	63410	63411	63412
d1q2ya_	53931	55728	55729	55730
d1q2za_	46456	48370	101420	101421
d1q32a1	53931	56023	56024	69815
d1q33a_	53931	55810	55811	55812
d1q35a_	51349	53849	53850	53851
d1q3ja_	56992	57015	57048	57052
d1q3oa_	48724	50155	50156	50157
d1q3qa1	46456	48591	48592	48596
d1q3qa2	51349	52008	52029	52034
d1q3qa3	53931	54848	54849	54853
d1q3xa1	48724	50493	50494	50514
d1q3xa2	56992	57534	57535	57536
d1q40a_	53931	54402	54427	54431
d1q40b_	53931	54402	54427	54431
d1q44a_	51349	52539	52540	52575
d1q45a_	51349	51350	51395	51396
d1q46a1	46456	47768	116742	116743
d1q47a_	48724	50964	101912	101913
d1q4ga1	46456	48112	48113	48132
d1q4ga2	56992	57015	57196	57197
d1q4ta_	53931	54636	54637	89902
d1q52a_	51349	52095	52096	52103
d1q5da_	46456	48263	48264	48265
d1q5na_	46456	48556	48557	48558
d1q5ya_	53931	54861	55021	102999
d1q5za_	46456	101311	101312	101313
d1q67a_	48724	50728	50729	101836
d1q6ha_	53931	54533	54534	54535
d1q6oa_	51349	51350	51366	51375
d1q6wa_	53931	54636	54637	82636
d1q6za1	51349	52466	52467	52475
d1q6za2	51349	52517	52518	88724
d1q6za3	51349	52517	52518	88749
d1q74a_	51349	102587	102588	102589
d1q79a3	53931	54861	55003	55004
d1q7fa_	48724	50938	101898	101899
d1q7ha1	48724	88696	88697	88698
d1q7ha2	53931	54402	88802	102820
d1q7l.1	51349	53162	53187	53204
d1q88a_	56572	103408	103409	103410
d1q8ba_	53931	54861	54909	102962
d1q8ca_	46456	48012	48013	101303
d1q8da_	46456	110034	110035	110036
d1q8fa_	51349	53589	53590	53591
d1q8ga_	53931	55752	55753	55762
d1q8ia1	51349	53066	53098	53118
d1q8ia2	56572	56671	56672	56673
d1q8ka2	53931	54861	110993	110994
d1q8ya_	53931	56111	56112	88854
d1q90a3	56835	81407	103431	103432
d1q90b_	56835	81344	81342	81642
d1q90d_	56835	81649	81648	81647
d1q90g_	56835	81407	103446	103447
d1q90l_	56835	81407	103436	103437
d1q90m_	56835	81407	103441	103442
d1q90n_	56835	81407	103451	103452
d1q90r_	56835	81407	81502	81501
d1q9ba_	56992	57015	57016	57017
d1q9ca_	46456	47112	47113	47134
d1q9ja1	51349	52776	52777	75229
d1q9ua_	53931	55944	103247	103248
d1qada_	53931	55549	55550	55551
d1qama_	51349	53334	53335	88784
d1qapa2	53931	54664	54675	54676
d1qasa1	46456	47472	47473	47547
d1qasa2	48724	49561	49562	49563
d1qaua_	48724	50155	50156	50157
d1qava_	48724	50155	50156	50157
d1qaza_	46456	48207	48230	48231
d1qb2a_	46456	47445	47446	47447
d1qb5d_	48724	50198	50203	50204
d1qb7a_	51349	53270	53271	53272
d1qbaa1	48724	48725	81296	81282
d1qbaa2	48724	49379	49384	49398
d1qbaa3	51349	51350	51445	51550
d1qbaa4	53931	55485	55545	55546
d1qbea_	53931	55404	55405	55406
d1qbja_	46456	46688	46785	46853
d1qc7a_	46456	48370	48029	48030
d1qcrd2	46456	46625	46626	46676
d1qcsa1	48724	50684	50692	50708
d1qcsa2	53931	54584	54585	54586
d1qcxa_	48724	51125	51126	51133
d1qcza_	51349	52171	52255	52256
d1qd1a1	53931	54861	55116	55117
d1qd6.1	56835	56924	56931	56932
d1qdda_	53931	56435	56436	56437
d1qdla_	53931	56321	56322	56323
d1qdlb_	51349	52171	52317	52318
d1qdma1	46456	47861	47862	47866
d1qe0a1	51349	52953	52954	52955
d1qe3a_	51349	53473	53474	53475
d1qexa_	48724	50016	50017	50018
d1qf6a1	51349	52953	52954	52955
d1qf6a4	53931	55680	55681	55682
d1qf8a_	56992	57769	57798	57799
d1qfha1	48724	48725	81296	81290
d1qfja1	48724	50412	63380	63381
d1qfja2	51349	52342	52343	52344
d1qfma1	48724	50964	50993	50994
d1qfma2	51349	53473	53474	53496
d1qfoa_	48724	48725	48726	48727
d1qfta_	48724	50813	50814	50815
d1qfxa_	51349	53253	53254	53258
d1qg3a1	48724	48725	49265	49266
d1qg8a_	51349	53447	53448	53449
d1qgia_	53931	53954	53955	53996
d1qgna_	51349	53382	53383	53402
d1qgra_	46456	48370	48371	48372
d1qgva_	51349	52832	52833	52895
d1qh4a1	46456	48033	48034	48035
d1qh5a_	53931	56280	56281	56288
d1qhba_	46456	48316	48317	48321
d1qhda1	46456	48344	48345	63596
d1qhda2	48724	49817	49818	49819
d1qhla_	51349	52539	52540	52686
d1qhoa1	48724	48725	81296	81282
d1qhqa_	48724	49502	49503	49504
d1qhua1	48724	50922	50923	50924
d1qhva_	48724	49834	49835	49836
d1qhxa_	51349	52539	52540	52569
d1qi9a_	46456	48316	48317	48321
d1qipa_	53931	54592	54593	54594
d1qjka_	56992	57867	57868	57869
d1qjla_	56992	57867	57868	57869
d1qjpa_	56835	56924	56925	56926
d1qjta_	46456	47472	47473	47543
d1qk7a_	56992	57015	57059	57072
d1qk9a_	53931	54170	54171	54178
d1qkia1	51349	51734	51735	51800
d1qkia2	53931	55346	55347	55376
d1qkra_	46456	47161	47220	47221
d1qksa1	46456	46625	46626	46671
d1qksa2	48724	50997	51004	51005
d1ql3a_	46456	46625	46626	46627
d1qlma_	53931	56198	56199	56200
d1qlsa_	46456	47472	47473	47478
d1qlwa_	51349	53473	53474	53552
d1qmea1	53931	54183	54184	54185
d1qmea3	53931	56518	56519	56520
d1qmea4	56572	56600	56601	56602
d1qmga1	46456	48178	48179	48184
d1qmga2	51349	51734	51735	51868
d1qmha1	51349	52832	52913	52914
d1qmha2	53931	55199	55205	55206
d1qmva_	51349	52832	52833	52901
d1qmya_	53931	54000	54001	54037
d1qnra_	51349	51350	51445	51487
d1qnta2	51349	53066	53155	53156
d1qo0d_	51349	52171	52172	52197
d1qo2a_	51349	51350	51366	51367
d1qo3c_	53931	56435	56436	56437
d1qo8a1	46456	48694	48695	48711
d1qoja_	46456	46556	46600	46601
d1qopa_	51349	51350	51366	51381
d1qopb_	51349	53685	53686	53687
d1qora1	48724	50128	50129	50136
d1qora2	51349	51734	51735	51736
d1qp8a1	51349	51734	51735	51830
d1qp8a2	51349	52171	52283	52284
d1qpma_	46456	46954	46955	46891
d1qpoa1	51349	51350	51690	51691
d1qpoa2	53931	54664	54675	54676
d1qpxa1	48724	48725	49354	49355
d1qpxa2	48724	49561	49584	49585
d1qpza1	46456	47412	47413	47438
d1qq5a_	51349	56783	56784	56785
d1qqea_	46456	48370	48452	48453
d1qqga1	48724	50728	50729	50755
d1qqha_	48724	51331	51332	51333
d1qqp.1	48724	88632	88633	88634
d1qqp1_	48724	88632	88633	88634
d1qqp3_	48724	88632	88633	88634
d1qqra_	53931	54235	54328	54329
d1qr0a1	53931	56213	56214	56215
d1qr4a1	48724	48725	49265	49266
d1qrva_	46456	47094	47095	47096
d1qs0a_	51349	52517	52518	88766
d1qs1a1	53931	56398	56399	56400
d1qsaa1	46456	48370	48435	48436
d1qsaa2	53931	53954	53955	53991
d1qsda_	46456	46965	46988	46989
d1qsma_	53931	55728	55729	55730
d1qtma1	51349	53066	53098	53118
d1qtn.1	51349	52128	52129	52130
d1qtqa1	48724	50714	50715	50719
d1qtqa2	51349	52373	52374	52375
d1qtwa_	51349	51350	51658	51659
d1qu9a_	53931	55297	55298	55299
d1quba1	56992	57534	57535	57536
d1qupa2	53931	54861	55008	55009
d1qusa_	53931	53954	53955	53991
d1quua1	46456	46965	46966	46967
d1qv0a_	46456	47472	47473	47502
d1qvca_	48724	50198	50249	50263
d1qvra1	46456	81922	81923	81924
d1qvwa_	51349	52171	52317	52325
d1qw9a1	48724	51010	51011	89388
d1qw9a2	51349	51350	51445	51487
d1qwga_	51349	51350	102110	102111
d1qwja_	51349	53447	53448	68901
d1qwoa_	51349	53253	53254	53258
d1qwra_	48724	51181	51182	51191
d1qwya_	48724	51229	51261	102006
d1qx2a_	46456	47472	47473	47474
d1qxfa_	56992	57769	57829	90217
d1qxma1	48724	50352	50370	50371
d1qxya_	53931	55919	55920	55921
d1qy9a1	53931	54505	54506	89863
d1qyna_	53931	54610	54611	54612
d1qz9a_	51349	53382	53383	53402
d1qzea1	46456	46928	46934	46935
d1qzfa1	51349	53596	53597	53598
d1qzga_	48724	50198	50249	50263
d1qzma_	51349	52539	52540	81269
d1qzxa2	46456	47445	47446	47447
d1qzza1	46456	46688	46785	63475
d1qzza2	51349	53334	53335	64111
d1r0da_	46456	109884	109885	109886
d1r0ma1	51349	51350	51604	51609
d1r0ma2	53931	54825	54826	54827
d1r0ri_	56992	100894	100895	57468
d1r0ua_	48724	50813	50814	101866
d1r0va1	51349	52979	53032	53033
d1r0va3	53931	55266	55267	55268
d1r11a3	53931	55266	55267	55268
d1r17a1	48724	49379	49401	89210
d1r1fa_	56992	57015	57038	103526
d1r1ga_	56992	57015	57095	57116
d1r1ha_	53931	55485	55486	55502
d1r1ma_	53931	55297	103088	103089
d1r1ta_	46456	46688	46785	46801
d1r1ua_	46456	46688	46785	46801
d1r29a_	53931	54694	54695	54696
d1r2ja1	46456	47363	47203	47204
d1r2ja2	56572	56644	56645	56646
d1r2qa_	51349	52539	52540	52592
d1r2za1	46456	81297	46946	81626
d1r2za2	48724	81625	81624	81623
d1r2za3	56992	57715	57716	81627
d1r30a_	51349	51350	102114	102115
d1r31a1	53931	54861	55035	55036
d1r31a2	53931	56541	56542	56543
d1r3ea1	48724	88696	88697	88698
d1r3ea2	53931	100877	55120	69746
d1r3jc_	56835	81325	81324	81323
d1r3na1	51349	53162	53187	53204
d1r3na2	53931	54861	55031	55032
d1r3sa_	51349	51350	51726	51727
d1r44a_	53931	55165	55166	111022
d1r45a_	53931	56398	56399	56400
d1r46a1	48724	51010	51011	51012
d1r4ga_	46456	46996	101089	101090
d1r4pa_	53931	56370	56371	56395
d1r4va_	46456	47112	47113	101318
d1r4xa1	48724	48725	49348	101536
d1r4xa2	53931	55710	55711	103159
d1r53a_	53931	103262	103263	103264
d1r5aa1	46456	47615	47616	47617
d1r5ba1	48724	50412	50447	50448
d1r5ba2	48724	50464	50465	50466
d1r5la1	46456	46928	46938	46939
d1r5la2	51349	52086	52087	52088
d1r5ta_	51349	53926	53927	53928
d1r61a_	51349	52008	102198	102199
d1r62a_	53931	55873	55874	55884
d1r69a_	46456	47412	47413	47419
d1r6da_	51349	51734	51735	51751
d1r6fa_	56572	103387	103388	103389
d1r6la1	53931	54210	54211	54229
d1r6la2	53931	55665	55666	55667
d1r6ra_	46456	101256	101257	101258
d1r6ta1	46456	47059	47060	47068
d1r6ta2	51349	52373	52374	52375
d1r6wa1	51349	51350	51604	51609
d1r6wa2	53931	54825	54826	54827
d1r71a_	46456	46688	109709	109710
d1r75a_	48724	101600	101601	101602
d1r76a_	46456	48207	81853	81854
d1r7aa1	48724	51010	51011	51012
d1r7aa2	51349	51350	51445	51446
d1r7ja_	46456	46688	46785	109677
d1r7ma1	53931	55603	55608	55609
d1r85a_	51349	51350	51445	51487
d1r89a1	46456	81632	81631	101274
d1r89a2	53931	81302	81301	102940
d1r89a3	53931	54861	55003	102995
d1r8da_	46456	46954	46955	46962
d1r8ea1	46456	46954	46955	46962
d1r8ea2	53931	55135	55136	55137
d1r8ga_	53931	55930	55931	111160
d1r8ha_	53931	54861	54957	54958
d1r8ia_	46456	46996	101082	101083
d1r8ja2	51349	52171	52172	82344
d1r8na_	48724	50352	50386	50387
d1r8o.1	48724	50352	50386	50387
d1r8sa_	51349	52539	52540	52592
d1r8se_	46456	48370	48425	48426
d1r9da_	51349	51997	51998	51999
d1r9la_	51349	53849	53850	53851
d1r9wa_	53931	55463	55464	64332
d1ra0a1	48724	51337	51338	69373
d1ra0a2	51349	51350	51556	69390
d1rbli_	53931	55238	55239	55240
d1rc9a1	53931	55796	55797	55798
d1rc9a2	56992	57545	57546	118259
d1rcqa1	48724	50614	50621	88682
d1rcqa2	51349	51350	51419	51420
d1rcua_	51349	102404	102405	102406
d1rcwa_	46456	48612	48613	101463
d1rd5a_	51349	51350	51366	51381
d1rdqe_	53931	56111	56112	88854
d1rdua_	51349	53066	53146	53147
d1regx_	53931	54861	55064	55065
d1repc1	46456	46688	46785	46816
d1rewa_	56992	57500	57501	57507
d1rewc_	56992	57301	57302	57354
d1rf8a_	53931	55417	55418	55419
d1rfea_	48724	50474	50475	50476
d1rfsa_	48724	50021	50022	50023
d1rfya_	46456	46556	109631	109632
d1rgoa1	56992	90228	90229	90230
d1rgxa_	56992	111422	111423	111424
d1rh1a1	48724	69368	69369	69370
d1rh5a_	56835	103490	103491	103492
d1rh5b_	56835	81407	103456	103457
d1rh5c_	56835	81334	267595	267608
d1rh6a_	46456	46954	46955	46891
d1rh8a_	48724	49561	49562	49575
d1rh9a1	51349	51350	51445	51487
d1rhca_	51349	51350	51679	51687
d1rhfa1	48724	48725	48726	48727
d1rhfa2	48724	48725	48726	49159
d1rhsa1	51349	52820	52821	52827
d1rhya1	53931	54210	54211	102766
d1ri5a_	51349	53334	53335	102560
d1ri9a_	48724	50036	50044	50045
d1riea_	48724	50021	50022	50023
d1rifa_	51349	52539	52540	102396
d1rj8a_	48724	49841	49842	49843
d1rjja_	53931	54861	54909	89927
d1rjlc_	48724	51086	51087	51088
d1rjta_	53931	54116	54117	54118
d1rjuv_	56992	57867	57868	57869
d1rjwa2	51349	51734	51735	51736
d1rk8c_	48724	51044	101931	101932
d1rkda_	51349	53612	53613	53614
d1rkia1	53931	143436	143437	143443
d1rkla_	56835	81407	103464	103465
d1rkta1	46456	46688	46689	46764
d1rkta2	46456	48497	48498	48499
d1rkxa_	51349	51734	51735	51751
d1rl0a_	53931	56370	56371	56372
d1rl1a_	48724	49763	49764	101580
d1rl2a1	48724	50036	50104	50114
d1rl2a2	48724	50198	50249	50282
d1rl4a_	53931	56419	56420	56421
d1rl6a1	53931	56052	56053	56054
d1rlia_	51349	52171	52218	102237
d1rlra1	46456	48167	48168	48169
d1rlra2	51349	51997	51998	52002
d1rlwa_	48724	49561	49562	49563
d1rm6a1	53931	54664	54665	54666
d1rm6a2	53931	56002	56003	56004
d1rm6b1	53931	55423	55447	55448
d1rm6b2	53931	56175	56176	56187
d1rm6c2	53931	54235	54292	54312
d1rmda1	56992	57666	57667	57668
d1rmda2	56992	57849	57850	57851
d1rmga_	48724	51125	51126	51137
d1rmka_	56992	57015	57059	57060
d1ro2a_	53931	56746	56747	103305
d1rowa_	48724	48725	49354	49360
d1rp0a1	51349	51904	51905	141942
d1rp3a1	46456	46688	88659	88660
d1rp3a2	46456	46688	88659	88665
d1rp3a3	46456	88945	88946	88947
d1rp3b_	46456	48661	101498	101499
d1rq0a_	56572	75619	75620	75621
d1rq2a2	53931	55297	55307	55308
d1rq6a_	46456	46688	116820	116821
d1rq8a_	53931	55199	75471	75472
d1rqba1	46456	46928	89000	109725
d1rqba2	51349	51350	51569	89494
d1rqga1	46456	47322	47323	47324
d1rqga2	51349	52373	52374	52375
d1rqja_	46456	48575	48576	48577
d1rqpa1	48724	101851	101852	101853
d1rqpa2	51349	102521	102522	102523
d1rqta_	46456	48299	48300	48301
d1rr7a_	46456	46688	46689	109659
d1rrea_	53931	54210	54211	102769
d1rrka1	48724	50493	50494	50514
d1rrqa2	53931	55810	55811	103211
d1rrza_	46456	46965	109747	109748
d1rsoa_	46456	101287	101288	101289
d1rsob_	46456	101287	101288	101289
d1rssa_	46456	47972	47973	47974
d1rt8a_	46456	47575	47576	47577
d1rtqa_	51349	53162	53187	53204
d1rtra_	46456	48575	48576	48577
d1rtta_	51349	52171	52218	89590
d1rtwa_	46456	48612	48613	101458
d1ru0a_	53931	55247	55248	55249
d1ru4a_	48724	51125	51126	101951
d1rutx1	56992	57715	57716	57736
d1rvka1	51349	51350	51604	51609
d1rvka2	53931	54825	54826	54827
d1rw1a_	51349	52832	52833	69518
d1rwha1	46456	48207	48230	48234
d1rwha2	48724	49862	49863	49864
d1rwha3	48724	49993	74650	50006
d1rwja_	46456	48694	48695	48696
d1rwra_	48724	51125	51126	101957
d1rwsa_	53931	54235	54285	54289
d1rwta_	56835	103510	103511	103512
d1rwua_	53931	54861	117991	117992
d1rwza1	53931	55978	55979	55983
d1rx0a1	46456	47363	47203	47204
d1rx0a2	56572	56644	56645	56646
d1rxda_	51349	52798	52799	52800
d1rxqa_	46456	109853	109854	109855
d1rxwa1	46456	47768	47807	47808
d1rxwa2	51349	88722	88723	53045
d1ry6a_	51349	52539	52540	52641
d1ry9a_	53931	69634	69635	69636
d1ryba_	51349	53162	53178	53179
d1ryia1	51349	51904	51905	51913
d1ryia2	53931	54372	54373	54384
d1ryja_	53931	54235	54285	54289
d1ryka_	46456	47768	69047	69048
d1ryla_	53931	111068	111069	111070
d1ryoa_	51349	53849	53850	53888
d1ryp1_	53931	56234	56235	56251
d1ryp2_	53931	56234	56235	56251
d1rypa_	53931	56234	56235	56251
d1rypb_	53931	56234	56235	56251
d1rypc_	53931	56234	56235	56251
d1rypd_	53931	56234	56235	56251
d1rype_	53931	56234	56235	56251
d1rypf_	53931	56234	56235	56251
d1rypg_	53931	56234	56235	56251
d1ryph_	53931	56234	56235	56251
d1rypi_	53931	56234	56235	56251
d1rypj_	53931	56234	56235	56251
d1rypk_	53931	56234	56235	56251
d1rypl_	53931	56234	56235	56251
d1rz0a_	48724	50474	50475	50482
d1rz3a_	51349	52539	52540	52584
d1rz4a1	46456	46688	46785	109671
d1rz4a2	46456	48370	48452	345951
d1rzfl2	48724	48725	48726	48942
d1rzhh1	48724	50345	50346	50347
d1rzhh2	56835	81407	81490	81489
d1rzsa_	46456	47412	47413	47419
d1rzxa_	48724	50155	50156	50157
d1s05a_	46456	47161	47175	47179
d1s0aa_	51349	53382	53383	53417
d1s0pa_	46456	101277	101278	101279
d1s12a_	53931	55158	118010	118011
d1s14a_	53931	55873	55874	55879
d1s16a1	53931	54210	54211	54224
d1s1da_	48724	50933	101887	101888
d1s21a_	53931	56398	56399	111257
d1s2da_	51349	52171	52309	52310
d1s2ma2	51349	52539	52540	81268
d1s2oa1	51349	56783	56784	82388
d1s2wa_	51349	51350	51621	88704
d1s35a1	46456	46965	46966	46967
d1s3aa1	51349	52832	52833	142408
d1s3ea1	51349	51904	51905	51913
d1s3ea2	53931	54372	54373	54394
d1s3ja_	46456	46688	46785	63379
d1s3la_	53931	56299	56300	111233
d1s48a_	56572	56671	56672	56694
d1s4ea2	53931	54861	55060	103011
d1s4na_	51349	53447	53448	102609
d1s55a_	48724	49841	49842	49843
d1s58a_	48724	88632	88645	88646
d1s5aa_	53931	54402	54427	102813
d1s5da_	53931	56398	56399	56400
d1s5ja1	51349	53066	53098	53118
d1s5ja2	56572	56671	56672	56673
d1s5pa_	51349	52466	52467	63984
d1s5qb_	46456	47761	47762	47763
d1s5ua_	53931	54636	54637	54638
d1s68a_	53931	56058	56091	103286
d1s69a_	46456	46457	46458	46459
d1s6ca_	46456	47472	47473	47502
d1s6da_	46456	47698	47699	47715
d1s6ia_	46456	47472	47473	47502
d1s6la1	46456	46688	46785	158323
d1s6la2	53931	160386	160387	160391
d1s6na_	48724	48725	81296	81284
d1s6ya1	51349	51734	51735	51848
d1s6ya2	53931	56326	56327	90050
d1s70b_	53931	74651	48403	48404
d1s7ea1	46456	46688	46689	46690
d1s7ea2	46456	47412	47413	116891
d1s7ja_	53931	54505	54506	89863
d1s7ka_	53931	55728	55729	191308
d1s7ma_	48724	101998	101999	102000
d1s7za_	46456	81602	101059	101060
d1s8na_	51349	52171	52172	52173
d1s98a_	48724	89359	89360	89361
d1s99a_	53931	54861	89957	110987
d1s9aa_	48724	49451	49482	49483
d1s9ra_	53931	55908	55909	103232
d1sa3a_	51349	52979	52980	110624
d1saua_	53931	69720	69721	69722
d1sawa_	53931	56528	56529	56530
d1saza1	51349	53066	53067	53080
d1sb8a_	51349	51734	51735	51751
d1sbpa_	51349	53849	53850	53851
d1sbqa_	51349	100949	100950	110520
d1sbya_	51349	51734	51735	51751
d1sbza_	51349	52506	52507	52508
d1sc3.1	51349	52128	52129	52130
d1sc6a1	51349	51734	51735	51830
d1sc6a2	51349	52171	52283	52284
d1sc6a3	53931	54861	55021	55022
d1scfa_	46456	47265	47266	47286
d1scoa_	56992	57015	57095	57116
d1scza_	51349	52776	52777	52778
d1sd4a_	46456	46688	46785	101016
d1sddb1	48724	49502	49503	49550
d1sdma_	51349	52539	52540	52641
d1sdoa_	51349	52979	52980	102471
d1se0a_	56992	57923	57924	57925
d1se8a_	48724	50198	50249	50263
d1se9a_	53931	54235	54236	54237
d1seda_	46456	109914	109915	109916
d1sefa_	48724	51181	51182	101979
d1seia_	53931	56046	56047	56048
d1sena_	51349	52832	52833	52834
d1seza1	51349	51904	51905	51913
d1seza2	53931	54372	54373	54394
d1sfea1	46456	46688	46767	46768
d1sfea2	51349	53066	53155	53156
d1sffa_	51349	53382	53383	53417
d1sfka_	46456	101256	101257	101258
d1sfla_	51349	51350	51569	51570
d1sfna_	48724	51181	51182	101979
d1sfpa_	48724	49853	49854	49855
d1sfsa_	51349	51350	51445	63912
d1sfua_	46456	46688	46785	46853
d1sg1x1	56992	57585	57586	57587
d1sg1x2	56992	57585	57586	57587
d1sg1x4	56992	57585	57586	57587
d1sg4a1	51349	52095	52096	52103
d1sg5a1	48724	101743	101744	141305
d1sg6a_	56572	56795	56796	56797
d1sg7a1	46456	140375	140376	140377
d1sgja_	51349	51350	51621	51638
d1sgla_	53931	55894	55895	55896
d1sgma1	46456	46688	46689	46764
d1sgma2	46456	48497	48498	48499
d1sgoa_	53931	55382	103107	103108
d1sgva1	48724	88696	88697	88698
d1sgva2	53931	100877	55120	69746
d1sh1a_	56992	57391	57392	57393
d1sh5a1	46456	47575	47576	47577
d1shsa_	48724	49763	49764	49765
d1shux_	51349	53299	53300	53301
d1shyb1	48724	50964	101912	101913
d1shyb2	56992	57491	103575	103576
d1siqa1	46456	47363	47203	47204
d1siqa2	56572	56644	56645	56646
d1sisa_	56992	57015	57095	57116
d1sj1a_	53931	54861	54862	54877
d1sj7a1	46456	109879	109880	109881
d1sj8a2	46456	109884	109885	109886
d1sjda2	53931	54825	54826	54827
d1sjra_	53931	54861	54928	54929
d1sjwa_	53931	54402	54427	102810
d1sjya_	53931	55810	55811	55812
d1sk7a_	46456	48612	48613	63627
d1sknp_	46456	47453	47454	47455
d1skza1	56992	57015	57262	57263
d1slqa_	56835	111378	111379	111380
d1slua_	48724	49771	49772	49773
d1smba_	53931	55796	55797	55798
d1smoa_	48724	48725	48726	48727
d1smpi_	48724	50875	50882	50883
d1smxa_	48724	50198	50249	50282
d1smyc_	56572	64483	64484	64485
d1smyd_	56572	64483	64484	64490
d1smye_	46456	63561	63562	63563
d1smyf1	46456	46688	88659	88660
d1smyf3	46456	88945	88946	88947
d1snla_	46456	47472	47473	47547
d1snna_	53931	55820	55821	64372
d1so2a_	46456	109603	109604	48548
d1so7a_	48724	50938	50939	50940
d1so9a_	48724	110110	110111	110112
d1sopa_	56992	103588	103589	103590
d1sota1	48724	50155	50156	74933
d1sp3a_	46456	48694	48695	48711
d1sppb_	48724	49853	49854	49855
d1spva_	51349	52948	52949	89724
d1spxa_	51349	51734	51735	51751
d1sq2n_	48724	48725	48726	48727
d1sq4a_	48724	51181	51182	101979
d1sq5a_	51349	52539	52540	52584
d1sq9a_	48724	50964	50978	50979
d1sqga1	46456	48012	48013	109930
d1sqga2	51349	53334	53335	102575
d1sqha_	53931	55728	55729	103179
d1sqia1	53931	54592	54593	54602
d1sqra_	48724	50412	50447	117220
d1sqsa_	51349	52171	52218	102234
d1squa_	53931	103038	103039	103040
d1sqwa1	48724	88696	88697	88698
d1sqwa2	53931	54402	88802	110832
d1sr2a_	46456	47161	47226	116868
d1sr4a_	48724	50352	50370	50371
d1sr4c_	48724	50352	50370	50371
d1sr8a_	56572	111341	111342	111343
d1sr9a1	46456	46928	89000	89001
d1sr9a2	51349	51350	51569	89494
d1sr9a3	53931	110920	110921	110922
d1sraa_	46456	47472	47473	47489
d1sroa_	48724	50198	50249	50282
d1srqa_	56572	111346	111347	111348
d1srya1	46456	46556	46589	46590
d1srya2	53931	55680	55681	55682
d1ss3a_	56992	57006	111388	111389
d1sse.1	56992	111429	111430	111431
d1ssqa_	48724	51160	51161	110309
d1st9a_	51349	52832	52833	52901
d1stma_	48724	88632	88650	88651
d1stza1	46456	46688	46785	109683
d1stza2	53931	55769	55781	111115
d1su1a_	53931	56299	56300	111233
d1su3a1	46456	47089	47090	63427
d1su3a2	48724	50922	50923	50924
d1su8a_	56572	56820	56821	64514
d1sumb_	46456	46965	109755	109756
d1sura_	51349	52373	52402	52410
d1suua_	48724	50938	101904	101905
d1svba1	48724	48725	81296	81284
d1svba2	56835	56982	56983	56984
d1svdm1	53931	55238	55239	55240
d1svia_	51349	52539	52540	52592
d1svma_	51349	52539	52540	81269
d1svpa_	48724	50493	50494	50596
d1svsa1	51349	52539	52540	52592
d1svva_	51349	53382	53383	53384
d1svya_	53931	55752	55753	55754
d1sw5a_	51349	53849	53850	53851
d1sw6a_	53931	74651	48403	48404
d1swva_	51349	56783	56784	56792
d1swya_	53931	53954	53955	53981
d1sx5a_	51349	52979	52980	52984
d1sxja1	46456	48018	48019	48020
d1sxja2	51349	52539	52540	81269
d1sxjb1	46456	48018	48019	48020
d1sxjc1	46456	48018	48019	48020
d1sxjd1	46456	48018	48019	48020
d1sxje1	46456	48018	48019	48020
d1sxje2	51349	52539	52540	81269
d1sy7a1	51349	52171	52317	52328
d1syra_	51349	52832	52833	52834
d1syya_	46456	47239	47240	47253
d1sz7a_	53931	111125	111126	118076
d1szba1	48724	49853	49854	49855
d1szba2	56992	57015	57196	57197
d1szia_	46456	47161	109775	109776
d1szna1	48724	51010	51011	51012
d1szpa1	46456	47768	47794	47795
d1szqa_	56572	103377	103378	103379
d1szwa_	53931	100877	55120	103021
d1t01a1	46456	47161	47220	47221
d1t06a_	46456	48370	48371	109965
d1t0aa_	53931	55297	69765	69766
d1t0ba_	51349	52171	52317	110486
d1t0fa1	46456	46688	46785	46782
d1t0fa2	51349	52979	52980	53026
d1t0ga_	53931	55855	55856	103222
d1t0ha_	48724	50036	50044	50045
d1t0hb_	51349	52539	52540	52541
d1t0ia_	51349	52171	52218	89590
d1t0kb_	53931	55297	55315	55316
d1t0tv_	53931	54861	54909	110965
d1t0ya_	53931	54235	54236	54237
d1t0za_	56992	57015	57095	57096
d1t11a1	46456	109997	109998	109999
d1t11a3	53931	54533	54534	54535
d1t15a1	51349	52112	52113	63955
d1t17a_	53931	55944	55961	118101
d1t1da_	53931	54694	54695	54701
d1t1ea2	53931	54861	54897	54905
d1t1ga_	51349	52742	52743	52764
d1t1ua1	51349	52776	52777	82424
d1t1ua2	51349	52776	52777	82424
d1t1va_	51349	52832	52833	102446
d1t23a_	53931	102874	102875	102876
d1t2da1	51349	51734	51735	51848
d1t2da2	53931	56326	56327	56328
d1t2ma1	48724	50155	50156	50157
d1t2wa_	48724	63816	63817	63818
d1t33a1	46456	46688	46689	46764
d1t33a2	46456	48497	48498	48499
d1t35a_	51349	102404	102405	102406
d1t3ba2	53931	54402	54423	54424
d1t3ia_	51349	53382	53383	53402
d1t3ka_	51349	52820	52821	52822
d1t3qb1	53931	54664	54665	54666
d1t3qb2	53931	56002	56003	56004
d1t3qc1	53931	55423	55447	55448
d1t3qc2	53931	56175	56176	56187
d1t3ta1	46456	46928	109736	109737
d1t3ta2	51349	52171	52317	52318
d1t3ta3	53931	109622	82697	111002
d1t3ta4	53931	55297	55326	55327
d1t3ta6	53931	56041	56042	56043
d1t3ta7	53931	56041	56042	56043
d1t3ua_	53931	102828	102829	102830
d1t3wa_	46456	117022	117023	117024
d1t3ya_	53931	55752	55753	55762
d1t46a_	53931	56111	56112	88854
d1t4aa_	53931	109622	82697	82698
d1t4ba1	51349	51734	51735	51800
d1t4ba2	53931	55346	55347	55348
d1t4oa_	53931	54767	54768	54769
d1t4wa_	48724	49379	49417	81314
d1t50a_	56992	90182	90183	90184
d1t56a1	46456	46688	46689	46764
d1t56a2	46456	48497	48498	48499
d1t5ia_	51349	52539	52540	81268
d1t5ra_	56835	56958	56959	56960
d1t61a1	53931	56435	56436	75585
d1t6aa_	53931	55944	111171	111172
d1t6ca1	51349	53066	53067	110630
d1t6ex_	48724	50629	50630	50646
d1t6ja_	46456	48556	48557	48572
d1t6la1	53931	55978	55979	55983
d1t6sa1	46456	46688	46785	116804
d1t6t1_	51349	110454	110455	110456
d1t6ua_	46456	47161	109770	109771
d1t70a_	53931	56299	56300	118155
d1t71a_	53931	56299	56300	118155
d1t77a1	46456	81836	81837	81838
d1t77a2	48724	50728	50729	82146
d1t7sa_	46456	46965	63491	63492
d1t7va2	53931	54451	54452	54453
d1t82a_	53931	54636	54637	89902
d1t8ca1	53931	56435	56436	56437
d1t8ha_	53931	64437	64438	111238
d1t8ka_	46456	47335	47336	47337
d1t8sa_	51349	53162	53167	53168
d1t94a1	53931	100878	100879	100880
d1t94a2	56572	56671	56672	100888
d1t95a1	46456	46928	109728	109729
d1t95a2	53931	89894	89895	110893
d1t95a3	53931	54861	54980	110976
d1t98a1	46456	46688	46785	140289
d1t98a2	46456	47654	140570	140571
d1t9ba1	51349	52466	52467	52475
d1t9ba2	51349	52517	52518	88724
d1t9ba3	51349	52517	52518	88749
d1t9ha1	48724	50198	50249	50282
d1t9ha2	51349	52539	52540	52592
d1t9ia_	53931	55603	55608	55609
d1t9ma_	48724	50474	50475	50476
d1ta3a_	51349	51350	51445	51534
d1ta8a_	53931	56058	56091	56096
d1tafa_	46456	47112	47113	47134
d1tafb_	46456	47112	47113	47134
d1taza_	46456	109603	109604	48548
d1tb3a1	51349	51350	51395	51396
d1tbaa_	46456	47054	47055	47056
d1tbfa_	46456	109603	109604	48548
d1tbge_	46456	48661	48670	48671
d1tbua1	53931	54636	54637	54644
d1tc1a_	51349	53270	53271	53272
d1tc3c_	46456	46688	46689	46728
d1tcaa_	51349	53473	53474	53558
d1td6a_	46456	116964	116965	116966
d1tdha1	46456	81297	46946	81626
d1tdha2	48724	81625	81624	81623
d1tdha3	56992	57715	57716	81627
d1tdja1	51349	53685	53686	53687
d1tdja2	53931	54861	55021	55025
d1tdpa_	46456	47363	109797	109798
d1tdqa1	48724	48725	49265	49266
d1tdqb_	53931	56435	56436	56437
d1tdza1	46456	81297	46946	81626
d1tdza2	48724	81625	81624	81623
d1te2a_	51349	56783	56784	75173
d1te4a_	46456	48370	48371	101410
d1te5a_	53931	56234	56235	56236
d1te7a_	48724	88696	88697	117356
d1teva_	51349	52539	52540	52541
d1texa_	51349	52539	52540	52575
d1tf3a1	56992	57666	57667	57668
d1tf5a1	46456	81766	81767	81768
d1tf5a2	46456	81885	81886	81887
d1tf5a3	51349	52539	52540	81268
d1tf5a4	51349	52539	52540	81268
d1tf7a1	51349	52539	52540	52670
d1tfea_	53931	54712	54713	54714
d1tfia_	56992	57769	57783	57784
d1tfra1	46456	47768	47807	47808
d1tfra2	51349	88722	88723	53045
d1tfza1	53931	54592	54593	54602
d1tg7a1	48724	117099	117100	117101
d1tg7a2	48724	49784	49785	117111
d1tg7a4	48724	51010	51011	117301
d1tg7a5	51349	51350	51445	117375
d1tgoa1	51349	53066	53098	53118
d1tgoa2	56572	56671	56672	56673
d1tgsi_	56992	100894	100895	57468
d1tgxa_	56992	57301	57302	57303
d1th0a_	53931	54000	54001	54054
d1th5a1	53931	54805	117916	117917
d1th7a1	48724	50181	50182	50183
d1th8b_	51349	52086	52091	52092
d1thfd_	51349	51350	51366	51367
d1thta_	51349	53473	53474	53542
d1thxa_	51349	52832	52833	52834
d1tiba_	51349	53473	53474	53558
d1tifa_	53931	54235	54364	54365
d1tiga_	53931	55199	55200	55201
d1tj1a1	46456	81934	81935	81936
d1tj1a2	51349	51350	51730	82279
d1tjgh1	48724	48725	48726	48727
d1tjla1	46456	46556	109635	109636
d1tjla2	56992	57715	57716	111448
d1tjoa_	46456	47239	47240	47241
d1tjva_	46456	48556	48557	48558
d1tkea1	53931	54235	81271	81270
d1tkea2	53931	55185	55186	55187
d1tkia_	53931	56111	56112	88854
d1tkja_	51349	53162	53187	53204
d1tl2a_	48724	50933	50934	50935
d1tlha_	46456	69069	69070	69071
d1tlja_	53931	111277	111278	111279
d1tlla2	51349	52171	52218	52231
d1tlta1	51349	51734	51735	51800
d1tlta2	53931	55346	55347	55376
d1tm0a_	53931	54505	54506	110863
d1tm9a_	46456	110008	110009	110010
d1tme3_	48724	88632	88633	88634
d1tnra_	48724	49841	49842	49843
d1tnsa_	46456	46954	46955	46891
d1to2i_	53931	54653	54654	54655
d1to6a_	51349	110737	110738	110739
d1to9a_	46456	48612	48613	101458
d1toaa_	51349	53799	53807	53811
d1tocr1	56992	57361	57362	57386
d1tola2	53931	74652	74653	55217
d1tota1	56992	57849	57850	161211
d1tp6a_	53931	54402	54427	110829
d1tpga2	56992	57602	57603	57604
d1tq1a_	51349	52820	52821	69509
d1tq4a_	51349	52539	52540	52592
d1tq5a1	48724	51181	51182	101984
d1tqha_	51349	53473	53474	102623
d1tqja_	51349	51350	51366	51372
d1tqya1	51349	53900	53901	53902
d1tqya2	51349	53900	53901	53902
d1tqyb1	51349	53900	53901	53902
d1tqyb2	51349	53900	53901	53902
d1tqza1	48724	50728	50729	141439
d1tr0a_	53931	54861	54909	89927
d1trba1	51349	51904	51905	51943
d1ts9a_	48724	101743	101744	101745
d1tsja_	53931	54592	54593	110883
d1tt8a_	53931	64287	64288	64289
d1ttea1	46456	46928	46934	46935
d1ttna1	53931	54235	54236	54237
d1ttwa_	53931	69634	69635	69636
d1tu7a1	46456	47615	47616	47617
d1tu7a2	51349	52832	52833	52862
d1tuaa1	53931	54790	54791	54792
d1tuba2	53931	55297	55307	55308
d1tubb1	51349	52489	52490	52491
d1tubb2	53931	55297	55307	55308
d1tuga1	51349	53670	53671	53672
d1tuha_	53931	54402	54427	110826
d1tuka_	46456	47698	47699	47700
d1tula_	48724	51268	51289	51290
d1tuva_	53931	54861	54909	110970
d1tuwa_	53931	54861	54909	110959
d1tuza_	46456	47472	47473	47547
d1tv5a1	51349	51350	51395	51396
d1tv8a_	51349	51350	102114	110388
d1tvca1	48724	50412	63380	63381
d1tvca2	51349	52342	52343	52359
d1tvda_	48724	48725	48726	48727
d1tvfa1	48724	69188	69189	110098
d1tvfa2	56572	56600	56601	56602
d1tvga_	48724	49784	49785	69210
d1tvia_	53931	55485	55486	103132
d1tvna1	51349	51350	51445	51487
d1tvxa_	53931	54116	54117	54118
d1tvza1	51349	53900	53901	53914
d1tvza2	51349	53900	53901	53914
d1tw9a1	46456	47615	47616	47617
d1twda_	51349	51350	110395	110396
d1twfa_	56572	64483	64484	64490
d1twfb_	56572	64483	64484	64485
d1twfc1	53931	55247	55257	55258
d1twfc2	53931	56552	56553	56554
d1twff_	46456	63561	63562	55294
d1twfh_	48724	50198	50249	50321
d1twfi1	56992	57769	57783	57784
d1twfj_	46456	46688	46924	46925
d1twfk_	53931	55247	55257	64311
d1twfl_	56992	57769	63393	64576
d1twia1	48724	50614	50621	88683
d1twia2	51349	51350	51419	51420
d1twua_	53931	54592	54593	110888
d1twya_	51349	53849	53850	53851
d1tx2a_	51349	51350	51717	51718
d1tx4a_	46456	48349	48350	48351
d1tx9a1	46456	48044	48045	48046
d1txda1	46456	48064	48065	48066
d1txda2	48724	50728	50729	50730
d1txga1	46456	48178	48179	48197
d1txga2	51349	51734	51735	51868
d1txja_	48724	51315	51316	63873
d1txka1	48724	48725	81296	81282
d1txka2	48724	49993	74650	110148
d1txna_	53931	102885	102886	102887
d1txoa_	53931	81607	81606	81605
d1ty0a1	48724	50198	50203	50219
d1ty0a2	53931	54235	54334	54335
d1tyeb1	48724	48725	69179	69180
d1tyeb2	51349	53299	53300	53301
d1tyeb3	56992	57491	103575	103576
d1tygb_	53931	54235	54285	54289
d1tyya_	51349	53612	53613	53614
d1tyza_	51349	53685	53686	53687
d1tz0a_	53931	54861	54909	102959
d1tzba_	51349	53696	53697	53698
d1tzpa_	53931	55165	55166	111019
d1tzva_	46456	48012	48013	48014
d1tzya_	46456	47112	47113	47114
d1tzyb_	46456	47112	47113	47114
d1tzyc_	46456	47112	47113	47114
d1tzza1	51349	51350	51604	51609
d1tzza2	53931	54825	54826	54827
d1u00a1	46456	46996	100934	100935
d1u04a1	48724	50036	101690	101691
d1u07a_	53931	74652	74653	64326
d1u08a_	51349	53382	53383	53384
d1u0bb1	46456	47322	47323	47324
d1u0bb2	51349	52373	52374	52375
d1u0ka1	53931	54505	54506	89863
d1u0la1	48724	50198	50249	50282
d1u0ma1	51349	53900	53901	53914
d1u0ma2	51349	53900	53901	53914
d1u0sa_	53931	54861	55052	55053
d1u0sy_	51349	52171	52172	52173
d1u0ta_	56572	111330	111331	111332
d1u19a_	56835	81322	81321	81320
d1u1ia1	51349	51734	51735	51800
d1u1ia2	53931	55346	55347	55368
d1u1ja1	51349	51350	51726	110384
d1u20a1	53931	55810	55811	55812
d1u2ca1	48724	48725	49313	110062
d1u2ca2	53931	111005	111006	111007
d1u2ha_	48724	48725	48726	191470
d1u2wa1	46456	46688	46785	46801
d1u2xa_	51349	53612	53613	64147
d1u2za_	51349	53334	53335	89746
d1u3da1	46456	48172	48173	48174
d1u3da2	51349	52424	52425	52426
d1u3em1	53931	54059	54060	54069
d1u3em2	53931	64495	64496	64497
d1u46a_	53931	56111	56112	88854
d1u4ga_	53931	55485	55486	55490
d1u58a1	48724	48725	48726	48942
d1u58a2	53931	54451	54452	54453
d1u5da1	48724	50728	50729	50730
d1u5ea1	48724	50728	50729	50730
d1u5ha_	51349	51350	51621	51638
d1u5ka1	48724	50198	50249	117204
d1u5ka2	56992	57862	57863	118303
d1u5pa1	46456	46965	46966	46967
d1u5ra_	53931	56111	56112	88854
d1u5sa1	48724	50036	50044	50045
d1u5sb1	56992	57715	57716	57736
d1u5ta1	46456	46688	46785	109692
d1u5tb1	46456	46688	46785	109692
d1u5ua_	56572	56633	56634	118183
d1u60a_	56572	56600	56601	90084
d1u61a_	46456	69064	69065	69066
d1u69a_	53931	54592	54593	110883
d1u6ea1	51349	53900	53901	53914
d1u6fa1	53931	54861	54928	54929
d1u6gc_	46456	48370	48371	48385
d1u6ka_	51349	102323	102324	102325
d1u6za1	46456	109603	109604	140773
d1u6za2	51349	53066	53067	110630
d1u79a_	53931	54533	54534	54535
d1u7ba1	53931	55978	55979	55983
d1u7ga_	56835	111351	111352	111353
d1u7ka_	46456	47942	47943	47944
d1u7la_	56572	118202	118203	118204
d1u7na_	51349	53658	53659	102660
d1u7pa_	51349	56783	56784	117509
d1u7za_	51349	53612	102645	102646
d1u84a_	46456	116921	116922	116923
d1u85a1	56992	57666	57667	57668
d1u89a1	46456	109884	109885	109886
d1u8sa1	53931	54861	55021	110980
d1u8va1	46456	47363	47203	47204
d1u8va2	56572	56644	56645	56646
d1u8xx1	51349	51734	51735	51848
d1u8xx2	53931	56326	56327	90050
d1u94a1	51349	52539	52540	52670
d1u94a2	53931	54751	54752	54753
d1u97a_	46456	47071	47072	117033
d1u9ca_	51349	52171	52317	52325
d1u9la_	46456	47768	47794	109873
d1u9ya1	51349	53270	53271	53296
d1ua4a_	51349	53612	53613	64147
d1ua7a1	48724	51010	51011	51012
d1ua7a2	51349	51350	51445	51446
d1uadc_	48724	48725	81296	89191
d1uaia_	48724	49898	49899	101649
d1uana_	51349	102587	102588	102589
d1uara1	51349	52820	52821	52827
d1uasa1	48724	51010	51011	51012
d1uasa2	51349	51350	51445	51446
d1ub0a_	51349	53612	53613	53620
d1ub3a_	51349	51350	51569	51570
d1ub4a_	48724	50036	50118	82075
d1ub9a_	46456	46688	46785	63379
d1ubdc1	56992	57666	57667	57668
d1uc2a_	53931	103364	103365	103366
d1uc8a1	51349	52439	52440	102284
d1uc8a2	53931	56058	56059	103281
d1ucda_	53931	55894	55895	55896
d1ucpa_	46456	47985	47986	101298
d1ucra_	46456	46688	46785	101048
d1ucsa_	48724	51268	51269	51270
d1ucta1	48724	48725	48726	49159
d1ud9a1	53931	55978	55979	55983
d1udda_	46456	48612	48613	101458
d1udxa1	48724	82050	82051	82052
d1udxa2	51349	52539	52540	52592
d1udxa3	53931	102740	102741	102742
d1udza_	48724	50676	50677	50678
d1ue1a_	48724	50198	50249	50263
d1ueba1	48724	50036	50104	50110
d1ueba2	48724	50198	50249	50282
d1ueha_	51349	64004	64005	64006
d1ueka1	53931	54210	54211	54232
d1ueka2	53931	54861	55060	89950
d1uerc2	53931	54718	54719	54720
d1uf2a_	56572	56830	56831	103413
d1uf2c1	46456	48344	48345	101395
d1uf2c2	48724	49817	49818	49819
d1uf3a_	53931	56299	56300	103320
d1uf5a_	53931	56316	56317	64433
d1uf9a_	51349	52539	52540	52541
d1ufaa1	46456	46996	88688	101086
d1ufaa2	51349	51988	88713	102189
d1ufha_	53931	55728	55729	55730
d1ufoa_	51349	53473	53474	102616
d1ufya_	53931	55297	55298	55304
d1ug3a1	46456	48370	48371	100908
d1ug6a_	51349	51350	51445	51521
d1ugia_	53931	54402	54441	54442
d1ugla_	56992	57015	57095	57170
d1ugna1	48724	48725	48726	49159
d1ugx.1	48724	51091	51101	51102
d1uhga_	56572	56573	56574	56575
d1ui0a_	51349	52140	52141	52147
d1ui5a1	46456	46688	46689	46764
d1ui5a2	46456	48497	48498	48499
d1uira_	51349	53334	53335	69557
d1uiya_	51349	52095	52096	52103
d1uj2a_	51349	52539	52540	52584
d1uj6a1	51349	100949	100950	75176
d1uj6a2	53931	54861	75445	75446
d1uj8a1	46456	81602	140319	140320
d1ujna_	56572	56795	56796	56797
d1ujpa_	51349	51350	51366	51381
d1uk8a_	51349	53473	53474	53522
d1ukca_	51349	53473	53474	53558
d1ukka_	53931	82783	82784	82785
d1ukua_	53931	54861	54913	75434
d1ul1x1	46456	47768	47807	47808
d1ul1x2	51349	88722	88723	53045
d1ul5a_	56992	103611	103612	103613
d1ulia1	48724	50021	50022	50033
d1ulia2	53931	55944	55961	55969
d1ulva2	48724	48725	81296	81282
d1ulva3	48724	48725	49344	101533
d1ulva4	48724	49993	74650	82042
d1ulya_	46456	46688	46785	116798
d1um0a_	53931	103262	103263	103264
d1um8a_	51349	52539	52540	81269
d1umda_	51349	52517	52518	88766
d1umga_	53931	111248	111249	111250
d1umka1	48724	50412	63380	63381
d1umka2	51349	52342	52343	52344
d1umqa_	46456	46688	46689	100918
d1umua_	48724	51305	51306	51307
d1umza_	48724	49898	49899	49925
d1un8a1	46456	101472	101473	101474
d1un8a4	51349	82548	82549	109613
d1unqa_	48724	50728	50729	50730
d1uoca_	51349	53066	53098	102492
d1uoha_	53931	74651	48403	48404
d1uoka1	48724	51010	51011	51012
d1uoka2	51349	51350	51445	51446
d1uoua1	46456	47643	47648	47649
d1uoua2	51349	52417	52418	52419
d1uoua3	53931	54664	54680	54681
d1uoya_	56992	57015	103565	103566
d1up7a2	53931	56326	56327	90050
d1upka_	46456	48370	48371	101407
d1upqa_	48724	50728	50729	50730
d1upsa1	48724	49898	49899	49925
d1upsa2	48724	50352	50370	117212
d1uptb_	46456	101282	101283	101284
d1uqta_	51349	53755	53756	82540
d1uqwa_	51349	53849	53850	53851
d1ur3m_	51349	51350	51430	51431
d1ur4a_	51349	51350	51445	51487
d1urha1	51349	52820	52821	52827
d1urja_	56572	118207	118208	118209
d1urra_	53931	54861	54975	54976
d1ursa_	51349	53849	53850	53851
d1urua_	46456	116747	103657	103658
d1urva_	46456	46457	46458	46463
d1us0a_	51349	51350	51430	51431
d1us5a_	51349	53849	53850	53851
d1us7b_	46456	101390	101391	101392
d1usca_	48724	50474	50475	50482
d1usga_	51349	53821	53822	53823
d1usma_	53931	55247	55248	55249
d1usra_	48724	50938	50939	50940
d1ussa_	46456	46688	46785	46827
d1usub_	53931	55393	103111	103112
d1usya_	53931	55680	55681	55682
d1ut3a_	56992	57391	57392	57393
d1ut9a1	46456	48207	48208	48213
d1ut9a2	48724	48725	81296	81282
d1utaa_	53931	54861	110997	110998
d1utca1	46456	48370	48371	48393
d1utca2	48724	50964	50989	50990
d1utea_	53931	56299	56300	56301
d1utga_	46456	48200	48201	48202
d1utya_	48724	110131	110132	110133
d1uu3a_	53931	56111	56112	88854
d1uufa1	48724	50128	50129	50136
d1uufa2	51349	51734	51735	51736
d1uuja_	46456	109924	109925	109926
d1uuna_	56835	56958	56959	103519
d1uuqa_	51349	51350	51445	51487
d1uura1	46456	47654	47655	47656
d1uura2	48724	49379	49417	81317
d1uura3	53931	55549	55550	55551
d1uuya_	51349	53217	53218	53219
d1uv7a_	53931	55185	103054	103055
d1uvja_	56572	56671	56672	64480
d1uvqa1	48724	48725	48726	48942
d1uvqa2	53931	54451	54452	54453
d1uvqb1	48724	48725	48726	48942
d1uvqb2	53931	54451	54452	54453
d1uw0a_	56992	57715	57716	111445
d1uw4a_	53931	54861	54928	102987
d1uw4b_	46456	48370	48371	100908
d1uw6a_	48724	63711	63712	63713
d1uwka_	56572	111325	111326	111327
d1uwsa_	51349	51350	51445	51521
d1uwva1	48724	50198	50249	101768
d1uwva2	51349	53334	53335	102581
d1uwwa_	48724	49784	49785	110122
d1uwya1	48724	49451	49464	49465
d1ux5a_	46456	101446	101447	101448
d1ux6a1	48724	49898	49899	101643
d1ux6a2	56992	103646	103647	103648
d1uxca_	46456	47412	47413	47438
d1uxja1	51349	51734	51735	51848
d1uxoa_	51349	53473	53474	110699
d1uxya1	53931	56175	56176	56184
d1uxya2	53931	56193	56194	56195
d1uxza_	48724	49784	49785	69213
d1uyja_	56835	56972	56973	111375
d1uynx_	56835	56924	103515	103516
d1uypa1	48724	49898	49899	101652
d1uypa2	48724	50933	75005	101884
d1uyra1	51349	52095	52096	89572
d1uyra2	51349	52095	52096	89572
d1uz5a1	48724	51268	63867	63868
d1uz5a2	48724	63881	63882	63883
d1uz5a3	51349	53217	53218	64103
d1uzca_	46456	81602	81698	81699
d1uzka1	56992	57015	57196	57197
d1uzka3	56992	57580	57581	57582
d1uzma1	51349	51734	51735	51751
d1v04a_	48724	50938	63829	101895
d1v0aa1	48724	49784	49785	141116
d1v0da_	53931	54059	54060	110778
d1v0ea1	48724	50938	50939	117276
d1v0ea2	48724	69348	69349	117325
d1v0wa1	53931	56023	56024	64391
d1v1aa_	51349	53612	53613	53614
d1v1ha1	48724	51224	51225	51226
d1v1oa1	48724	50198	50203	50219
d1v1oa2	53931	54235	54334	54335
d1v25a_	56572	56800	56801	56802
d1v2aa1	46456	47615	47616	47617
d1v2ba_	53931	55723	55724	111092
d1v2da_	51349	53382	53383	53384
d1v2xa_	51349	75216	75217	75218
d1v33a_	53931	56746	56747	56748
d1v37a_	51349	53253	53254	53255
d1v3ea_	48724	50938	50939	50940
d1v3wa_	48724	51160	51161	51174
d1v3ya_	53931	56419	56420	56421
d1v43a1	48724	50198	50331	50338
d1v47a1	48724	88696	88697	63801
d1v4aa1	46456	47161	81593	109767
d1v4aa2	53931	81302	81301	110933
d1v4ea_	46456	48575	48576	48577
d1v4pa_	53931	55185	55186	103051
d1v4ra1	46456	46688	46785	46804
d1v4va_	51349	53755	53756	53763
d1v58a1	51349	52832	52833	52898
d1v58a2	53931	54402	54423	54424
d1v59a1	51349	51904	51905	51943
d1v59a2	51349	51904	51905	51943
d1v59a3	53931	55423	55424	55425
d1v5da_	46456	48207	48208	48213
d1v5ib1	53931	54861	54897	54905
d1v5ra1	53931	55382	143575	143576
d1v5va1	48724	50464	101790	101791
d1v5va2	53931	103024	103025	103026
d1v66a_	46456	63450	68906	68907
d1v6ga1	56992	57715	57716	57736
d1v6pa_	56992	57301	57302	57303
d1v6ta_	51349	51988	88713	117449
d1v6za1	48724	88696	88697	89451
d1v6za2	51349	75216	75217	89632
d1v70a_	48724	51181	51182	89409
d1v72a1	51349	53382	53383	53384
d1v74a_	53931	102823	102824	102825
d1v74b_	46456	47161	101125	101126
d1v76a_	48724	101743	101744	101745
d1v77a_	51349	51988	89550	110442
d1v7la_	51349	52008	52016	52017
d1v7mv_	46456	47265	47266	47286
d1v7pb_	53931	56435	56436	56437
d1v7pc_	51349	53299	53300	53301
d1v7ra_	51349	52953	52972	52973
d1v7wa1	46456	48207	48208	63588
d1v7wa2	48724	49993	74650	63733
d1v7za_	51349	102214	102215	102216
d1v84a_	51349	53447	53448	53467
d1v8ca1	53931	54235	54285	54286
d1v8ca2	53931	55944	103239	103240
d1v8da_	51349	110709	110710	110711
d1v8ha1	48724	48725	81296	141027
d1v8pa_	51349	88722	88723	89619
d1v8qa_	48724	51229	110324	110325
d1v8ya_	53931	55810	55811	55812
d1v92a_	46456	46928	46934	68973
d1v93a_	51349	51350	51730	51731
d1v96a1	51349	88722	88723	89619
d1v97a1	46456	47740	47741	47742
d1v97a2	53931	54235	54292	54312
d1v97a3	53931	54664	54665	54666
d1v97a4	53931	55423	55447	55448
d1v97a5	53931	56002	56003	56004
d1v97a6	53931	56175	56176	56187
d1v9da_	46456	101446	101447	101448
d1v9fa_	53931	100877	55120	75459
d1v9ka_	53931	100877	55120	75459
d1v9ma_	56835	103485	103486	103487
d1v9u5_	56992	57423	57424	57425
d1v9va1	46456	47363	140482	140483
d1v9ya_	53931	55769	55785	55789
d1va6a_	53931	55930	55931	118090
d1va9a1	48724	48725	49265	49266
d1vaja1	53931	143446	143447	143448
d1vava_	48724	49898	49899	101649
d1vb3a1	51349	53685	53686	53687
d1vb5a_	51349	100949	100950	110513
d1vbfa_	51349	53334	53335	53354
d1vbka1	51349	52373	52402	142093
d1vbka2	53931	143436	143437	143438
d1vbwa_	53931	54653	54654	54655
d1vc1a_	51349	52086	52091	52092
d1vc4a_	51349	51350	51366	51381
d1vcaa1	48724	48725	48726	49142
d1vcaa2	48724	48725	48726	49159
d1vcca_	53931	55868	55869	55870
d1vcda_	53931	55810	55811	55812
d1vcfa1	51349	51350	51395	51396
d1vcha1	51349	53270	53271	53272
d1vcla1	48724	50352	50370	50371
d1vcla3	53931	111264	111265	111266
d1vcoa1	51349	52171	52317	52318
d1vcoa2	51349	52539	52540	52652
d1vcsa1	46456	47654	47661	47662
d1vcta1	46456	46965	109755	109756
d1vcta2	53931	116725	116726	116727
d1vcva1	51349	51350	51569	51570
d1vd4a_	56992	57769	57783	57784
d1vd6a_	51349	51350	51695	89508
d1vdda_	56572	111303	111304	111305
d1vdka_	46456	48556	48557	48558
d1vdma1	51349	53270	53271	53272
d1vdra_	51349	53596	53597	53598
d1vdwa_	56572	56654	56655	56656
d1ve2a1	51349	53789	53790	53791
d1ve3a1	51349	53334	53335	117688
d1ve4a1	51349	53849	53850	53851
d1ve9a1	51349	51970	51971	51979
d1ve9a2	53931	54372	54373	54384
d1veca_	51349	52539	52540	81268
d1vefa1	51349	53382	53383	53417
d1vema1	48724	49451	49452	49453
d1vema2	51349	51350	51445	51446
d1vf6a_	46456	101287	101288	101289
d1vf7a_	56835	111368	111369	111370
d1vf8a1	51349	51350	51445	51534
d1vf8a2	53931	54533	54556	54557
d1vffa1	51349	51350	51445	51521
d1vfga1	46456	81890	81891	81892
d1vfga2	53931	81302	81301	82661
d1vfha1	48724	50614	50621	88682
d1vfha2	51349	51350	51419	51420
d1vfia1	56992	144128	144129	144130
d1vfra_	53931	55468	55469	55470
d1vg0a1	51349	51904	51905	51931
d1vg0a2	53931	54372	54373	54399
d1vgja_	53931	55143	55144	191492
d1vgya1	51349	53162	53187	53204
d1vgya2	53931	54861	55031	55032
d1vh3a_	51349	53447	53448	68901
d1vh4a_	48724	51125	101960	101961
d1vh6a_	46456	47161	101116	101117
d1vhea2	51349	53162	53187	53204
d1vhka1	48724	88696	88697	89451
d1vhka2	51349	75216	75217	89632
d1vhoa1	48724	50614	101821	101822
d1vhoa2	51349	53162	53187	53204
d1vhqa_	51349	52171	52317	52325
d1vhua_	51349	52948	52949	89724
d1vhwa_	51349	53162	53167	53168
d1vhya1	48724	88696	88697	89451
d1vhya2	51349	75216	75217	89632
d1vi0a1	46456	46688	46689	46764
d1vi0a2	46456	48497	48498	48499
d1vi2a1	51349	51734	51735	51883
d1vi2a2	51349	53222	53223	82336
d1vi6a_	51349	52171	52313	52314
d1vi7a2	53931	54861	54980	102991
d1viaa_	51349	52539	52540	52566
d1viba_	56992	57006	57011	57012
d1viga_	53931	54790	54791	54792
d1vioa1	53931	100877	55120	75459
d1vioa2	53931	55173	55174	75468
d1vj0a1	48724	50128	50129	50136
d1vj0a2	51349	51734	51735	51736
d1vj1a1	48724	50128	50129	50136
d1vj2a_	48724	51181	51182	101976
d1vj7a1	46456	109603	109604	101340
d1vj7a2	53931	81302	81301	102945
d1vjfa_	53931	55825	55826	55827
d1vjoa_	51349	53382	53383	53402
d1vjva_	53931	54000	54001	82568
d1vjza_	51349	51350	51445	51487
d1vk1a_	53931	110848	110849	110853
d1vk3a1	53931	55297	55326	55327
d1vk3a3	53931	56041	56042	56043
d1vk3a4	53931	56041	56042	56043
d1vk5a_	46456	109919	109920	109921
d1vk6a2	53931	55810	55811	103214
d1vk6a4	56992	57769	116738	116739
d1vk8a_	53931	54861	89957	89958
d1vkca_	53931	55728	55729	55730
d1vkea_	46456	69117	69118	101468
d1vkfa_	51349	51350	110391	110392
d1vkka_	53931	55752	55753	55762
d1vkna1	51349	51734	51735	51800
d1vkna2	53931	55346	55347	55348
d1vkra_	51349	52787	52794	52795
d1vkya_	56572	111336	111337	111338
d1vkza1	48724	51229	51246	51247
d1vkza2	51349	52439	52440	52441
d1vkza3	53931	56058	56059	56067
d1vl1a_	51349	100949	100950	52513
d1vl2a1	51349	52373	52402	52403
d1vl2a2	53931	69863	69864	69865
d1vl4a_	53931	111282	111283	111284
d1vl5a_	51349	53334	53335	110671
d1vl6a1	51349	51734	51735	51883
d1vl6a2	51349	53222	53223	53240
d1vl7a_	48724	50474	50475	50476
d1vl8a_	51349	51734	51735	51751
d1vlba1	46456	47740	47741	47742
d1vlba3	53931	54664	54665	54666
d1vlba4	53931	56002	56003	56004
d1vlga_	46456	47239	47240	47241
d1vlia1	48724	51268	51269	51270
d1vlia2	51349	51350	51569	110368
d1vloa1	48724	50464	101790	101791
d1vloa2	53931	103024	103025	103026
d1vlpa1	53931	54664	54675	110907
d1vlpa2	51349	51350	51690	110910
d1vlra1	53931	54196	54197	102745
d1vlra2	53931	102859	102860	102861
d1vlya1	48724	50464	101790	101791
d1vlya2	53931	103024	103025	103026
d1vm0a_	53931	55199	82704	111027
d1vm6a2	53931	55346	55347	55368
d1vm6a3	51349	51734	51735	51800
d1vm7a_	51349	53612	53613	53614
d1vm9a_	48724	50021	50022	50023
d1vmaa1	46456	47161	47364	47365
d1vmba_	53931	54861	54995	54996
d1vmea1	51349	52171	52218	52219
d1vmea2	53931	56280	56281	56291
d1vmga_	46456	101385	101386	116993
d1vmha_	53931	111037	111038	111039
d1vmja_	53931	111037	111038	111039
d1vmoa_	48724	51091	51092	51093
d1vnsa_	46456	48316	48317	48325
d1vola1	46456	47953	47954	47965
d1vp2a_	51349	52953	52972	52973
d1vp5a_	51349	51350	51430	51431
d1vp6a_	48724	51181	51206	51210
d1vp7a_	46456	46965	116842	116843
d1vpba_	53931	111282	111283	111284
d1vpda1	46456	48178	48179	48180
d1vpda2	51349	51734	51735	51868
d1vpka1	53931	55978	55979	55980
d1vpla_	51349	52539	52540	52686
d1vpma_	53931	54636	54637	54638
d1vpra1	48724	50813	50814	141472
d1vpsa_	48724	88632	88648	88649
d1vpta_	51349	53334	53335	88785
d1vpua_	56992	57646	57647	57648
d1vq0a1	53931	64396	64397	64398
d1vq2a_	51349	53926	53927	89800
d1vq811	56992	57769	57829	57833
d1vq821	46456	48661	48662	48663
d1vq831	56992	57769	57829	57836
d1vq8a1	48724	50036	50104	50114
d1vq8a2	48724	50198	50249	50282
d1vq8b1	48724	50412	50447	50461
d1vq8c1	51349	52165	52166	52167
d1vq8d1	53931	55281	55282	55283
d1vq8e1	53931	56052	56053	56054
d1vq8h1	53931	54664	54686	54687
d1vq8i1	46456	46688	46906	46907
d1vq8k1	48724	50192	50193	50194
d1vq8l1	51349	52079	52080	52081
d1vq8m1	53931	54188	54189	54193
d1vq8n1	51349	53066	53137	53138
d1vq8o1	51349	52079	52080	52081
d1vq8p1	46456	48139	48140	48141
d1vq8q1	48724	50036	50104	50105
d1vq8r1	53931	54842	54843	54844
d1vq8s1	53931	54188	54189	54190
d1vq8t1	48724	50036	50104	50105
d1vq8u1	56992	57715	57716	57749
d1vq8v1	46456	46556	46561	46562
d1vq8w1	53931	55128	55129	55130
d1vq8x1	53931	54574	54575	54576
d1vq8y1	51349	52037	52042	52043
d1vq8z1	56992	57769	57829	57830
d1vqqa1	53931	54402	54427	82595
d1vqqa2	53931	56518	56519	56520
d1vqqa3	56572	56600	56601	56602
d1vqta1	51349	51350	51366	51375
d1vqza1	53931	82648	82649	143216
d1vqza2	53931	55680	55681	143642
d1vr0a1	51349	142822	142823	142824
d1vr3a1	48724	51181	51182	82191
d1vr4a1	53931	88797	117782	117783
d1vr5a1	51349	53849	53850	53851
d1vr7a_	53931	56275	56276	111222
d1vr8a1	53931	143476	143477	143478
d1vr9a3	53931	54630	54631	54632
d1vrba1	48724	51181	51197	141633
d1vrma1	53931	55619	143631	143632
d1vsra_	51349	52979	52980	53023
d1vtxa_	56992	57015	57059	57072
d1vyba_	53931	56218	56219	56220
d1vyfa_	48724	50813	50814	50847
d1vyhc1	48724	50964	50978	50979
d1vyia_	53931	118172	118173	118174
d1vyqa1	48724	51268	51283	51284
d1vyra_	51349	51350	51395	51396
d1vyxa_	56992	57849	57850	118300
d1vz0a1	46456	46688	109709	109710
d1vz0a2	53931	110848	110849	110850
d1vz6a_	53931	56265	56266	111219
d1vzia1	48724	48725	49367	49368
d1vzia2	56992	57769	57802	57813
d1vzma_	56992	57629	57630	191493
d1vzya1	53931	64396	64397	64398
d1vzya2	56992	118351	118352	118353
d1w07a1	46456	47363	47203	74714
d1w07a3	56572	56644	56645	75600
d1w0ha_	51349	53066	53098	53118
d1w0ma_	51349	51350	51351	51352
d1w0na_	48724	49784	49785	117114
d1w0pa1	48724	49898	49899	49965
d1w0pa3	48724	50938	50939	50940
d1w0ua_	46456	46688	46689	46745
d1w1ha_	48724	50728	50729	50730
d1w1oa1	53931	54861	55103	110990
d1w1oa2	53931	56175	56176	56177
d1w1wa_	51349	52539	52540	52686
d1w1we_	46456	46688	46785	116795
d1w23a_	51349	53382	53383	53417
d1w27a_	46456	48556	48557	48572
d1w2fa_	53931	56103	56104	111188
d1w2w.1	51349	100949	100950	110513
d1w2ya_	46456	101385	101386	101387
d1w2za1	48724	49993	49998	49999
d1w2za2	53931	54402	54416	54417
d1w32a_	51349	51350	51445	51487
d1w36b1	51349	52539	52540	81268
d1w36b3	51349	52979	52980	117619
d1w36c1	51349	52539	52540	81268
d1w36c3	51349	52979	52980	117622
d1w36d1	51349	52539	52540	81268
d1w36d2	51349	52539	52540	81268
d1w3ba_	46456	48370	48452	48453
d1w3ia_	51349	51350	51569	51570
d1w41a1	53931	55297	55315	55316
d1w4ta1	53931	54000	54001	54047
d1w4xa1	51349	51904	51905	51943
d1w53a_	46456	101214	101215	109836
d1w55a1	51349	53447	53448	68901
d1w5fa2	53931	55297	55307	55308
d1w5qa_	51349	51350	51569	51594
d1w5ra1	53931	54000	54001	54047
d1w5sa1	46456	46688	46785	46819
d1w5sa2	51349	52539	52540	81269
d1w66a1	53931	55680	55681	143642
d1w68a_	46456	47239	47240	47253
d1w6ga1	48724	49993	49998	49999
d1w6ga2	53931	54402	54416	54417
d1w6ka1	46456	48207	48239	48243
d1w6ka2	46456	48207	48239	48243
d1w6na_	48724	49898	49899	49932
d1w6sa_	48724	50997	50998	50999
d1w6sb_	46456	48661	48666	48667
d1w6ua_	51349	51734	51735	51751
d1w77a1	51349	53447	53448	68901
d1w79a1	56572	56600	56601	144040
d1w7ca1	48724	49993	49998	49999
d1w7ca2	53931	54402	54416	54417
d1w7ja1	48724	50036	50084	50085
d1w7ja2	51349	52539	52540	52641
d1w85i_	46456	47004	47005	47006
d1w8aa_	51349	52046	52058	75142
d1w8ia_	51349	88722	88723	89619
d1w8oa1	48724	48725	81296	81282
d1w8oa2	48724	49784	49785	49786
d1w8oa3	48724	50938	50939	50940
d1w91a1	48724	51010	51011	89388
d1w91a2	51349	51350	51445	51487
d1w94a1	51349	52953	52954	142420
d1w96a1	48724	51229	51246	51247
d1w96a2	51349	52439	52440	52441
d1w96a3	53931	56058	56059	56067
d1w98b1	46456	47953	47954	47955
d1w9aa_	48724	50474	50475	50476
d1w9ca_	46456	48370	48371	117002
d1w9ea1	48724	50155	50156	50157
d1w9pa1	51349	51350	51445	51534
d1w9pa2	53931	54533	54556	54557
d1w9sa_	48724	49784	49785	69213
d1w9ya1	48724	51181	51197	51198
d1wa3a_	51349	51350	51569	51570
d1wa5c_	46456	48370	48371	48372
d1waaa_	48724	48725	48726	49159
d1wb8a1	46456	46556	46609	46610
d1wb9a1	46456	48333	48334	48335
d1wb9a2	51349	52539	52540	52686
d1wb9a3	51349	53066	53150	53151
d1wb9a4	53931	55266	55271	55272
d1wbaa_	48724	50352	50386	50387
d1wbea_	46456	110003	110004	110005
d1wbha1	51349	51350	51569	51570
d1wc2a1	48724	50684	50685	50686
d1wcga1	51349	51350	51445	51521
d1wcha_	51349	52798	52799	52805
d1wcv1_	51349	52539	52540	191323
d1wd3a1	48724	49898	49899	110143
d1wd3a2	48724	50352	110221	110222
d1wd5a_	51349	53270	53271	53272
d1wdcb_	46456	47472	47473	47502
d1wdda1	51349	51350	51649	51650
d1wdda2	53931	54861	54966	54967
d1wdds_	53931	55238	55239	55240
d1wdea_	51349	53789	53790	53791
d1wdja_	51349	52979	52980	117628
d1wdka1	46456	48178	48179	48187
d1wdka3	51349	51734	51735	51868
d1wdka4	51349	52095	52096	52103
d1wdkc1	51349	53900	53901	53902
d1wdna_	51349	53849	53850	53851
d1wdpa_	51349	51350	51445	51446
d1wdua_	53931	56218	56219	56220
d1wdva_	53931	55825	55826	55827
d1wdya_	53931	74651	48403	48404
d1weha_	51349	102404	102405	102406
d1weka_	51349	102404	102405	102406
d1wela1	53931	54861	54928	54929
d1wera_	46456	48349	48350	48360
d1wf3a1	51349	52539	52540	52592
d1wf3a2	53931	54805	54814	54815
d1wf5a1	48724	48725	49265	49266
d1wf9a1	53931	54235	54236	54237
d1wfna1	48724	48725	49265	49266
d1wfoa1	48724	48725	49265	49266
d1wfxa_	53931	56398	56399	118162
d1wgea1	56992	57769	144217	144218
d1whia_	48724	50192	50193	50194
d1wht.1	51349	53473	53474	53499
d1whza_	53931	54767	54786	117905
d1wi4a1	48724	50155	50156	50157
d1wida_	48724	101935	101936	117343
d1wija_	46456	63450	116768	116769
d1wisa1	48724	48725	49265	49266
d1wita_	48724	48725	48726	49159
d1wiwa_	51349	53696	53697	53698
d1wj0a_	56992	103611	103612	103613
d1wj7a1	46456	46928	46934	46935
d1wj9a1	53931	54861	117987	117988
d1wjpa1	56992	57666	57667	57668
d1wjva1	56992	57666	57667	57697
d1wjxa_	48724	74981	74982	74983
d1wkca_	51349	100949	100950	110520
d1wkoa_	48724	49776	49777	49778
d1wkra_	48724	50629	50630	50646
d1wkta_	48724	49694	49695	49710
d1wkva1	51349	53685	53686	53687
d1wkya1	48724	49784	49785	141119
d1wl8a1	51349	52171	52317	52318
d1wlfa1	53931	54584	54585	54586
d1wlfa2	48724	50684	50692	50708
d1wlga_	48724	117142	117143	117144
d1wlja_	51349	53066	53098	53118
d1wlma1	46456	47472	47473	140538
d1wlna1	48724	49878	49879	49885
d1wlta1	48724	51181	51182	51183
d1wlua_	53931	54636	54637	89902
d1wlza1	46456	47472	47473	47547
d1wm1a_	51349	53473	53474	53509
d1wm3a_	53931	54235	54236	54237
d1wmaa1	51349	51734	51735	51751
d1wmda1	48724	49784	49785	89249
d1wmda2	51349	52742	52743	52744
d1wmga_	46456	47985	47986	81312
d1wmha_	53931	54235	54277	64225
d1wmhb_	53931	54235	54277	64225
d1wmia1	53931	143010	143011	143015
d1wmib1	46456	48661	141004	141005
d1wmsa_	51349	52539	52540	52592
d1wmxa_	48724	49784	49785	110125
d1wmza_	53931	56435	56436	56437
d1wn2a_	51349	102461	102462	191421
d1wnaa_	53931	143591	143592	143593
d1wnda_	51349	53719	53720	53721
d1woca_	48724	50198	50249	50263
d1woja_	53931	55143	55144	103043
d1wola_	46456	47161	81593	191498
d1woqa1	51349	53066	53067	110636
d1wosa1	48724	50464	101790	101791
d1wota_	53931	81302	81301	102932
d1woua_	51349	52832	52833	110612
d1wp0a1	51349	52832	52833	52901
d1wp1a_	56835	56953	56954	56955
d1wp9a1	51349	52539	52540	81268
d1wp9a2	51349	52539	52540	81268
d1wpba_	46456	116959	116960	116961
d1wpga1	48724	51181	81653	81652
d1wpga2	51349	56783	56784	81656
d1wpga3	53931	81661	81660	81659
d1wpga4	56835	81666	81665	81664
d1wpia1	51349	52832	52833	142395
d1wpna_	51349	64181	64182	64183
d1wpua_	53931	111063	111064	111065
d1wpwa_	51349	53658	53659	53660
d1wpxa_	51349	53473	53474	53499
d1wpxb1	48724	49776	49777	49778
d1wqga_	53931	55185	55194	55195
d1wqjb1	56992	57015	57184	57185
d1wr8a_	51349	56783	56784	82388
d1wraa1	53931	56280	56281	143921
d1wrba1	51349	52539	52540	81268
d1wrda1	46456	46965	89009	89010
d1wrua1	48724	69278	69279	69280
d1wrua2	48724	69278	69279	69280
d1ws6a1	51349	53334	53335	142611
d1ws8a_	48724	49502	49503	49504
d1wspa1	53931	54235	54236	159926
d1wtea_	51349	52979	52980	117635
d1wtya_	46456	47161	81593	81740
d1wu2a1	48724	51268	63867	63868
d1wu2a3	51349	53217	53218	64103
d1wu3i_	46456	47265	47266	47305
d1wu4a1	46456	48207	48208	48213
d1wu7a1	51349	52953	52954	52955
d1wu7a2	53931	55680	55681	55682
d1wu9a1	46456	140611	140612	140613
d1wuba_	48724	50875	101874	101875
d1wuda1	46456	47768	47819	47820
d1wuea2	53931	54825	54826	54827
d1wuil_	56572	56761	56762	56763
d1wuis_	56572	56769	56770	56771
d1wuua1	53931	54210	54211	54232
d1wuua2	53931	54861	55060	103011
d1wv3a1	48724	49878	49879	141143
d1wv8a1	53931	143099	143100	143101
d1wvec_	46456	46625	46626	46627
d1wvfa1	53931	54861	55103	55104
d1wvfa2	53931	56175	56176	56177
d1wvha1	48724	50728	50729	50755
d1wvqa_	53931	103164	103165	191419
d1wwca_	48724	48725	48726	49159
d1wwha1	53931	54861	54928	54929
d1wwia1	46456	47112	47113	101318
d1wwja_	51349	52832	52833	102449
d1wwma1	46456	48612	48613	101458
d1wwra1	51349	53926	53927	89800
d1wwza1	53931	55728	55729	55730
d1wx1a_	51349	52732	52733	52734
d1wx8a1	53931	54235	54236	54237
d1wx9a1	53931	54235	54236	54237
d1wxaa1	53931	54235	54236	54263
d1wxqa1	51349	52539	52540	52592
d1wxqa2	53931	54235	81271	82583
d1wxva1	53931	54235	54236	54237
d1wxxa1	48724	88696	88697	141716
d1wxxa2	51349	53334	53335	142635
d1wy5a1	51349	52373	52402	82359
d1wy5a2	53931	82828	82829	82830
d1wy6a_	46456	48370	101424	101425
d1wy7a1	51349	53334	53335	89751
d1wyub_	51349	53382	53383	142678
d1wyxa_	48724	50036	50044	191375
d1wyza1	51349	53789	53790	53791
d1wz3a1	53931	54235	54236	142972
d1wz9a_	56572	56573	56574	56575
d1wzaa1	48724	51010	51011	51012
d1wzaa2	51349	51350	51445	51446
d1wzda_	46456	48612	48613	48614
d1wzla1	48724	48725	81296	191341
d1wzla2	48724	51010	51011	227134
d1wzla3	51349	51350	51445	51446
d1wzna1	51349	53334	53335	117688
d1wzua1	51349	142753	142754	142755
d1wzva1	53931	54494	54495	54496
d1wzza1	46456	48207	48208	48213
d1x0ha1	53931	143884	143885	143886
d1x1fa1	48724	50728	50729	50730
d1x1ia1	46456	48207	48230	48234
d1x1ia2	48724	49862	49863	254204
d1x1ia3	48724	49993	74650	227145
d1x1ma1	53931	54235	54236	54237
d1x1na1	51349	51350	51445	51446
d1x1ta_	51349	51734	51735	51751
d1x2ga1	53931	82648	82649	143216
d1x2ga2	53931	55680	55681	143642
d1x2ia1	46456	47768	47781	140629
d1x2ma1	46456	46688	46689	46690
d1x36a_	48724	88632	88633	88643
d1x38a1	51349	51350	51445	51553
d1x38a2	51349	52171	52279	52280
d1x3aa1	46456	140382	140383	140384
d1x3ca1	56992	57666	57667	57668
d1x3da1	48724	48725	49265	49266
d1x3ha1	56992	57715	57716	57736
d1x3la_	51349	82543	82544	191501
d1x3pa1	48724	50036	54160	54165
d1x3xa_	53931	55855	55856	191500
d1x3za_	53931	54000	54001	54044
d1x3zb_	46456	101237	101238	101239
d1x40a1	46456	47768	47769	47773
d1x41a1	46456	46688	46689	46690
d1x44a1	48724	48725	48726	49159
d1x45a1	48724	50155	50156	50157
d1x46a_	46456	46457	46458	191420
d1x47a1	53931	54767	54768	54769
d1x48a1	53931	54767	54768	54769
d1x49a1	53931	54767	54768	54769
d1x4aa1	53931	54861	54928	54929
d1x4da1	53931	54861	54928	54929
d1x4ea1	53931	54861	54928	54929
d1x4fa1	53931	54861	54928	54929
d1x4ga1	53931	54861	54928	54929
d1x4ha1	53931	54861	54928	54929
d1x4ka1	56992	57715	57716	57736
d1x4ma1	53931	54790	54791	54792
d1x4na1	53931	54790	54791	54792
d1x4oa1	46456	109904	109905	109906
d1x4pa1	46456	109904	109905	109906
d1x4sa1	56992	144231	144232	144240
d1x4ta1	46456	46556	140102	140103
d1x4xa1	48724	48725	49265	49266
d1x4za1	48724	48725	49265	49266
d1x51a1	53931	55810	55811	103211
d1x52a1	53931	55297	55315	55323
d1x53a1	53931	55944	55961	111168
d1x57a1	46456	47412	47413	140529
d1x58a1	46456	46688	46689	46690
d1x5aa1	48724	48725	49265	49266
d1x5fa1	48724	48725	49265	49266
d1x5ga1	48724	48725	49265	49266
d1x5ha1	48724	48725	49265	49266
d1x5ia1	48724	48725	49265	49266
d1x5ja1	48724	48725	49265	49266
d1x5ka1	48724	48725	49265	49266
d1x5na1	48724	50155	50156	50157
d1x5oa1	53931	54861	54928	54929
d1x5sa1	53931	54861	54928	54929
d1x5wa1	56992	57666	57667	57668
d1x5xa1	48724	48725	49265	49266
d1x5ya1	48724	48725	49265	49266
d1x5za1	48724	48725	49265	49266
d1x61a1	56992	57715	57716	57736
d1x62a1	56992	57715	57716	57736
d1x68a1	56992	57715	57716	57736
d1x6aa1	56992	57715	57716	57736
d1x6da1	48724	50155	50156	50172
d1x6fa1	56992	57666	57667	57668
d1x6ha1	56992	57666	57667	57668
d1x6oa1	48724	50036	50104	50110
d1x6oa2	48724	50198	50249	50282
d1x6va1	48724	88696	88697	63801
d1x6va2	51349	52373	52374	63979
d1x75a1	56572	56718	56719	56720
d1x7da_	51349	51734	51735	110436
d1x7fa1	48724	50890	50891	110278
d1x7fa2	51349	51350	51445	110354
d1x8da1	53931	54861	54909	160298
d1x8qa_	48724	50813	50814	50815
d1x91a_	46456	47363	101148	101149
d1x93a1	46456	47597	47598	100970
d1x9aa_	51349	75168	75169	117489
d1x9ba_	46456	47013	116858	116859
d1x9fc_	46456	46457	46458	46463
d1x9fd_	46456	46457	46458	46463
d1x9ma1	51349	53066	53098	53118
d1x9ma2	56572	56671	56672	56673
d1x9na1	46456	117017	117018	117019
d1x9na2	48724	50198	50249	50307
d1x9na3	53931	56058	56091	56092
d1x9ua_	48724	49502	49503	191502
d1x9ya2	53931	54402	54403	117846
d1x9za_	53931	118115	118116	118117
d1xa1a_	56572	56600	56601	56602
d1xa6a1	46456	48349	48350	48351
d1xa6a2	53931	55549	55550	55551
d1xaka_	48724	48725	117066	117067
d1xaua_	48724	48725	48726	49159
d1xb2b1	46456	46928	46934	63423
d1xb2b2	53931	54712	54713	54714
d1xb4a1	46456	46688	46785	109692
d1xbia1	53931	55297	55315	55316
d1xbta2	56992	57715	57716	118276
d1xc3a1	51349	53066	53067	110636
d1xc5a1	46456	46688	46689	46739
d1xcra1	53931	117855	117856	143091
d1xd3a_	53931	54000	54001	54050
d1xdia1	51349	51904	51905	51943
d1xdia2	53931	55423	55424	55425
d1xdna_	53931	56058	56091	103286
d1xdpa1	46456	46965	140356	140357
d1xdpa2	53931	143723	143724	143728
d1xdpa3	53931	56023	56024	143860
d1xdtr_	56992	57015	57196	57197
d1xdya_	53931	56523	56524	56525
d1xe1a_	48724	50412	50447	50448
d1xeaa1	51349	51734	51735	51800
d1xeaa2	53931	55346	55347	55376
d1xeba_	53931	55728	55729	55730
d1xeoa_	53931	56419	56420	56421
d1xeqa1	46456	47059	47060	47061
d1xera_	53931	54861	54862	54874
d1xew.1	51349	52539	52540	52686
d1xfda1	48724	50997	82171	82172
d1xfda2	51349	53473	53474	82497
d1xfea2	56992	57423	57424	57425
d1xffa_	53931	56234	56235	56236
d1xfia_	56572	111320	111321	111322
d1xfja_	53931	64437	64438	111238
d1xfka_	51349	52767	52768	52769
d1xfsa_	53931	55944	55961	111168
d1xg0a_	53931	56567	56568	56569
d1xg0c_	46456	46457	46458	46532
d1xg4a_	51349	51350	51621	88704
d1xgka_	51349	51734	51735	51751
d1xgsa1	46456	46688	46785	46887
d1xgsa2	53931	55919	55920	55921
d1xhba1	48724	50352	50370	50371
d1xhba2	51349	53447	53448	117702
d1xhca1	51349	51904	51905	51943
d1xhca3	53931	55423	55424	55425
d1xhka_	53931	54210	54211	102769
d1xhna1	48724	50474	50475	50476
d1xhsa_	53931	110856	110857	110858
d1xi3a_	51349	51350	51391	51392
d1xi7a_	56992	57015	57059	118237
d1xioa_	56835	81322	81321	81319
d1xiwa_	48724	48725	48726	49159
d1xiwb_	48724	48725	48726	49159
d1xiya1	51349	52832	52833	52901
d1xjca_	51349	52539	52540	52652
d1xjha_	56992	118351	118352	118353
d1xjva1	48724	50198	50249	50263
d1xk4a1	46456	47472	47473	47478
d1xkga1	53931	54000	54001	54002
d1xkia_	48724	50813	50814	50815
d1xkpa1	46456	140590	140591	140598
d1xkpb1	53931	69634	69635	69636
d1xkpc1	53931	69634	69635	69636
d1xkra_	53931	103038	103039	103040
d1xksa_	48724	50964	117289	117290
d1xkua_	51349	52046	52058	75142
d1xkya1	51349	51350	51569	51570
d1xl3c1	46456	140590	140591	140592
d1xl4a1	48724	48725	81296	81966
d1xl4a2	56835	81325	81324	81323
d1xl7a1	51349	52776	52777	82424
d1xl7a2	51349	52776	52777	82424
d1xlqa_	53931	54235	54292	54293
d1xlya_	46456	116941	116942	116943
d1xm3a_	51349	51350	110399	110400
d1xm5a_	53931	55485	55486	103132
d1xm9a1	46456	48370	48371	140833
d1xmaa_	46456	46688	46785	116807
d1xmka1	46456	46688	46785	46853
d1xmta_	53931	55728	55729	55730
d1xn5a_	53931	55944	55961	111168
d1xn7a_	46456	46688	46785	116812
d1xn8a_	46456	116914	116915	116916
d1xnea_	48724	88696	88697	117351
d1xnfa_	46456	48370	48452	48453
d1xnga1	51349	52373	52402	52403
d1xo1a1	46456	47768	47807	47808
d1xo1a2	51349	88722	88723	53045
d1xo5a_	46456	47472	47473	47502
d1xo8a_	48724	48725	117070	117071
d1xoca1	51349	53849	53850	53851
d1xoda1	48724	50728	50729	50767
d1xoua_	46456	116926	116927	116928
d1xoub_	46456	116926	116927	116931
d1xova1	48724	50036	82057	141198
d1xova2	51349	53162	53187	102517
d1xp4a1	48724	69188	69189	69190
d1xp4a2	56572	56600	56601	56602
d1xp8a2	53931	54751	54752	54753
d1xpaa1	46456	46954	46955	46959
d1xpaa2	56992	57715	57716	57746
d1xpja_	51349	56783	56784	117512
d1xppa_	53931	55247	55257	64311
d1xpua3	51349	52539	52540	52670
d1xq4a_	48724	48725	110069	110070
d1xqba_	56572	118195	118196	118197
d1xqoa_	46456	48149	48150	116976
d1xqra1	46456	48370	48371	140822
d1xr4a1	51349	100949	100950	74656
d1xrda1	56835	56917	56918	56919
d1xria_	51349	52798	52799	52800
d1xrka_	53931	54592	54593	54598
d1xrsa_	51349	51350	51703	117392
d1xrsb1	51349	52171	52242	52243
d1xrsb2	53931	88797	117778	117779
d1xrta1	48724	51337	51338	75044
d1xrta2	51349	51350	51556	75073
d1xrua1	48724	51181	51182	110318
d1xrxa1	46456	47597	47598	140547
d1xrza_	56992	57666	57667	57668
d1xs1a_	48724	51268	51283	51284
d1xs5a_	51349	53849	53850	53851
d1xsfa1	53931	53954	53955	159824
d1xsva_	46456	46688	88659	109706
d1xsza1	46456	48370	48425	48426
d1xsza2	53931	55944	118104	118105
d1xt8a1	51349	53849	53850	53851
d1xtea_	53931	64267	64268	64269
d1xtta1	51349	53270	53271	53272
d1xu1a_	48724	49841	49842	49843
d1xu1r_	56992	57585	57586	90174
d1xu2r_	56992	57585	57586	90174
d1xuba1	53931	54505	54506	89863
d1xv2a_	53931	117855	117856	117857
d1xvia_	51349	56783	56784	82388
d1xvla1	51349	53799	53807	53811
d1xvpb_	46456	48507	48508	48509
d1xvsa_	48724	48725	110069	110070
d1xvwa1	51349	52832	52833	52901
d1xvxa_	51349	53849	53850	53851
d1xw3a1	53931	110848	110849	160095
d1xwdb1	56992	57500	57501	57528
d1xwdc1	51349	52046	52058	75142
d1xwma_	46456	46965	109755	109756
d1xwva_	48724	48725	81296	81287
d1xwya1	51349	51350	51556	82267
d1xxaa_	53931	55247	55252	55253
d1xy7a_	53931	54592	54593	117876
d1xyia_	48724	50036	54160	54161
d1xyza_	51349	51350	51445	51487
d1xzoa1	51349	52832	52833	52901
d1xzpa1	46456	47161	116878	116879
d1xzpa3	53931	103024	103025	117997
d1y02a1	46456	63450	68906	68907
d1y02a2	56992	57902	57903	57904
d1y08a_	53931	54000	54001	117762
d1y0ba1	51349	53270	53271	53272
d1y0ga_	48724	50875	101874	101875
d1y0ha_	53931	54861	54909	110970
d1y0ka1	51349	52979	52980	142449
d1y0ma_	48724	50036	50044	50045
d1y0pa1	46456	48694	48695	48711
d1y0pa2	51349	51904	51905	51934
d1y0pa3	53931	56424	56425	56426
d1y0ya1	48724	50614	101821	101822
d1y0ya3	51349	53162	53187	53204
d1y0za_	48724	51181	51197	89416
d1y12a1	48724	141451	141452	141453
d1y14a_	46456	47768	47819	69044
d1y14b1	48724	50198	50249	50282
d1y14b2	53931	88797	88798	88799
d1y1la_	51349	52787	52788	52789
d1y1oa_	51349	52979	52980	117631
d1y1pa1	51349	51734	51735	51751
d1y1xa_	46456	47472	47473	63550
d1y29a_	56992	57015	57059	57072
d1y2ka_	46456	109603	109604	48548
d1y2oa1	46456	116747	103657	140703
d1y43.1	48724	49898	49899	101656
d1y44a1	53931	56280	56281	143916
d1y4wa1	48724	49898	49899	101652
d1y4wa2	48724	50933	75005	101884
d1y5ea1	51349	53217	53218	53219
d1y5ha3	53931	54630	54631	54632
d1y5ia1	48724	50684	50692	50696
d1y5ia2	51349	53705	53706	53707
d1y5ib_	53931	54861	54862	54884
d1y5ic1	56835	81344	103501	103502
d1y5oa1	48724	50728	50729	110272
d1y60a_	53931	54210	54211	117795
d1y63a_	51349	52539	52540	52541
d1y6da_	46456	47161	47226	116871
d1y6ha_	53931	56419	56420	56421
d1y6ia1	46456	48370	48371	140825
d1y6ja2	53931	56326	56327	56328
d1y6kr1	48724	48725	49265	49266
d1y6xa1	46456	101385	101386	140797
d1y6za_	53931	54210	54211	191504
d1y71a1	48724	50036	141251	141252
d1y74a1	46456	101287	101288	101289
d1y7ba1	48724	49898	49899	141161
d1y7ba2	48724	50933	75005	75006
d1y7ea1	48724	50614	101821	101822
d1y7ea2	51349	53162	53187	53204
d1y7ma1	48724	141522	141523	141524
d1y7ma2	53931	54105	54106	54107
d1y7na1	48724	50155	50156	50157
d1y7pa1	51349	52171	52172	142040
d1y7pa2	53931	54861	55021	143398
d1y7ra1	53931	55728	55729	55730
d1y7ta1	51349	51734	51735	51848
d1y7ta2	53931	56326	56327	56328
d1y81a1	51349	51734	51735	51900
d1y88a1	46456	47768	47794	116936
d1y88a2	51349	52979	52980	117638
d1y8aa1	51349	56783	56784	159537
d1y8ca_	51349	53334	53335	117688
d1y8xa1	53931	54494	54495	54496
d1y8xb1	51349	69571	69572	89763
d1y93a_	53931	55485	55486	55528
d1y9ba1	46456	47597	47598	140553
d1y9ia_	46456	101306	101307	101308
d1y9ka1	53931	55728	55729	55730
d1y9qa1	46456	47412	47413	116898
d1y9qa2	48724	51181	51182	117315
d1y9wa1	53931	55728	55729	55730
d1y9za_	51349	52742	52743	52744
d1ya0a1	46456	48370	48452	48453
d1yaca_	51349	52498	52499	100948
d1yara_	53931	56234	56235	56251
d1yarh_	53931	56234	56235	56251
d1yaro_	46456	47161	47216	47217
d1yb0a1	53931	55845	55846	55847
d1yb1a_	51349	51734	51735	51751
d1yb2a1	51349	53334	53335	64117
d1yb3a1	53931	142912	142913	142917
d1yb5a1	48724	50128	50129	50136
d1yb5a2	51349	51734	51735	51736
d1ybea1	51349	51350	51690	110910
d1ybea2	53931	54664	54675	110907
d1ybfa_	51349	53162	53167	53168
d1ybha1	51349	52466	52467	52475
d1ybha3	51349	52517	52518	88749
d1ybza1	46456	48599	48600	48601
d1yc5a1	51349	52466	52467	63984
d1ycca_	46456	46625	46626	46627
d1ycsb1	53931	74651	48403	48404
d1ycsb2	48724	50036	50044	50045
d1ycya1	48724	50181	50182	141294
d1yd9a1	51349	52948	52949	89724
d1ydea1	51349	51734	51735	51751
d1ydla1	53931	142896	142897	142898
d1ydua1	48724	141561	141562	141563
d1ydwa1	51349	51734	51735	51800
d1ydwa2	53931	55346	55347	55376
d1ydxa1	53931	116733	116734	143979
d1ye8a1	51349	52539	52540	52670
d1yela1	48724	101935	101936	117343
d1yeya1	51349	51350	51604	51609
d1yeya2	53931	54825	54826	54827
d1yeza1	48724	50198	50249	101768
d1yf2a1	53931	116733	116734	143979
d1yf3a1	51349	53334	53335	88788
d1yf9a1	53931	54494	54495	54496
d1yfsa1	46456	101352	101353	101354
d1yfsa2	53931	55680	55681	55682
d1yfua1	48724	51181	51182	141618
d1yg2a_	46456	46688	46785	116807
d1yg6a_	51349	52095	52096	52097
d1ygya1	51349	51734	51735	51830
d1ygya2	51349	52171	52283	52284
d1ygya3	53931	54861	55021	55022
d1ygya4	53931	55346	143548	143552
d1yhfa1	48724	51181	51182	89409
d1yhta1	51349	51350	51445	51550
d1yi9a1	48724	88632	49742	49746
d1yioa1	46456	46688	46894	46900
d1yira1	51349	51350	51690	110910
d1yira2	53931	54664	54675	110907
d1yixa1	51349	51350	51556	82267
d1yj5a1	51349	56783	56784	82385
d1yj5a2	51349	52539	52540	52541
d1yjdc1	48724	48725	48726	48727
d1yjga_	46456	47161	63515	191444
d1yk3a1	53931	55728	55729	55730
d1yk4a_	56992	57769	57802	57803
d1ykga1	51349	52171	52218	52231
d1ykhb1	46456	140717	140718	140719
d1ykia_	53931	55468	55469	55470
d1yksa1	51349	52539	52540	52724
d1yksa2	51349	52539	52540	52724
d1ykwa1	51349	51350	51649	51650
d1ykwa2	53931	54861	54966	54967
d1yl7a1	51349	51734	51735	51800
d1yl7a2	53931	55346	55347	55368
d1ylea1	53931	55728	55729	143717
d1ylfa1	46456	46688	46785	109699
d1ylla1	48724	51181	51182	141609
d1yloa1	48724	50614	101821	101822
d1yloa2	51349	53162	53187	53204
d1ylqa1	53931	81302	81301	102932
d1ylxa1	53931	55382	143579	143580
d1ym0a_	48724	50493	50494	191364
d1ynba1	46456	109603	109604	101340
d1ynfa1	53931	55908	55909	143809
d1yo5c1	46456	46688	46785	46859
d1yo6a1	51349	51734	51735	51751
d1yoaa1	48724	50474	50475	50482
d1yoca1	53931	54636	54637	89902
d1yova_	51349	69571	69572	89763
d1yovb_	51349	69571	69572	89763
d1yoxa1	48724	51181	51219	101995
d1yoza1	46456	140725	140726	140727
d1yp2a1	48724	51160	51161	51171
d1yp2a2	51349	53447	53448	53464
d1ypqa1	53931	56435	56436	56437
d1ypzf1	48724	48725	48726	48727
d1yq2a1	48724	48725	49303	49304
d1yq2a4	48724	49993	74650	49995
d1yqba1	53931	54235	54236	54237
d1yqea1	51349	53162	142535	142536
d1yqfa1	53931	54528	54529	54530
d1yqga1	46456	48178	48179	116984
d1yqga2	51349	51734	51735	51868
d1yqha1	53931	54861	89957	89958
d1yqsa_	56572	56600	56601	56602
d1yqya1	53931	55485	55486	69775
d1yqya2	53931	56398	56399	56400
d1yrea1	53931	55728	55729	55730
d1yrra1	48724	51337	51338	82227
d1yrra2	51349	51350	51556	82261
d1yrva1	53931	54494	54495	54496
d1yrza1	48724	49898	49899	141161
d1ys1x_	51349	53473	53474	53570
d1ys5a1	56835	56924	56925	144097
d1ys7a1	46456	46688	46894	46895
d1ysja1	51349	53162	53187	53204
d1ysja2	53931	54861	55031	55032
d1ysra_	53931	55873	55874	55884
d1yt3a1	46456	47768	47819	140643
d1yt3a3	51349	53066	53098	53118
d1yt8a1	51349	52820	52821	52827
d1ytda1	51349	51350	51690	51691
d1ytda2	53931	54664	54675	54676
d1ytla1	51349	52466	52467	142130
d1yu0a1	48724	141657	141658	141659
d1yu0a2	53931	56435	56436	143964
d1yu5x_	46456	47049	47050	47051
d1yuaa1	56992	57769	57783	57795
d1yuda1	48724	51181	51182	117318
d1yuja_	56992	57666	57667	57668
d1yura1	46456	47472	47473	47478
d1yuza1	46456	47239	47240	47241
d1yuza2	56992	57769	57802	57803
d1yvia1	46456	47161	47226	47230
d1yvra1	46456	48370	140864	140865
d1yvra2	51349	53299	53300	142565
d1yvua1	48724	50036	101690	101691
d1yvwa1	46456	101385	101386	140797
d1yw4a1	51349	53162	53187	142526
d1yw6a1	51349	53162	53187	142526
d1ywfa1	51349	52798	52799	142348
d1ywia1	48724	51044	51045	51046
d1ywqa1	53931	55468	55469	55470
d1ywsa1	56992	57769	144217	144218
d1ywua1	48724	50474	141371	141372
d1ywxa1	53931	54188	54189	117786
d1ywya1	48724	50728	141447	141448
d1yx0a1	53931	55728	55729	55730
d1yx1a1	51349	51350	51658	141854
d1yxma1	51349	51734	51735	51751
d1yxoa_	51349	53658	53659	102656
d1yxya1	51349	51350	51366	117362
d1yyva1	46456	46688	46785	140304
d1yzfa1	51349	52171	52266	89594
d1yzha1	51349	53334	53335	142647
d1yzva_	51349	52498	52499	191389
d1yzxa_	51349	52832	52833	100953
d1yzya1	51349	142763	142764	142765
d1z01a1	48724	50021	50022	50033
d1z01a2	53931	55944	55961	55969
d1z05a1	46456	46688	46785	140279
d1z05a2	51349	53066	53067	110636
d1z06a1	51349	52539	52540	52592
d1z0jb1	46456	46556	140125	140126
d1z0kb1	46456	46556	140125	140126
d1z0na1	48724	48725	81296	158886
d1z0pa1	46456	46556	140121	140122
d1z0xa1	46456	46688	46689	46764
d1z0xa2	46456	48497	48498	48499
d1z1ba1	53931	54170	54171	75344
d1z1sa1	53931	54402	54427	102813
d1z21a1	46456	140590	140591	140595
d1z24a1	48724	50813	50814	50815
d1z2aa_	51349	52539	52540	191323
d1z2la1	51349	53162	53187	53204
d1z2la2	53931	54861	55031	55032
d1z2ma1	53931	54235	54236	54237
d1z2ua1	53931	54494	54495	54496
d1z2wa1	53931	56299	56300	111233
d1z3ea1	51349	52832	52833	69518
d1z3eb1	46456	47768	47789	47790
d1z3ix1	51349	52539	52540	81268
d1z3xa1	46456	48370	48371	140825
d1z3xa2	46456	140868	140869	140870
d1z45a1	48724	49993	74650	74911
d1z4ea1	53931	55728	55729	55730
d1z4ra1	53931	55728	55729	55730
d1z54a1	53931	54636	54637	54638
d1z5za1	51349	52539	52540	81268
d1z60a1	56992	57888	57889	57899
d1z63a1	51349	52539	52540	81268
d1z67a1	46456	140803	140804	140805
d1z6ba1	53931	54636	54637	110902
d1z6ma1	51349	52832	52833	100953
d1z6na1	51349	52832	52833	52834
d1z6oa1	46456	47239	47240	47241
d1z6om1	46456	47239	47240	47241
d1z6ra2	51349	53066	53067	110636
d1z70x_	53931	56435	56436	143959
d1z72a_	46456	48612	48613	191333
d1z7aa1	51349	51988	88713	141965
d1z7kb_	56992	100894	100895	57468
d1z7ma1	53931	55680	55681	55682
d1z7me1	51349	53849	53850	53851
d1z7ua1	46456	46688	46785	140304
d1z84a1	53931	54196	54197	54207
d1z8ga1	48724	50493	50494	50514
d1z8ga2	53931	56486	56487	103355
d1z8ha_	51349	52171	52266	102240
d1z8ma1	53931	143010	143011	143015
d1z8oa_	46456	48263	48264	48265
d1z91a1	46456	46688	46785	63379
d1z94a1	53931	55944	55961	111168
d1z96a1	46456	46928	46934	46935
d1z9ha1	46456	47615	47616	47617
d1z9ha2	51349	52832	52833	52862
d1z9ta_	53931	64437	64438	111238
d1za0a1	46456	47239	47240	47253
d1za7a_	48724	88632	88633	88639
d1zaka2	56992	57769	57774	57775
d1zara1	46456	46688	46785	109702
d1zara2	53931	56111	56112	111204
d1zata1	48724	141522	141523	141524
d1zata2	53931	143984	143985	143986
d1zava1	53931	54861	160369	160370
d1zavu1	46456	48299	48300	48301
d1zbdb_	56992	57902	57903	57904
d1zbfa1	51349	53066	53098	53099
d1zboa1	48724	88696	88697	141723
d1zbpa1	56572	144058	144059	144060
d1zbsa1	51349	53066	53067	64089
d1zbsa2	51349	53066	53067	64089
d1zbxb1	53931	144004	144005	144006
d1zc0a_	51349	52798	52799	191381
d1zc3b_	48724	50728	50729	50730
d1zc6a1	51349	53066	53067	64089
d1zc6a2	51349	53066	53067	64089
d1zcba1	46456	47894	47895	47896
d1zcca1	51349	51350	51695	89508
d1zcea1	48724	88696	88697	141703
d1zcha1	53931	55468	55469	55470
d1zcza1	51349	52334	52335	63971
d1zcza2	51349	53926	53927	64198
d1zd0a1	53931	143869	143870	143871
d1zd3a1	51349	56783	56784	56789
d1zd3a2	51349	53473	53474	53525
d1zd9a1	51349	52539	52540	52592
d1zdna1	53931	54494	54495	54496
d1zdya_	53931	143491	143492	143493
d1zela1	46456	46688	46785	158335
d1zela2	53931	160886	160887	160888
d1zema1	51349	51734	51735	51751
d1zfja1	51349	51350	51412	51413
d1zfja4	53931	54630	54631	54632
d1zgha1	48724	50485	50486	50487
d1zgha2	51349	53327	53328	53329
d1zgka1	48724	50938	117281	117282
d1zgza1	51349	52171	52172	52173
d1zh5a1	46456	46688	46785	101051
d1zh5a2	53931	54861	54928	54929
d1zh8a1	51349	51734	51735	51800
d1zh8a2	53931	55346	55347	55376
d1zhva1	53931	54861	55021	143384
d1zi8a_	51349	53473	53474	53518
d1zina1	51349	52539	52540	52541
d1zina2	56992	57769	57774	57775
d1zj8a1	53931	54861	55124	55125
d1zj8a2	53931	54861	55124	55125
d1zj8a3	53931	56013	56014	56015
d1zjca1	56572	144051	144052	144053
d1zjja_	51349	56783	56784	191369
d1zjka2	56992	57534	57535	57536
d1zk4a_	51349	51734	51735	51751
d1zk5a_	48724	49379	49401	89215
d1zk8a1	46456	46688	46689	46764
d1zk8a2	46456	48497	48498	48499
d1zkda1	51349	53334	53335	142644
d1zkea1	46456	47379	140496	140497
d1zkha1	53931	54235	54236	54237
d1zkia1	53931	54636	54637	89902
d1zkpa1	53931	56280	56281	143924
d1zkra1	46456	48200	48201	48202
d1zkra2	46456	48200	48201	48202
d1zl0a1	51349	52008	141986	141987
d1zl0a2	51349	52171	52317	142074
d1zlhb1	56992	57391	57392	161135
d1zlja_	46456	46688	46894	191513
d1zm8a_	53931	54059	54060	54066
d1zmaa1	51349	52832	52833	52834
d1zmba1	51349	52171	52266	142058
d1zmec1	56992	57700	57701	57702
d1zmia_	56992	57391	57392	57393
d1zmoa_	51349	51734	51735	191313
d1zmra_	51349	53747	53748	53749
d1zmta_	51349	51734	51735	51751
d1zn6a1	53931	143080	143081	143082
d1znfa_	56992	57666	57667	57668
d1znna1	51349	51350	51366	141755
d1znpa1	48724	51181	51182	117318
d1zo0a1	53931	55728	55729	143714
d1zoda_	51349	53382	53383	53417
d1zoqc_	46456	69124	69125	69126
d1zoxa_	48724	48725	48726	191470
d1zp6a1	51349	52539	52540	142332
d1zpda1	51349	52466	52467	52475
d1zpda2	51349	52517	52518	88724
d1zpda3	51349	52517	52518	88749
d1zpsa1	48724	141733	141734	141735
d1zpva1	53931	54861	55021	143381
d1zpwx1	53931	54861	143430	143431
d1zq1a1	48724	50181	141300	141301
d1zq1a2	51349	53773	53774	53775
d1zq1c1	46456	89094	89095	140757
d1zq1c2	53931	55247	55261	55262
d1zq1c3	53931	55930	55931	143812
d1zq9a1	51349	53334	53335	88784
d1zr9a1	56992	57666	57667	111436
d1zrja1	46456	63450	68906	68907
d1zrna_	51349	56783	56784	56785
d1zroa1	46456	140923	140924	140925
d1zrua1	48724	49834	49835	141122
d1zrua2	48724	69348	69349	141647
d1zrua3	48724	141657	141658	141662
d1zs3a1	46456	47239	47240	47241
d1zs4a1	46456	47412	47413	140520
d1zs9a1	51349	56783	56784	142186
d1zsoa1	48724	141677	141678	141679
d1zsqa1	48724	50728	50729	101839
d1zsqa2	51349	52798	52799	102422
d1zswa1	53931	54592	54593	143129
d1zt2a1	53931	56746	56747	56748
d1zt2b1	46456	140913	140914	140915
d1zt3a_	56992	57609	57610	57611
d1ztca1	53931	56280	56281	143930
d1ztda1	46456	69064	69065	140675
d1ztpa1	53931	55417	55418	143583
d1zu1a1	56992	57666	57667	111436
d1zu2a1	46456	48370	48452	48453
d1zud2_	53931	54235	54285	54289
d1zuea1	56992	57391	57392	57393
d1zuna1	51349	52373	52402	52410
d1zunb1	48724	50412	50447	50448
d1zunb2	48724	50464	50465	50466
d1zunb3	51349	52539	52540	52592
d1zuoa1	53931	54494	54495	54496
d1zupa1	51349	53066	53098	142505
d1zuua1	48724	50036	50044	50045
d1zvfa1	48724	51181	51182	141618
d1zvpa1	53931	54861	55021	143387
d1zwza1	53931	55297	55315	55316
d1zx3a1	46456	47597	47598	140544
d1zx5a1	48724	51181	51182	51191
d1zx8a1	48724	50890	50891	141519
d1zxqa1	48724	48725	48726	49142
d1zxqa2	48724	48725	48726	49159
d1zxxa_	51349	53783	53784	191515
d1zy9a1	48724	49993	74650	117139
d1zy9a2	51349	51350	51445	117372
d1zyba1	46456	46688	46785	46796
d1zyba2	48724	51181	51206	51210
d1zyla1	53931	56111	56112	64411
d1zyma1	46456	47768	47831	47832
d1zyma2	51349	52008	52009	52013
d1zzma1	51349	51350	51556	82267
d1zzwa_	51349	52798	52799	191381
d256ba_	46456	47161	47175	47176
d2a07f1	46456	46688	46785	46832
d2a0aa1	48724	50813	50814	50847
d2a0ba_	46456	47161	47226	47227
d2a0ma1	51349	52767	52768	52769
d2a0ua1	51349	100949	100950	110513
d2a10a1	53931	54861	143414	143415
d2a13a1	48724	50813	50814	141475
d2a14a1	51349	53334	53335	69547
d2a15a1	53931	54402	54427	54434
d2a1fa1	51349	53632	53633	142721
d2a1ia1	51349	52979	52980	89716
d2a1ja1	46456	47768	47781	140629
d2a1jb1	46456	47768	47781	140629
d2a1ka_	48724	50198	50249	50315
d2a1va1	53931	69634	142906	142907
d2a1xa1	48724	51181	51197	141623
d2a25a_	48724	49598	49599	69198
d2a26a1	46456	46556	140106	140107
d2a2ja1	48724	50474	50475	50476
d2a2ka_	51349	52820	52821	52822
d2a2la1	53931	55769	143744	143745
d2a2ma1	46456	48612	48613	101458
d2a2pa1	51349	52832	52833	142411
d2a2ra2	51349	52832	52833	52862
d2a35a1	51349	51734	51735	51751
d2a3la1	51349	51350	51556	51557
d2a40b_	53931	56218	56219	56220
d2a46a_	53931	54510	54511	191400
d2a4aa1	51349	51350	51569	51570
d2a4ha1	51349	52832	52833	142411
d2a4va1	51349	52832	52833	52901
d2a5sa1	51349	53849	53850	53851
d2a5yb1	46456	46688	46785	158326
d2a5yb2	46456	47985	47986	81313
d2a5yb3	51349	52539	52540	81269
d2a5za1	48724	49898	49899	141167
d2a61a1	46456	46688	46785	63379
d2a65a1	56835	161069	161070	161071
d2a6aa1	51349	53066	53067	110633
d2a6ca1	46456	47412	47413	140532
d2a6qa1	53931	143119	143120	143121
d2a6sa_	53931	143010	143011	143012
d2a6ta2	53931	55810	55811	143777
d2a6za1	48724	49898	49899	74904
d2a7ka1	51349	52095	52096	52103
d2a7ya1	48724	50036	50118	141248
d2a84a_	51349	52373	52374	63976
d2a8ea1	53931	142912	142913	142914
d2a8na1	51349	53926	53927	89800
d2a8ya_	51349	53162	53167	53168
d2a90a1	53931	117838	117839	117840
d2a97a_	53931	55485	55486	55512
d2a9da1	48724	48725	81296	81286
d2a9da2	53931	56523	56524	56525
d2a9ga1	53931	55908	55909	103232
d2a9ia_	46456	47985	47986	81312
d2a9sa1	51349	52953	142433	142434
d2a9ua1	46456	48370	140856	140857
d2aa4a1	51349	53066	53067	110636
d2aala1	53931	55330	55331	143532
d2aama1	51349	51350	51445	141796
d2ab0a1	51349	52171	52317	52325
d2absa1	51349	53612	53613	53614
d2abwa1	51349	52171	52317	52318
d2acfa1	51349	52948	52949	89724
d2acva_	51349	53755	53756	159785
d2adca1	53931	54861	54928	54929
d2adra1	56992	57666	57667	57668
d2adza1	48724	50728	50729	50730
d2ae0x1	48724	50684	50685	159195
d2ae2a_	51349	51734	51735	51751
d2ae6a1	53931	55728	55729	55730
d2ae8a1	53931	54210	54211	102766
d2aeba_	51349	52767	52768	52769
d2aeea1	51349	53270	53271	53272
d2aega1	53931	143080	143081	143082
d2aeua1	51349	53382	53383	142683
d2af4c_	51349	53658	53659	102663
d2af7a1	46456	69117	69118	101468
d2afwa_	51349	53162	53187	142532
d2ag5a1	51349	51734	51735	51751
d2ah2a1	48724	49898	49899	82038
d2ah2a2	48724	50938	50939	50940
d2ah5a1	51349	56783	56784	75173
d2ahfa_	46456	48207	48208	109953
d2ahma1	46456	46996	140367	140368
d2ahme1	53931	143075	143076	143077
d2ahob1	46456	47768	116742	116743
d2ahob2	48724	50198	50249	50282
d2ahra1	46456	48178	48179	116984
d2ahra2	51349	51734	51735	51868
d2ahua1	51349	100949	100950	74657
d2ahua2	51349	100949	100950	74656
d2aioa_	53931	56280	56281	56282
d2aiqa_	48724	50493	50494	50514
d2aj6a1	53931	55728	55729	55730
d2aj7a1	48724	141456	141457	141458
d2ajaa1	46456	48370	140860	140861
d2ajta1	48724	50412	50443	141331
d2ajta2	51349	53742	53743	142760
d2ak3a1	51349	52539	52540	52541
d2ak4d1	48724	48725	48726	48727
d2ak5a_	48724	50036	50044	50045
d2akab1	51349	52539	52540	52592
d2akja1	53931	54861	55124	55125
d2akja2	53931	54861	55124	55125
d2akja3	53931	56013	56014	56015
d2akka1	48724	50036	82057	141190
d2akla2	56992	57769	57783	144191
d2akoa1	51349	53632	53633	142721
d2akra2	53931	54451	54452	54453
d2akza1	51349	51350	51604	51605
d2akza2	53931	54825	54826	54827
d2al3a1	53931	54235	54236	54250
d2al6a1	46456	47026	47031	47032
d2al6a2	48724	50728	50729	50776
d2al6a3	53931	54235	54236	54256
d2alaa2	56835	56982	56983	56984
d2alca_	56992	57700	57701	57702
d2amha1	51349	52953	52972	52976
d2anea1	48724	88696	88697	141723
d2anua1	51349	51988	89550	89551
d2ao9a1	46456	46688	46689	140219
d2ap1a1	51349	53066	53067	110636
d2ap3a1	46456	47161	140423	140424
d2apja1	51349	52171	52266	142058
d2apla1	46456	140752	140753	140754
d2apoa1	48724	88696	88697	88698
d2apoa2	53931	100877	55120	69746
d2apob_	56992	57769	144210	144211
d2apra_	48724	50629	50630	50646
d2ar0a1	51349	53334	53335	142606
d2arca_	48724	51181	51215	51216
d2arha1	53931	55728	55729	143720
d2arka1	51349	52171	52218	117474
d2arra_	56572	56573	56574	56575
d2arza1	48724	50474	50475	50476
d2as0a1	48724	88696	88697	141716
d2asba1	48724	50198	50249	50282
d2asba2	53931	54805	54814	54815
d2asfa1	48724	50474	50475	50476
d2astb2	51349	52046	52047	52055
d2asub_	48724	50493	50494	191364
d2atpb1	48724	48725	48726	48727
d2atra1	53931	55728	55729	55730
d2atza1	53931	56746	56747	143897
d2au5a1	46456	140606	140607	140608
d2au7a_	48724	50198	50324	50325
d2auaa1	53931	56398	56399	143947
d2auwa1	46456	47412	47413	140523
d2auwa2	53931	143879	143880	143881
d2avda1	51349	53334	53335	53336
d2avna1	51349	53334	53335	110671
d2avue1	56572	160929	160930	160931
d2awia1	46456	47412	47413	140526
d2awia2	46456	48370	48452	140848
d2awna1	48724	50198	50331	50338
d2ax3a1	51349	53612	53613	75292
d2ax3a2	51349	64152	64153	64154
d2axla1	46456	46688	46785	101030
d2axoa1	51349	52832	52833	142398
d2axti1	56835	81407	161041	161042
d2axtk1	56835	81407	161037	161038
d2axtt1	56835	81407	161029	161030
d2axtz1	56835	81334	161055	161056
d2axwa1	48724	49379	49401	49405
d2axya1	53931	54790	54791	54792
d2ayda_	56992	118289	118290	191385
d2ayha_	48724	49898	49899	49925
d2ayia1	56572	144051	144052	144053
d2ayja1	56992	57769	57829	161181
d2ayna1	53931	54000	54001	82568
d2ayua1	53931	143112	143113	143114
d2ayxa1	51349	52171	52172	52173
d2ayxa2	51349	52171	52172	142037
d2az0a1	46456	47379	140506	140507
d2az4a1	53931	56280	56281	143927
d2azea1	56572	144073	144074	144075
d2azeb1	56572	144073	144074	144078
d2azna1	51349	53596	53597	142701
d2azwa1	53931	55810	55811	55812
d2b06a1	53931	55810	55811	55812
d2b0aa1	51349	52008	102198	102199
d2b0ca1	51349	56783	56784	56789
d2b0ga1	53931	54861	54928	54929
d2b0ha1	46456	47161	47220	140408
d2b0ja1	46456	48178	48179	140777
d2b0ja2	51349	51734	51735	51868
d2b0la1	46456	46688	46785	140292
d2b0ta_	51349	53658	53659	82526
d2b0va1	53931	55810	55811	55812
d2b1ea_	46456	48370	74788	140851
d2b1la_	51349	52832	52833	52901
d2b1xa1	48724	50021	50022	50033
d2b1xa2	53931	55944	55961	55969
d2b1xb1	53931	54402	54427	54438
d2b1ya1	48724	141098	141099	141100
d2b25a1	51349	53334	53335	64117
d2b2na1	51349	52539	52540	81268
d2b2ya1	48724	50036	54160	54165
d2b30a1	51349	56783	56784	82388
d2b34a_	51349	52498	52499	191389
d2b3ga_	48724	50198	50249	50263
d2b3wa1	53931	143989	143990	143991
d2b3ya1	51349	52008	52016	52017
d2b3ya2	51349	53731	53732	53733
d2b3za1	51349	53596	53597	142701
d2b4aa1	51349	52171	52172	52173
d2b4jc1	46456	47667	140576	140577
d2b4va1	46456	81632	81631	140679
d2b4va2	53931	81302	81301	143236
d2b4wa1	48724	50933	75005	141543
d2b59b1	46456	63445	63446	63447
d2b59b2	48724	49451	49464	141082
d2b5aa1	46456	47412	47413	47432
d2b5dx1	46456	46996	88688	101086
d2b5dx2	51349	51988	88713	102189
d2b5ea1	51349	52832	52833	52849
d2b5ga_	53931	55728	55729	55730
d2b5ib1	48724	48725	49265	49266
d2b5ic1	48724	48725	49265	49266
d2b5id1	56992	57534	57535	57536
d2b5ua2	48724	69368	69369	69370
d2b5xa1	51349	52832	52833	52901
d2b61a1	51349	53473	53474	159756
d2b67a1	53931	55468	55469	55470
d2b69a1	51349	51734	51735	51751
d2b6ca1	46456	48370	48371	109965
d2b78a1	48724	88696	88697	141716
d2b78a2	51349	53334	53335	142635
d2b7ea1	46456	81602	81698	81699
d2b7ka_	51349	52832	52833	52901
d2b82a_	51349	56783	56784	102307
d2b8ea1	51349	56783	56784	81656
d2b8ea2	53931	81661	81660	81659
d2b8ma1	48724	51181	51182	141612
d2b8ta1	51349	52539	52540	117558
d2b8ta2	56992	57715	57716	118276
d2b97a_	48724	101750	101751	101752
d2b9da1	56992	161233	161234	161235
d2b9ea1	51349	53334	53335	102575
d2b9ha_	53931	56111	56112	191359
d2ba0a1	48724	50198	50249	50282
d2ba0a2	48724	51229	110324	159324
d2ba0a3	53931	54790	54791	54792
d2ba0g2	53931	55665	55666	55667
d2baia1	56992	144250	144251	144252
d2basa1	51349	51350	141868	141869
d2basa2	53931	55769	103190	143732
d2baya_	56992	57849	57850	90222
d2bb0a1	48724	51337	51338	159347
d2bb3a1	51349	53789	53790	53791
d2bbaa1	48724	49784	49785	49800
d2bbha1	53931	143864	143865	143866
d2bbkh_	48724	50964	50969	50970
d2bbva_	48724	88632	88633	88638
d2bbya_	46456	46688	46785	46841
d2bcea_	51349	53473	53474	53475
d2bcma_	48724	49379	49401	191391
d2bcoa1	51349	53162	53187	142526
d2bcqa1	46456	47768	47802	47803
d2bcqa2	46456	47768	81585	81584
d2bcqa3	53931	81302	81301	81300
d2bd0a1	51349	51734	51735	51751
d2bdea1	51349	56783	56784	142191
d2bdga_	48724	50493	50494	191364
d2bdra1	48724	51181	51182	117312
d2bdta1	51349	52539	52540	142332
d2bdva1	53931	143080	143081	143082
d2be3a1	53931	81302	81301	102945
d2bfda1	51349	52517	52518	88766
d2bfdb1	51349	52517	52518	88741
d2bfdb2	51349	52921	52922	52926
d2bfwa1	51349	53755	53756	110734
d2bg1a1	56572	56600	56601	56602
d2bgca1	46456	46688	46785	46796
d2bgca2	48724	51181	51206	89419
d2bgka1	51349	51734	51735	51751
d2bgra1	48724	50997	82171	82172
d2bgra2	51349	53473	53474	82497
d2bgwa2	51349	52979	52980	89716
d2bh1a1	51349	53066	53067	227137
d2bh1a2	51349	53066	53067	117644
d2bh1x1	53931	54805	160246	160247
d2bh4x_	46456	46625	46626	46627
d2bhga1	48724	50493	50494	50603
d2bhma1	53931	54402	54427	160029
d2bhua1	48724	48725	81296	81282
d2bhua2	48724	51010	51011	51012
d2bhua3	51349	51350	51445	51446
d2bi0a1	53931	54636	54637	82636
d2bi7a1	51349	51970	51971	69427
d2bi7a2	53931	54372	54373	69670
d2biba1	48724	69359	69360	69361
d2bj7a1	46456	47597	47598	100970
d2bj7a2	53931	54861	55021	102999
d2bjda_	53931	54861	54975	191394
d2bjfa_	53931	56234	56235	191393
d2bjia_	56572	56654	56655	56656
d2bjka_	51349	53719	53720	53721
d2bjoa_	53931	82783	82784	191395
d2bjqa1	48724	141738	141739	141740
d2bjua1	48724	50629	50630	50646
d2bkaa1	51349	51734	51735	51751
d2bkfa1	53931	54235	54277	64225
d2bkma_	46456	46457	46458	46459
d2bkra_	53931	54000	54001	54054
d2bkwa1	51349	53382	53383	53402
d2bkya_	53931	55199	82704	82705
d2bkyx_	53931	55199	82704	82705
d2bl5a1	53931	54790	54791	54792
d2bl8a1	46456	47363	109797	140475
d2bl9a_	51349	53596	53597	53598
d2blla1	51349	51734	51735	51751
d2blna1	48724	50485	50486	50487
d2blna2	51349	53327	53328	53329
d2bm5a_	48724	51125	141571	141572
d2bm8a1	51349	53334	53335	142632
d2bmfa1	51349	52539	52540	52724
d2bmfa2	51349	52539	52540	52724
d2bmoa1	48724	50021	50022	50033
d2bmoa2	53931	55944	55961	55969
d2bmob1	53931	54402	54427	54438
d2bmwa1	48724	50412	63380	63381
d2bmwa2	51349	52342	52343	52344
d2bmxa1	51349	52832	52833	52901
d2bnga1	53931	54402	54427	89854
d2bnka_	46456	140712	140713	140714
d2bnma1	46456	47412	47413	47432
d2bnma2	48724	51181	51182	101976
d2bnqd1	48724	48725	48726	48727
d2bnxa1	46456	48370	48371	140830
d2bo4a1	51349	53447	53448	142691
d2bo9b1	53931	54402	54403	142991
d2bogx_	51349	51988	51989	51990
d2bona1	56572	111330	111331	160984
d2bopa_	53931	54861	54957	54958
d2bpa1_	48724	88632	88645	49612
d2bpa2_	48724	88632	88645	49612
d2brfa1	48724	49878	49879	49885
d2brja1	48724	141492	141493	141494
d2brxa1	51349	53632	53633	142721
d2bs2a1	46456	46965	46977	46978
d2bs2a2	51349	51904	51905	51934
d2bs2a3	53931	56424	56425	56426
d2bs2b1	46456	46457	46548	46549
d2bs2b2	53931	54235	54292	54312
d2bs2c_	56835	81344	81343	56910
d2bska1	56992	144121	144122	144123
d2bskb1	56992	144121	144122	144123
d2bsqe1	46456	47597	47598	140550
d2bsya1	48724	51268	51283	51284
d2btia_	48724	117129	117130	117131
d2btoa1	51349	52489	52490	52491
d2btoa2	53931	55297	55307	55308
d2btva_	56572	56830	56831	56832
d2btya1	51349	53632	53633	75297
d2bu1a_	53931	55404	55405	55406
d2buda1	48724	50036	54160	117157
d2bv3a1	48724	50412	50447	50448
d2bv3a2	51349	52539	52540	52592
d2bv3a4	53931	54861	54980	54981
d2bv4a_	48724	82025	82026	191398
d2bv6a1	46456	46688	46785	63379
d2bvca1	53931	54235	54368	227156
d2bvca2	53931	55930	55931	227250
d2bvua_	48724	48725	49354	49360
d2bvya1	48724	48725	81296	81282
d2bw0a1	48724	50485	50486	50487
d2bw0a2	51349	53327	53328	53329
d2bw3a1	46456	140995	140996	140997
d2bw3a2	51349	53066	53098	142508
d2bw4a1	48724	49502	49503	49550
d2bw4a2	48724	49502	49503	49550
d2bw8a_	48724	49898	49899	49978
d2bwba_	46456	46928	46934	46935
d2bwfa_	53931	54235	54236	191343
d2bwka_	53931	54075	54076	54077
d2bwna1	51349	53382	53383	53417
d2bwqa_	48724	49561	49562	49575
d2byca1	53931	54861	54975	143364
d2byea1	53931	54235	54236	54263
d2byka1	46456	47112	47113	47134
d2bykb1	46456	47112	47113	47134
d2byla1	51349	53382	53383	53417
d2byoa1	48724	89391	89392	141566
d2bz2a1	53931	54861	54928	54929
d2bz6h_	48724	50493	50494	50514
d2bz6l_	56992	57015	57196	57197
d2bz7a_	48724	49502	49503	49504
d2bzba1	46456	47379	140500	140501
d2bzea1	48724	50036	159042	159043
d2bzga1	51349	53334	53335	102566
d2c07a1	51349	51734	51735	51751
d2c0ga1	46456	47932	47933	254218
d2c0ga2	51349	52832	52833	52892
d2c0ha1	51349	51350	51445	51487
d2c12a1	46456	47363	47203	47204
d2c12a2	56572	56644	56645	56646
d2c1ia1	51349	51988	88713	89559
d2c1ia2	53931	144014	144015	144016
d2c1wa1	53931	142876	142877	142878
d2c1xa1	51349	53755	53756	159785
d2c2aa1	46456	47379	47384	47385
d2c2aa2	53931	55873	55874	55884
d2c2ia1	53931	54636	54637	82636
d2c2la1	46456	48370	48452	48453
d2c2vs1	56992	57849	57850	90222
d2c34a1	48724	48725	141066	141067
d2c35a1	46456	47768	47819	69044
d2c3fa1	48724	69348	69349	159317
d2c40a_	51349	53589	53590	191403
d2c41a_	46456	47239	47240	191307
d2c42a1	51349	52517	52518	88746
d2c42a2	51349	52517	52518	88771
d2c42a3	51349	52921	52922	52931
d2c42a4	51349	53322	53323	53324
d2c42a5	53931	54861	54862	54884
d2c4ba1	53931	53932	53933	81307
d2c4ea_	51349	53612	53613	191321
d2c4ja1	46456	47615	47616	47617
d2c4ja2	51349	52832	52833	52862
d2c4na1	51349	56783	56784	102317
d2c53a_	51349	52140	52141	52142
d2c5aa1	51349	51734	51735	51751
d2c5lc1	53931	54235	54236	54263
d2c5sa1	51349	52373	52402	142093
d2c5sa2	53931	143436	143437	143438
d2c60a1	53931	54235	54277	64225
d2c6ua_	53931	56435	56436	191331
d2c71a1	51349	51988	88713	89559
d2c78a1	48724	50412	50447	227211
d2c78a2	48724	50464	50465	254194
d2c78a3	51349	52539	52540	52592
d2c7na1	56992	57715	57716	144187
d2c7pa_	51349	53334	53335	88786
d2c81a_	51349	53382	53383	191328
d2c8ma_	53931	55680	55681	143642
d2c9aa1	48724	48725	48726	49159
d2c9aa2	48724	49898	49899	141170
d2c9ja_	53931	54510	54511	191400
d2c9wa1	46456	158234	158235	158236
d2c9wa2	53931	55549	55550	55551
d2ca5a1	46456	46556	140129	140130
d2cala_	48724	49502	49503	49504
d2cara1	51349	52953	52972	52973
d2caya1	48724	50728	50729	141442
d2cb0a_	51349	53696	53697	191405
d2cb2a1	53931	54861	54909	143278
d2cb5a_	53931	54000	54001	54002
d2cb8a_	46456	47026	47027	47028
d2cbia1	46456	140656	140657	140658
d2cbia3	53931	55485	55545	143618
d2cc0a1	51349	51988	88713	89559
d2cc3a1	53931	54402	54427	160029
d2cc6a_	53931	88797	89807	89808
d2cchb1	46456	47953	47954	47955
d2ccja_	51349	52539	52540	191323
d2cclb1	46456	63445	63446	63447
d2ccma_	46456	47472	47473	191396
d2ccqa1	53931	143502	143503	143504
d2ccva1	48724	141085	141086	141087
d2ccya_	46456	47161	47175	47179
d2cdqa1	51349	53632	53633	142721
d2cdqa2	53931	54861	55021	143390
d2ce0a_	46456	46625	46626	191374
d2ce2x_	51349	52539	52540	52592
d2ce7a1	46456	140989	140990	140991
d2cf7a_	46456	47239	47240	47241
d2cfca_	51349	51734	51735	191313
d2cfqa_	56835	103472	103473	103477
d2cfua1	53931	55717	55718	160617
d2cfua2	53931	56280	56281	160861
d2cfxa1	46456	46688	46785	68967
d2cfxa2	53931	54861	54909	69733
d2cg4a1	46456	46688	46785	68967
d2cg4a2	53931	54861	54909	69733
d2cg5b_	46456	47335	47336	47337
d2cg7a1	56992	57602	57603	57604
d2ch4w1	48724	50198	50341	50342
d2ch5a1	51349	53066	53067	64089
d2ch5a2	51349	53066	53067	64089
d2chca1	53931	54402	54427	160024
d2choa1	46456	140656	140657	140658
d2choa2	51349	51350	51445	82253
d2choa3	53931	55485	55545	143618
d2chua1	51349	53799	53807	142789
d2ci1a_	53931	55908	55909	191334
d2ciob_	48724	48725	141066	191408
d2ciwa1	46456	47472	47571	47572
d2cj4a_	46456	47363	101148	101149
d2cjja1	46456	46688	46689	46739
d2cjla_	53931	53954	53955	191411
d2cjta1	48724	49561	49562	49563
d2ckaa1	53931	55276	160481	160482
d2cksa_	51349	51350	51445	191314
d2ckxa1	46456	46688	46689	46739
d2clsa_	51349	52539	52540	52592
d2clya1	56835	161059	161060	161061
d2clyb1	56835	161064	161065	161066
d2clyc_	56835	111356	111357	111358
d2cmda1	51349	51734	51735	51848
d2cmda2	53931	56326	56327	56328
d2cmea1	48724	141665	141666	141667
d2cmyb1	56992	57006	161148	161149
d2cnqa_	53931	56103	56104	56105
d2cnza_	48724	49379	49401	49405
d2co5a1	46456	46688	46785	109674
d2co8a1	56992	57715	57716	57736
d2coaa1	48724	50728	50729	50730
d2coba1	46456	46688	46689	140213
d2coca1	48724	50728	50729	50730
d2coda1	48724	50728	50729	50730
d2cofa1	48724	50728	50729	50730
d2cona1	56992	57769	144206	144207
d2cosa1	46456	46928	46934	46935
d2cp5a1	48724	50036	74924	74925
d2cp8a1	46456	46928	46934	46935
d2cpda1	53931	54861	54928	54929
d2cpea1	53931	54861	54928	54929
d2cpfa1	53931	54861	54928	54929
d2cpga_	46456	47597	47598	100970
d2cpha1	53931	54861	54928	54929
d2cpia1	53931	54861	54928	54929
d2cpja1	53931	54861	54928	54929
d2cpqa1	53931	54790	54791	54792
d2cpra1	46456	47768	47819	140646
d2cpta1	46456	46965	116846	116847
d2cpwa1	46456	46928	46934	46935
d2cpxa1	53931	54861	54928	54929
d2cpya1	53931	54861	54928	54929
d2cpza1	53931	54861	54928	54929
d2cq0a1	53931	54861	54928	54929
d2cq1a1	53931	54861	54928	54929
d2cq2a1	53931	54861	54928	54929
d2cq3a1	53931	54861	54928	54929
d2cq4a1	53931	54861	54928	54929
d2cqaa1	48724	50198	50249	141315
d2cqda1	53931	54861	54928	54929
d2cqea1	56992	90228	90229	90230
d2cqga1	53931	54861	54928	54929
d2cqha1	53931	54861	54928	54929
d2cqia1	53931	54861	54928	54929
d2cqka1	46456	46688	46785	101051
d2cqla1	53931	56052	56053	56054
d2cqma1	53931	64262	64263	64264
d2cqna1	46456	81602	81698	81699
d2cqqa1	46456	46688	46689	46739
d2cqra1	46456	46688	46689	46739
d2cqva1	48724	48725	48726	49159
d2cr5a1	53931	54235	54236	54250
d2cr8a1	56992	57769	90209	90210
d2cr9a1	53931	142920	142921	142922
d2crba1	46456	46965	140361	140362
d2crga1	46456	46688	46689	46739
d2crma1	48724	48725	49265	49266
d2crna1	46456	46928	46934	46935
d2crua1	46456	46928	46950	46951
d2crya1	48724	48725	48726	48727
d2crza1	48724	48725	49265	49266
d2cs0a1	53931	55549	55550	55551
d2cs3a1	56992	57849	57850	118300
d2cs4a1	53931	54235	54236	54263
d2cs7a1	53931	54116	142887	142888
d2csba1	46456	47768	47781	140626
d2csba5	46456	140978	140979	140980
d2csga1	48724	51181	51197	141636
d2csha1	56992	57666	57667	57668
d2csoa1	46456	46688	46785	63483
d2cspa1	48724	48725	49265	49266
d2cssa1	48724	50155	50156	50157
d2csua1	51349	51734	51735	51900
d2csua2	51349	52171	52210	52211
d2csva1	56992	57844	57845	57846
d2ct1a1	56992	57666	57667	57668
d2ct5a1	56992	57666	57667	144157
d2ct7a1	56992	57849	57850	144228
d2ctda1	56992	57666	57667	57668
d2ctea1	53931	54790	54791	54792
d2ctfa1	53931	54790	54791	54792
d2ctja1	53931	54790	54791	54792
d2ctka1	53931	54790	54791	54792
d2ctla1	53931	54790	54791	54792
d2ctma1	53931	54790	54791	54792
d2cu2a1	48724	51160	159283	159284
d2cu2a2	51349	53447	53448	159720
d2cu3a1	53931	54235	54285	54289
d2cu5a_	53931	111037	111038	191413
d2cu7a1	46456	46688	46689	46739
d2cuaa_	48724	49502	49503	49541
d2cufa1	46456	46688	46689	46690
d2cuha1	48724	48725	49265	49266
d2cuia1	48724	48725	49265	49266
d2cula1	51349	51904	51905	141946
d2cuma1	48724	48725	49265	49266
d2cuna_	51349	53747	53748	191414
d2cuqa1	56992	57715	57716	57736
d2cvba1	51349	52832	52833	52901
d2cvda1	46456	47615	47616	47617
d2cvea1	53931	54210	54211	102772
d2cvea2	53931	54861	54980	102991
d2cvla_	53931	55297	55298	55299
d2cvoa2	53931	55346	55347	55348
d2cvza1	46456	48178	48179	48180
d2cvza2	51349	51734	51735	51868
d2cw9a1	53931	54402	54427	143001
d2cwda_	51349	52787	52788	191415
d2cwpa_	48724	50198	50249	191416
d2cwqa1	46456	69117	69118	140975
d2cwya1	46456	140656	140663	140664
d2cwza1	53931	54636	54637	143187
d2cx1a1	48724	88696	88697	88698
d2cx1a2	53931	54402	88802	143004
d2cx6a1	51349	52037	52038	52039
d2cx7a_	53931	55717	55718	55719
d2cxaa1	53931	55728	55729	143711
d2cxha1	51349	52953	52954	142420
d2cxka1	48724	48725	81296	81279
d2cxna_	51349	53696	53697	53701
d2cxxa1	51349	52539	52540	52592
d2cxya_	46456	46688	46774	46775
d2cy2a1	53931	55728	55729	55730
d2cy3a_	46456	48694	48695	48696
d2cy4a1	48724	50728	50729	50755
d2cyea1	53931	54636	54637	54638
d2cyga1	51349	51350	51445	51487
d2cyja1	51349	64075	64076	64077
d2cyya1	46456	46688	46785	191329
d2cyya2	53931	54861	54909	69733
d2cz4a1	53931	54861	54913	54914
d2czda_	51349	51350	51366	51375
d2czla1	51349	53849	53850	53851
d2czra1	51349	52979	159612	159613
d2czvc1	53931	54861	160350	160351
d2d00a1	51349	159467	159468	159469
d2d0oa1	51349	52008	82317	82318
d2d0oa2	51349	53066	53067	82440
d2d0ob1	51349	52953	52968	82433
d2d0ta1	46456	140958	140959	140963
d2d1ha1	46456	46688	46785	109680
d2d1pb1	51349	75168	75169	75170
d2d1pc1	51349	75168	75169	117489
d2d1sa_	56572	56800	56801	56802
d2d1ya1	51349	51734	51735	51751
d2d28c1	53931	54805	160246	160247
d2d29a1	46456	47363	47203	47204
d2d29a2	56572	56644	56645	56646
d2d2sa1	46456	48370	74788	140851
d2d40a1	48724	51181	51182	159299
d2d48a_	46456	47265	47266	47286
d2d4ca1	46456	116747	103657	103658
d2d4pa1	53931	55728	55729	55730
d2d4ra1	53931	55944	55961	118101
d2d4za3	53931	54630	54631	54632
d2d59a_	51349	51734	51735	51900
d2d5ba1	46456	47322	47323	227164
d2d5ba2	51349	52373	52374	52375
d2d5ra1	51349	53066	53098	102492
d2d69a1	51349	51350	51649	51650
d2d69a2	53931	54861	54966	54967
d2d6fc1	46456	89094	89095	140757
d2d6ya1	46456	46688	46689	46764
d2d6ya2	46456	48497	48498	48499
d2d7na1	48724	48725	81296	81290
d2d7pa1	48724	48725	81296	81290
d2d7va1	53931	82783	82784	82785
d2d81a1	51349	53473	53474	159747
d2d8ca1	46456	47768	47769	47773
d2d8da1	46456	48599	48600	48601
d2d8qa1	56992	144231	144232	144233
d2d8ra1	56992	57715	57716	161163
d2d8va1	56992	57844	57845	57846
d2d8xa1	56992	57715	57716	57736
d2d8ya1	56992	57715	57716	57736
d2d9qb1	48724	48725	48726	49142
d2d9ra1	48724	89446	141694	141695
d2daha1	46456	46928	46934	46935
d2daqa1	48724	50036	63748	69250
d2dara1	56992	57715	57716	57736
d2dasa1	56992	57715	57716	161166
d2dawa1	53931	54494	54495	110843
d2daxa1	53931	54494	54495	110843
d2daya1	53931	54494	54495	110843
d2db7a1	46456	158456	158457	158458
d2dbsa1	53931	160760	160761	160762
d2dc4a_	53931	55153	55154	118007
d2dcfa1	56572	56600	56601	56602
d2ddfa_	53931	55485	55486	55525
d2ddra1	53931	56218	56219	143902
d2ddza1	53931	55680	55681	160611
d2de6a1	48724	50021	50022	50033
d2de6a2	53931	55944	55961	55969
d2dewx1	48724	49379	110083	110084
d2dewx2	48724	49502	49503	110107
d2dewx3	53931	55908	55909	111152
d2df7a1	48724	88632	88633	141109
d2dfka1	46456	48064	48065	48066
d2dfka2	48724	50728	50729	50730
d2dg5.1	53931	56234	56235	143906
d2dgxa1	53931	54861	54928	54929
d2di0a1	46456	46928	46934	88995
d2diba1	48724	48725	81296	81290
d2dida1	56992	57844	57845	57846
d2diga1	48724	50036	63748	63749
d2diia1	46456	140382	140383	140384
d2dipa1	56992	57849	57850	161211
d2dira1	53931	143436	143437	160383
d2disa1	53931	54861	54928	54929
d2dita1	53931	54861	54928	54929
d2dixa1	53931	54767	54768	54769
d2dj7a1	56992	57715	57716	57736
d2dj8a1	56992	144231	144232	144233
d2djaa1	56992	57844	57845	57846
d2djfa_	48724	50875	75001	75002
d2djka1	51349	52832	52833	52849
d2djsa1	48724	48725	49265	49266
d2dk1a1	48724	51044	51045	51046
d2dk4a1	46456	63450	158230	158231
d2dk5a1	46456	46688	46785	158341
d2dk8a1	46456	46688	46785	158341
d2dkja_	51349	53382	53383	53417
d2dkla1	46456	46928	46934	46935
d2dkta1	56992	161218	161219	161220
d2dkta2	56992	161244	161245	161246
d2dlba1	48724	159221	159222	159223
d2dlka1	56992	57666	57667	57668
d2dloa1	56992	57715	57716	57736
d2dlqa1	56992	57666	57667	57668
d2dlxa1	51349	52832	52833	159589
d2dm6a1	48724	50128	50129	50136
d2dm6a2	51349	51734	51735	51736
d2dm9a1	53931	55346	160527	160528
d2dmba1	48724	48725	81296	81290
d2dmca1	48724	48725	81296	81290
d2dmda1	56992	57666	57667	57668
d2dmya1	53931	54767	54768	54769
d2dn7a1	48724	48725	49265	49266
d2do3a1	48724	50036	50104	141242
d2doaa1	46456	46688	46785	158329
d2doda1	46456	81602	81698	81699
d2doea1	46456	81602	81698	81699
d2dofa1	46456	81602	81698	81699
d2dpfa_	48724	51109	51110	191418
d2dpia1	53931	100878	100879	100880
d2dpia2	56572	56671	56672	100888
d2dpka1	48724	48725	141072	141073
d2dpma_	51349	53334	53335	88788
d2dpwa1	51349	53447	53448	159717
d2drpa1	56992	57666	57667	57668
d2drwa1	56572	56600	56601	56602
d2ds5a_	56992	57715	57716	103608
d2dsma1	53931	160712	160713	160714
d2dsna_	51349	53473	53474	53570
d2dsrg1	56992	57609	57610	57611
d2dsta1	51349	53473	53474	159753
d2dsya1	53931	143099	143100	160109
d2dt4a_	53931	117855	117856	191426
d2dt5a1	46456	46688	46785	101007
d2dt5a2	51349	51734	51735	102174
d2dt6a1	46456	109904	109905	109906
d2dt7b1	46456	109904	109905	109906
d2dt8a_	51349	82548	82549	191443
d2dtra3	48724	50036	50037	50041
d2dula1	51349	53334	53335	159697
d2duma_	51349	52373	52402	191320
d2duya1	46456	47768	47781	158534
d2dvta1	51349	51350	51556	141819
d2dw4a1	46456	46688	46689	140222
d2dw4a2	51349	51904	51905	51913
d2dw4a3	53931	54372	54373	54394
d2dwka_	46456	140740	140741	140742
d2dx6a_	51349	52948	52949	191326
d2dxaa_	53931	55825	55826	191417
d2dy1a1	48724	50412	50447	50448
d2dy1a2	51349	52539	52540	52592
d2dy1a3	53931	54210	54211	54212
d2dy1a4	53931	54861	54980	54981
d2dy7a1	48724	50036	54160	54165
d2dy8a1	48724	50036	54160	54165
d2dyja1	53931	54805	89919	89920
d2dyrb1	48724	49502	49503	49541
d2dyrb2	56835	81334	81464	81463
d2dzna_	53931	74651	48403	48404
d2e0qa_	51349	52832	52833	191312
d2e11a_	53931	56316	56317	191429
d2e18a_	51349	52373	52402	191320
d2e1ba1	48724	50412	50447	159161
d2e1ba2	53931	55185	55186	103051
d2e1fa_	46456	47768	47819	47820
d2e1za1	51349	53066	53067	53080
d2e29a1	53931	54861	54928	160314
d2e2aa_	46456	46965	46973	46974
d2e2ra_	46456	48507	48508	48509
d2e3ha1	48724	50036	74924	74925
d2e50a1	53931	143112	143113	143114
d2e64a1	48724	50036	50037	50038
d2e64a2	53931	55680	55681	55707
d2e6fa_	51349	51350	51395	51396
d2e74d2	56835	81407	81502	254198
d2e74e1	56835	81407	103436	103437
d2e7ga1	53931	54805	89919	89920
d2e7ja_	51349	53382	53383	159704
d2e7ya_	53931	56280	56281	143916
d2e8ba_	51349	53447	53448	53470
d2e9xa1	46456	158572	158573	158574
d2e9xb1	46456	158572	158573	158577
d2e9xb2	53931	160058	160059	254227
d2e9xc1	46456	158572	158573	158580
d2e9xc2	53931	160058	160059	160071
d2e9xd1	46456	158572	158573	158583
d2e9xd2	53931	160058	160059	160068
d2eava_	53931	55845	55846	55847
d2eb0a_	51349	64181	64182	191432
d2eb4a_	53931	56528	56529	191367
d2ebfx1	46456	158841	158842	158843
d2ebfx2	51349	159500	159501	159505
d2ebfx3	53931	54000	54001	159843
d2ebja_	51349	53162	53182	191433
d2ebna_	51349	51350	51445	51534
d2ebsa1	48724	50964	110296	110297
d2ecba1	46456	46688	46689	46690
d2echa_	56992	57551	57552	57553
d2ed6a1	48724	158973	158974	158975
d2edma1	48724	158973	158974	158975
d2edua1	46456	47768	47781	158534
d2eena_	53931	55153	55154	191434
d2ef5a_	51349	52767	52768	191435
d2ef7a1	53931	54630	54631	54632
d2efja_	51349	53334	53335	191451
d2efka1	46456	116747	103657	158645
d2efva1	46456	47597	47598	158488
d2egja_	53931	54636	54637	191325
d2ehda_	51349	51734	51735	191313
d2eiaa2	46456	47942	47943	47944
d2eiya_	56572	56751	56752	191499
d2ej5a_	51349	52095	52096	191346
d2ejaa_	51349	51350	51726	191464
d2ejqa1	53931	55485	55486	160555
d2ekpa_	51349	51734	51735	191313
d2elba1	46456	116747	103657	103658
d2elba2	48724	50728	50729	50730
d2elca1	46456	47643	47648	47649
d2elca2	51349	52417	52418	52419
d2enda_	46456	47076	47077	47078
d2enga_	48724	50684	50685	50686
d2ep6a1	48724	49561	49562	49563
d2epia_	53931	54861	89957	191332
d2epja_	51349	53382	53383	191328
d2eppa1	56992	57666	57667	57668
d2epra1	56992	57666	57667	57668
d2epsa1	56992	57666	57667	57668
d2erfa_	48724	49898	49899	49944
d2erla_	46456	47013	47014	47015
d2erwa1	56992	100894	100895	57468
d2erxa1	51349	52539	52540	52592
d2es4d1	46456	48661	158855	158856
d2es9a1	46456	140669	140670	140671
d2esha1	46456	46688	46785	116807
d2esna1	46456	46688	46785	88979
d2esna2	51349	53849	53850	53851
d2essa1	53931	54636	54637	143190
d2et1a_	48724	51181	51182	51187
d2etda1	46456	47363	140478	140479
d2etha1	46456	46688	46785	63379
d2etja1	51349	53066	53098	53099
d2etsa1	46456	47161	140415	140416
d2etva1	51349	53799	53807	142789
d2euca1	46456	140687	140688	140689
d2euia1	53931	55728	55729	55730
d2euta_	46456	48112	48113	48114
d2evea1	48724	88696	88697	141703
d2evra1	48724	50036	82057	141195
d2evra2	53931	54000	54001	142873
d2ew0a1	53931	143455	143456	143457
d2ewca1	53931	55297	55298	55299
d2ewha1	53931	54861	143414	143415
d2ewla1	56992	161233	161234	161235
d2ewsa1	51349	53066	53067	159623
d2ex0a1	51349	53755	53756	142773
d2ex3b1	46456	140918	140919	140920
d2ex4a1	51349	53334	53335	117685
d2exda1	48724	50198	141322	141323
d2exfa1	56992	57755	57756	57757
d2exna1	48724	141672	141673	141674
d2ey4c1	48724	50412	50447	141341
d2eyqa1	48724	50036	141259	141260
d2eyqa2	51349	52539	52540	81268
d2eyqa3	51349	52539	52540	81268
d2eyqa5	51349	52539	52540	81268
d2eyqa6	53931	143516	143517	143518
d2ez1a_	51349	53382	53383	53397
d2ez9a1	51349	52466	52467	52475
d2ez9a2	51349	52517	52518	227300
d2ezia_	46456	46688	46689	46728
d2ezla_	46456	46688	46689	46728
d2f01a_	48724	50875	50876	50877
d2f06a1	53931	54861	55021	143395
d2f09a1	48724	50875	141488	141489
d2f0ca1	48724	49834	49835	141122
d2f0ca2	48724	69348	69349	141647
d2f1fa1	53931	54861	55021	143376
d2f1ka1	46456	48178	48179	140780
d2f1ka2	51349	51734	51735	51868
d2f1la1	48724	50345	50346	141326
d2f1la2	48724	50412	50447	141338
d2f1na1	53931	56218	56219	56220
d2f20a1	53931	143080	143081	143082
d2f22a1	46456	109853	109854	140603
d2f23a1	46456	46556	46557	46558
d2f23a2	53931	54533	54534	54549
d2f2ab1	46456	89094	89095	140757
d2f2ab2	53931	55930	55931	143812
d2f2ba_	56835	81339	81338	191436
d2f2ca1	46456	47953	47954	47955
d2f2ea1	46456	46688	46785	140304
d2f2ha1	48724	117124	117125	117126
d2f2ha2	48724	49993	74650	117139
d2f2ha3	48724	51010	51011	117298
d2f2ha4	51349	51350	51445	117372
d2f3la1	48724	51125	141571	141572
d2f3na1	46456	47768	47769	47773
d2f41a1	53931	54636	54637	89902
d2f48a_	51349	53783	53784	53785
d2f4ia1	48724	50198	141318	141319
d2f4la1	48724	49853	141130	141131
d2f4ma1	53931	54000	54001	54044
d2f4pa1	48724	51181	51182	89409
d2f4wa1	53931	54494	54495	54496
d2f5ga_	53931	54861	143422	143423
d2f5ka1	48724	50036	54160	117157
d2f5tx1	48724	50181	159071	159072
d2f5tx2	53931	56023	56024	160780
d2f5va1	51349	51904	51905	51913
d2f5va2	53931	54372	54373	54374
d2f5ya1	48724	50155	50156	50157
d2f66c1	46456	46556	140111	140118
d2f69a1	48724	51086	82185	82186
d2f69a2	48724	51268	82199	82200
d2f6ia1	51349	52095	52096	52097
d2f6ka1	51349	51350	51556	141819
d2f6qa1	51349	52095	52096	52103
d2f6ua1	51349	51350	51395	51396
d2f71a_	51349	52798	52799	52805
d2f7fa1	51349	51350	51690	51691
d2f7fa2	53931	54664	54675	54676
d2f8aa1	51349	52832	52833	52901
d2f8la1	51349	53334	53335	142606
d2f8ya_	53931	74651	48403	48404
d2f96a1	51349	53066	53098	53118
d2f9fa1	51349	53755	53756	110734
d2f9ha1	48724	141529	141530	141531
d2f9wa1	51349	53066	53067	142484
d2f9yb1	51349	52095	52096	89572
d2f9zc1	53931	64437	64438	160883
d2fa1a1	53931	64287	64288	143473
d2fa8a1	51349	52832	52833	142411
d2faza1	53931	54235	54236	54237
d2fb5a1	53931	143596	143597	143598
d2fbaa_	46456	48207	48208	48209
d2fbda_	53931	53954	53955	191411
d2fbea1	48724	49898	49899	141154
d2fbha1	46456	46688	46785	63379
d2fbia1	46456	46688	46785	63379
d2fbjh2	48724	48725	48726	48942
d2fbka1	46456	46688	46785	63379
d2fbla1	53931	55153	55154	118007
d2fbna1	46456	48370	48452	48453
d2fbqa1	46456	46688	46689	46764
d2fbqa2	46456	48497	48498	48499
d2fc6a1	56992	90228	90229	90230
d2fc7a1	56992	57849	57850	161211
d2fcba1	48724	48725	48726	49159
d2fcfa1	48724	50155	50156	50157
d2fcia1	53931	55549	55550	55551
d2fcja1	51349	110454	110455	110456
d2fcka1	53931	55728	55729	55730
d2fcla1	53931	81302	81301	143239
d2fcta1	48724	51181	51197	141623
d2fcwa1	46456	47044	47045	47046
d2fcwb1	56992	57423	57424	57425
d2fd5a1	46456	46688	46689	46764
d2fd5a2	46456	48497	48498	48499
d2fd6u1	56992	57301	57302	57354
d2fdbm1	48724	50352	50353	50354
d2fdna_	53931	54861	54862	54863
d2fdoa1	53931	143994	143995	143996
d2fdra1	51349	56783	56784	75173
d2fe0a1	48724	101600	101601	101602
d2fe1a1	51349	88722	88723	89619
d2fe5a1	48724	50155	50156	50157
d2fe7a1	53931	55728	55729	55730
d2feaa1	51349	56783	56784	142180
d2fefa1	46456	47363	140486	140487
d2fefa2	46456	140730	140731	140732
d2fexa1	51349	52171	52317	52325
d2ff4a1	46456	46688	46894	46895
d2ff4a2	46456	48370	48452	140845
d2ff4a3	48724	49878	49879	49885
d2ffga1	53931	143566	143567	143568
d2ffia1	51349	51350	51556	141819
d2ffja1	56572	111320	111321	111322
d2ffma_	53931	110835	110836	110837
d2ffsa1	53931	55944	55961	143839
d2ffta1	56992	144255	144256	144257
d2fg9a1	48724	50474	50475	50476
d2fgca1	53931	54861	55021	143376
d2fgea1	53931	63410	63411	63412
d2fgga1	53931	54767	143212	143213
d2fgoa_	53931	54861	54862	54863
d2fgqx_	56835	56924	56935	56936
d2fh1a1	53931	55752	55753	55754
d2fh5a1	53931	55769	64356	90019
d2fh5b1	51349	52539	52540	52592
d2fhfa1	48724	48725	81296	81282
d2fhfa3	48724	49451	49452	158932
d2fhfa4	48724	51010	51011	51012
d2fhfa5	51349	51350	51445	51446
d2fhpa1	51349	53334	53335	142611
d2fhqa1	48724	50474	50475	50476
d2fhxa_	53931	56280	56281	191360
d2fhza1	53931	143468	143469	143470
d2fhzb_	53931	102823	102824	143007
d2fi0a1	46456	140682	140683	140684
d2fi1a1	51349	56783	56784	56792
d2fi9a1	51349	64075	64076	64077
d2fiaa1	53931	55728	55729	55730
d2fiqa1	51349	51350	51569	141837
d2fiua1	53931	54861	54909	143275
d2fiwa1	53931	55728	55729	55730
d2fiya1	56572	144019	144020	144021
d2fj6a1	46456	47768	140652	140653
d2fj8a1	56992	57015	57247	57248
d2fjca1	46456	47239	47240	47241
d2fjla1	48724	50728	50729	50730
d2fk4a1	56992	161228	161229	161230
d2fkba1	53931	55810	55811	64369
d2fkia1	53931	69634	142906	142907
d2fl4a1	53931	55728	55729	55730
d2fl7a_	48724	50036	82061	191438
d2flha_	53931	55944	55961	191339
d2fm8a1	53931	69634	69635	69636
d2fm9a1	46456	140745	140746	140747
d2fmla1	46456	46688	46785	140299
d2fmla2	53931	55810	55811	143772
d2fmma_	48724	50036	54160	54165
d2fmpa1	46456	47768	47802	47803
d2fmpa2	46456	47768	81585	81584
d2fmpa3	53931	81302	81301	81300
d2fn0a1	53931	56321	56322	56323
d2fn9a_	51349	53821	53822	191439
d2fnaa1	46456	46688	46785	46819
d2fnaa2	51349	52539	52540	81269
d2fnba_	48724	48725	49265	49266
d2fnja1	48724	49898	49899	141154
d2fnoa1	46456	47615	47616	47617
d2fnoa2	51349	52832	52833	52862
d2fnua_	51349	53382	53383	53417
d2fo1d1	46456	48661	158851	158852
d2fo1e1	53931	74651	48403	48404
d2fo3a1	53931	54494	54495	54496
d2foka1	46456	46688	46785	46824
d2foka4	51349	52979	52980	53014
d2fomb1	48724	50493	50494	50596
d2fp1a_	46456	48599	48600	140945
d2fpna1	53931	55944	143842	143843
d2fpoa1	51349	53334	53335	142611
d2fpra1	51349	56783	56784	142177
d2fq3a1	46456	46688	46689	140222
d2fq4a1	46456	46688	46689	46764
d2fq4a2	46456	48497	48498	48499
d2fqma1	53931	160891	160892	160893
d2fr1a1	51349	51734	51735	51751
d2fr1a2	51349	51734	51735	51751
d2fr2a1	48724	50813	50814	141475
d2fr5a_	51349	53926	53927	53928
d2frea1	53931	55468	55469	55470
d2fs2a1	53931	54636	54637	89902
d2fsja1	51349	53066	53067	142481
d2fsqa1	53931	55143	55144	143484
d2fsra1	53931	55728	55729	55730
d2fsua1	51349	53382	159709	159710
d2fswa1	46456	46688	46785	140304
d2ft1a1	53931	56562	56563	56564
d2ftra1	53931	54861	54909	143272
d2ftsa1	48724	51268	63867	63868
d2ftsa2	48724	63881	63882	63883
d2ftsa3	51349	53217	53218	64103
d2ftwa1	48724	51337	51338	75044
d2ftwa2	51349	51350	51556	75073
d2ftxa1	53931	143025	143026	143027
d2ftxb1	53931	143025	143026	143030
d2fuea_	51349	56783	56784	82388
d2fufa_	53931	55463	55464	55465
d2fug11	46456	47363	140490	140491
d2fug12	51349	142018	142019	142020
d2fug13	53931	54235	142984	142985
d2fug21	51349	52832	52833	142405
d2fug31	48724	50684	50692	50696
d2fug32	51349	53705	53706	53707
d2fug33	53931	54235	54292	54312
d2fug34	53931	54861	54862	54884
d2fug41	56572	56761	56762	144028
d2fug51	53931	143242	143243	143244
d2fug61	56572	56769	56770	144031
d2fug71	53931	55382	55387	143572
d2fug91	53931	54861	54862	54884
d2fuja1	53931	54636	54637	54638
d2fuka1	51349	53473	53474	159742
d2fupa1	46456	47654	140566	140567
d2fura1	48724	50474	50475	50476
d2fv7a1	51349	53612	53613	53614
d2fvga1	48724	50614	101821	101822
d2fvga2	51349	53162	53187	53204
d2fvka1	48724	51337	51338	75044
d2fvka2	51349	51350	51556	75073
d2fvva1	53931	55810	55811	55812
d2fvya_	51349	53821	53822	53823
d2fwha_	51349	52832	52833	52834
d2fwmx_	51349	51734	51735	191313
d2fwra1	51349	52539	52540	81268
d2fx0a1	46456	46688	46689	46764
d2fx0a2	46456	48497	48498	48499
d2fxaa1	46456	46688	46785	63379
d2fxta1	53931	54402	54427	143001
d2fxua1	51349	53066	53067	53068
d2fy8a1	51349	51734	51735	63944
d2fy8a2	53931	116725	116726	116727
d2fyga1	56992	144245	144246	144247
d2fyia1	51349	53849	53850	53851
d2fyta1	51349	53334	53335	53351
d2fyuk_	56835	81407	81518	81517
d2fywa1	51349	102704	102705	102706
d2fyxa1	53931	54861	143422	143423
d2fz4a1	51349	52539	52540	81268
d2fzcb1	53931	54861	54893	54894
d2fzcb2	56992	57769	57825	57826
d2fzfa1	46456	47239	47240	47241
d2fzpa1	53931	160087	160088	160089
d2fzta1	46456	47643	140560	140561
d2fzva1	51349	52171	52218	89590
d2g03a1	46456	140930	140931	140932
d2g09a_	51349	56783	56784	142183
d2g0da_	46456	48207	158745	158746
d2g0ta1	51349	52539	52540	52652
d2g0wa1	51349	51350	51658	75090
d2g17a1	51349	51734	51735	51800
d2g17a2	53931	55346	55347	55348
d2g1da1	53931	54188	54189	117786
d2g1la1	48724	49878	49879	49885
d2g1pa_	51349	53334	53335	88788
d2g2ca1	51349	53217	53218	53219
d2g2da_	46456	47239	89028	191442
d2g2na_	48724	49451	49472	191441
d2g30a1	48724	48725	49348	49349
d2g30a2	53931	55710	55711	55712
d2g38a1	46456	47239	140459	140460
d2g38b1	46456	47239	140459	140463
d2g39a1	51349	100949	100950	74656
d2g3aa1	53931	55728	55729	55730
d2g3ba1	46456	46688	46689	46764
d2g3ba2	46456	48497	48498	48499
d2g3ha_	46456	46457	46458	191420
d2g3qa1	46456	46928	46934	46935
d2g3ra1	48724	50036	63748	63749
d2g3ra2	48724	50036	63748	63749
d2g3wa1	51349	52979	52980	159605
d2g40a1	51349	100949	100950	142200
d2g45a_	56992	57849	57850	161204
d2g50a1	48724	50799	50800	50801
d2g50a2	51349	51350	51621	51622
d2g50a3	51349	52934	52935	52936
d2g5ca1	46456	48178	48179	140780
d2g5ca2	51349	51734	51735	51868
d2g5da1	48724	50684	50685	159195
d2g5gx1	51349	159500	159501	159502
d2g5ra_	48724	48725	48726	48727
d2g62a1	46456	140983	140984	140985
d2g64a1	53931	55619	55620	55625
d2g6ta1	51349	142794	142795	142796
d2g7ba_	48724	50813	50814	50847
d2g7ga1	46456	46688	46689	46764
d2g7ga2	46456	48497	48498	48499
d2g7ja1	53931	69634	159894	159895
d2g7la1	46456	46688	46689	46764
d2g7la2	46456	48497	48498	48499
d2g7oa1	46456	140580	140581	140582
d2g7sa1	46456	46688	46689	46764
d2g7sa2	46456	48497	48498	48499
d2g80a1	51349	56783	56784	142186
d2g81i1	56992	57015	57247	57248
d2g82a1	51349	51734	51735	51800
d2g82a2	53931	55346	55347	55348
d2g84a1	51349	53926	53927	89800
d2g8la1	56572	111320	111321	111322
d2g9hd1	48724	50198	50203	50219
d2g9wa1	46456	46688	46785	101016
d2ga1a1	46456	46688	46689	140216
d2gana1	53931	55728	55729	55730
d2gaua1	46456	46688	46785	46796
d2gaua2	48724	51181	51206	51210
d2gaxa1	51349	102461	102462	102463
d2gb3a1	51349	53382	53383	53384
d2gboa1	46456	47143	140404	140405
d2gbwb_	53931	54402	54427	191337
d2gc6a1	51349	53243	53244	53250
d2gc6a2	51349	53612	53623	53629
d2gc9a1	48724	50813	50814	141469
d2gcia_	51349	89795	89796	89797
d2gcla1	48724	50728	50729	141436
d2gdma_	46456	46457	46458	46463
d2gdqa1	51349	51350	51604	51609
d2gdqa2	53931	54825	54826	54827
d2gdza1	51349	51734	51735	51751
d2ge3a1	53931	55728	55729	55730
d2ge7a1	53931	103067	103068	143508
d2geca1	48724	110303	110304	110305
d2gena1	46456	46688	46689	46764
d2gena2	46456	48497	48498	48499
d2geya1	53931	54402	54427	102810
d2gf3a1	51349	51904	51905	51913
d2gf3a2	53931	54372	54373	54384
d2gf4a1	46456	46996	140371	140372
d2gf5a2	46456	47985	47986	81388
d2gf6a1	53931	54636	54637	54638
d2gfha1	51349	56783	56784	75173
d2gfna1	46456	46688	46689	46764
d2gfna2	46456	48497	48498	48499
d2gfqa1	51349	53162	142535	142536
d2ggca_	53931	55919	55920	55921
d2ghaa_	51349	53849	53850	191309
d2ghpa1	53931	54861	54928	54929
d2ghsa1	48724	50938	63829	63830
d2ghta_	51349	56783	56784	110509
d2ghvc1	53931	143586	143587	143588
d2gi3a1	51349	75303	75304	75305
d2giaa1	53931	54446	54447	143043
d2giab1	53931	54446	54447	143043
d2giba1	53931	103067	103068	143508
d2giga_	51349	52979	52980	69525
d2giya1	48724	48725	48726	48727
d2gj3a_	53931	55769	55785	191387
d2gj4a_	51349	53755	53756	53766
d2gj6d1	48724	48725	48726	48727
d2gj8a_	51349	52539	52540	52592
d2gjva1	53931	143748	143749	143753
d2gjxa2	53931	55485	55545	55546
d2gk3a1	51349	52171	52317	159492
d2gkea1	53931	54505	54506	54507
d2gkma_	46456	46457	46458	46459
d2gkpa1	53931	160206	160207	160208
d2gl5a1	51349	51350	51604	51609
d2gl5a2	53931	54825	54826	54827
d2glia1	56992	57666	57667	57668
d2glza1	53931	55346	143555	143556
d2gm3a1	51349	52373	52402	52436
d2gmga1	46456	46688	46785	158332
d2gmha1	51349	51904	51905	51913
d2gmha2	53931	54372	54373	142988
d2gmha3	53931	54861	54862	143256
d2gmna1	53931	56280	56281	56282
d2gmqa1	48724	88696	88697	159365
d2gmwa1	51349	56783	56784	142177
d2gmya1	46456	69117	69118	140970
d2gnoa1	46456	48018	48019	48020
d2gnoa2	51349	52539	52540	81269
d2gnpa1	51349	100949	100950	159545
d2gnxa1	46456	140656	158548	158549
d2gnxa2	53931	55752	160651	160652
d2go7a1	51349	56783	56784	75173
d2go8a1	53931	54861	54909	102959
d2goma1	46456	46965	158366	158367
d2gova1	53931	55135	55136	143481
d2gp4a1	51349	52008	52016	141976
d2gp4a2	53931	143974	143975	143976
d2gpea_	46456	47597	47598	158485
d2gpia1	53931	160271	160272	160273
d2gqba1	46456	158633	158634	158635
d2gqfa1	51349	51904	51905	159436
d2gqfa2	56572	160995	160996	160997
d2gr8a1	53931	54522	54523	143107
d2grca_	46456	47363	47370	191428
d2grea1	48724	50614	101821	101822
d2grea2	51349	53162	53187	53204
d2grga1	53931	55769	160683	160684
d2gria1	53931	54235	159936	159937
d2grrb_	46456	48370	69099	69100
d2gs5a1	53931	143455	143456	143457
d2gsca1	46456	47363	158446	158447
d2gsqa1	46456	47615	47616	47617
d2gsva1	46456	47143	158388	158389
d2gtaa1	46456	101385	101386	116993
d2gtia1	51349	53334	53335	142625
d2gtia2	53931	142876	142877	142881
d2gtlm1	48724	50875	141480	141481
d2gtlm2	56992	57423	57424	57425
d2gtln1	48724	50875	141480	141481
d2gtlo1	48724	50875	141480	141481
d2gtra_	51349	52095	52096	52103
d2gtta1	46456	140808	140809	140810
d2gtvx1	46456	48599	48600	140942
d2gu2a1	51349	53162	53187	142526
d2gu3a1	53931	54402	54403	159955
d2guda1	48724	51091	51101	51102
d2gufa_	56835	56924	56935	56948
d2guia_	51349	53066	53098	53118
d2guja1	48724	69278	69279	159185
d2guka1	53931	160447	160448	160449
d2guma1	56572	161007	161008	161009
d2gupa1	51349	53066	53067	110636
d2guya1	48724	51010	51011	51012
d2guya2	51349	51350	51445	51446
d2gv8a1	51349	51904	51905	51943
d2gv8a2	51349	51904	51905	51943
d2gvha1	53931	54636	54637	54638
d2gvia1	53931	55346	143555	143556
d2gvia2	56992	57715	57716	161169
d2gvka1	53931	54861	54909	143265
d2gw6a1	51349	52979	53032	53033
d2gwga1	51349	51350	51556	141819
d2gx6a_	51349	53821	53822	53823
d2gx8a1	51349	102704	102705	102706
d2gxfa1	53931	54402	54427	160015
d2gyka1	46456	47335	47345	47346
d2gykb_	53931	54059	54060	54061
d2gyqa1	46456	47239	47240	140445
d2gysa1	48724	48725	49265	49266
d2gyza_	56992	57500	57501	191392
d2gz1a1	51349	51734	51735	51800
d2gz1a2	53931	55346	55347	55348
d2gz4a1	46456	109603	109604	101340
d2gzsa_	51349	53473	53474	159750
d2gzxa_	51349	51350	51556	191327
d2h00a1	51349	53334	53335	142651
d2h0ua_	53931	55468	55469	191446
d2h0va_	48724	51181	51182	75035
d2h12a_	46456	48255	48256	48257
d2h1ca1	51349	88722	88723	89619
d2h1ia1	51349	53473	53474	53547
d2h1ta1	48724	159274	159275	159276
d2h1va_	51349	53799	53800	53801
d2h26a1	48724	48725	48726	48942
d2h26a2	53931	54451	54452	54453
d2h29a_	51349	52373	52374	52397
d2h2za_	48724	50493	50494	50603
d2h30a_	51349	52832	52833	52901
d2h3ja1	48724	50036	50037	50041
d2h3ka1	48724	48725	158911	158912
d2h4oa1	53931	160569	160570	160571
d2h5ca_	48724	50493	50494	50495
d2h5na1	46456	158681	158682	158686
d2h6fa1	46456	48370	48439	48440
d2h6fb1	46456	48207	48239	48246
d2h6ua_	48724	49451	49472	191441
d2h7aa1	53931	160190	160191	160192
d2h7ca_	51349	53473	53474	53475
d2h7za1	56992	57301	57302	57303
d2h80a1	46456	47768	47769	158526
d2h8aa1	56835	161083	161084	161085
d2h8ea_	53931	55297	103084	103085
d2h8ua_	56992	57301	57302	57303
d2h92a_	51349	52539	52540	52541
d2h9ec_	56992	57566	57567	57568
d2h9fa1	53931	54505	54506	160123
d2ha9a1	51349	51997	51998	159444
d2hafa1	53931	143455	143456	143457
d2haha_	48724	50629	50630	50631
d2hala_	48724	50493	50494	50603
d2haya_	53931	55468	55469	191446
d2haza1	48724	48725	49265	49266
d2hbaa1	53931	55657	55658	55659
d2hbja1	46456	47768	47819	140646
d2hbja2	51349	53066	53098	53118
d2hboa1	53931	54636	54637	89902
d2hbva1	51349	51350	51556	141819
d2hc1a_	51349	52798	52799	191381
d2hc5a1	53931	160213	160214	160215
d2hcfa1	51349	56783	56784	75173
d2hd3a1	48724	50198	159133	159134
d2hd9a1	48724	88696	88697	141703
d2hdoa1	51349	56783	56784	75173
d2hdsa_	56572	56600	56601	56602
d2hdza_	46456	47094	47095	47096
d2heka1	46456	109603	109604	101340
d2heoa_	46456	46688	46785	46853
d2heqa1	48724	50036	159038	159039
d2hewf1	48724	49841	49842	49843
d2heyr1	56992	57585	57586	57587
d2heyr2	56992	57585	57586	57587
d2hf1a1	48724	158996	158997	158998
d2hf2a_	51349	56783	56784	82388
d2hfgr_	56992	57585	57586	90174
d2hfna_	53931	54861	54975	191394
d2hfqa1	53931	160765	160766	160767
d2hfta1	48724	48725	49265	49266
d2hfva1	53931	54861	54913	160310
d2hg6a1	53931	160476	160477	160478
d2hg7a1	53931	64209	159865	159866
d2hgaa1	48724	50155	50156	159049
d2hgca1	46456	46688	46785	158317
d2hgka1	46456	47363	158452	158453
d2hgsa4	53931	56058	56059	56088
d2hgxa_	56572	56751	56752	56753
d2hh8a1	53931	160418	160419	160420
d2hhva1	51349	53066	53098	53118
d2hhva2	56572	56671	56672	56673
d2hi1a_	51349	53658	53659	191423
d2hi6a1	51349	52008	52016	141979
d2hi7b1	46456	47363	158442	158443
d2hipa_	56992	57651	57652	57653
d2hiqa_	53931	54861	54909	117940
d2hiya1	53931	160378	160379	160380
d2hj1a1	53931	54235	54285	159931
d2hjea_	53931	55769	103190	160679
d2hjja1	53931	54767	54786	160203
d2hjqa1	46456	63450	68912	158225
d2hjqa2	53931	160058	160059	160060
d2hjsa1	51349	51734	51735	51800
d2hjsa2	53931	55346	55347	55348
d2hkja1	46456	81297	46946	81705
d2hkja2	53931	54210	54211	54224
d2hkja3	53931	55873	55874	55879
d2hkua1	46456	46688	46689	46764
d2hkua2	46456	48497	48498	48499
d2hkva1	46456	109853	109854	140603
d2hlca_	48724	50493	50494	50514
d2hlja1	53931	54636	54637	54638
d2hlya1	53931	54000	54001	159849
d2hm7a_	51349	53473	53474	53487
d2hmfa1	51349	53632	53633	142721
d2hmfa2	53931	54861	55021	143390
d2hmta_	51349	51734	51735	63944
d2hnga1	53931	54610	54611	160154
d2hnua_	48724	49605	49606	49607
d2ho2a1	48724	51044	51045	51046
d2hoea1	46456	46688	46785	140279
d2hoea2	51349	53066	53067	110636
d2hoqa_	51349	56783	56784	191369
d2hosa_	46456	46688	46689	46690
d2hoxa_	51349	53382	53383	53384
d2hp4a_	48724	48725	48726	48727
d2hppp_	56992	57439	57440	57441
d2hpsa_	46456	47472	47473	191396
d2hpua1	53931	160386	160387	160388
d2hq4a1	53931	159901	159902	159903
d2hq7a1	48724	50474	50475	50476
d2hq9a1	48724	50474	50475	50476
d2hqsa1	48724	50938	50960	50961
d2hqsa2	51349	52953	52964	52965
d2hqta1	46456	47615	47616	158491
d2hqva1	56572	144063	144064	144070
d2hqxa1	48724	50036	63748	63749
d2hqya1	53931	55728	55729	82749
d2hr2a1	46456	48370	48452	158785
d2hr3a1	46456	46688	46785	63379
d2hrva_	48724	50493	50494	50603
d2hs1a_	48724	50629	50630	50631
d2hs5a1	46456	46688	46785	46804
d2hs5a2	46456	48007	48008	48009
d2hsja1	51349	52171	52266	52273
d2hsza1	51349	56783	56784	75173
d2hthb1	48724	50728	50729	141442
d2htia1	48724	50474	50475	50476
d2htja1	46456	46688	46785	158305
d2htsa_	46456	46688	46785	46873
d2hu7a1	48724	50964	50993	117286
d2hu7a2	51349	53473	53474	117711
d2huec_	46456	47112	47113	47114
d2huha1	48724	49561	158949	158950
d2huja1	46456	47161	140415	140416
d2hv2a1	53931	55717	55718	160620
d2hv2a2	53931	55728	55729	160644
d2hw4a1	53931	143723	143724	143725
d2hwja1	53931	110848	110849	160092
d2hx5a1	53931	54636	54637	54638
d2hxva1	51349	53596	53597	142701
d2hxva2	51349	53926	53927	89800
d2hy1a1	53931	56299	56300	160875
d2hy5a1	51349	75168	75169	75170
d2hy5b1	51349	75168	75169	75170
d2hy5c1	51349	75168	75169	117489
d2hyda2	56835	90122	90123	90124
d2hyec2	46456	48370	74788	74789
d2hyec3	56572	75631	75632	75633
d2hyja1	46456	46688	46689	46764
d2hyja2	46456	48497	48498	48499
d2hyma1	48724	48725	49265	49266
d2hzaa1	46456	47597	47598	100970
d2hzqa_	48724	50813	50814	191454
d2hzta1	46456	46688	46785	140304
d2i00a1	53931	55717	55718	160620
d2i00a2	53931	55728	55729	160644
d2i02a1	48724	50474	50475	50476
d2i06a_	56572	56595	56596	56597
d2i0ka1	53931	54861	55103	64284
d2i0ka2	53931	56175	56176	191624
d2i0xa1	53931	54861	143430	143431
d2i0za1	51349	51904	51905	159436
d2i0za2	56572	160995	160996	160997
d2i10a1	46456	46688	46689	46764
d2i10a2	46456	48497	48498	48499
d2i15a1	46456	158714	158715	158716
d2i1qa1	46456	47768	47794	47795
d2i1sa1	53931	159940	159941	159942
d2i2la1	48724	159005	159006	159007
d2i2qa_	53931	55752	55753	55762
d2i3ba1	51349	52539	52540	52670
d2i3da1	51349	53473	53474	159742
d2i3oa1	53931	56234	56235	143906
d2i4aa_	51349	52832	52833	52834
d2i4ra1	51349	159467	159468	159469
d2i52a1	53931	143559	143560	143561
d2i53a1	46456	47953	47954	47955
d2i5ea1	51349	53447	53448	159723
d2i5ha1	56572	160974	160975	160976
d2i5ia1	51349	51988	88713	159441
d2i5nh2	56835	81407	81490	81489
d2i5ua1	46456	158498	158499	158500
d2i5vo_	48724	51086	51087	51088
d2i61a_	56992	57015	57095	57096
d2i6ea1	51349	53849	53850	53851
d2i6ha1	46456	48370	48452	158772
d2i6va1	48724	50155	50156	159046
d2i71a1	56572	160979	160980	160981
d2i74a1	48724	49784	49785	141113
d2i76a1	46456	48178	48179	116984
d2i76a2	51349	51734	51735	51868
d2i7ca_	51349	53334	53335	191451
d2i7da_	51349	56783	56784	82382
d2i7na1	51349	53066	53067	159623
d2i7na2	51349	53066	53067	159623
d2i7ra1	53931	54592	54593	54598
d2i7va_	53931	56280	56281	143927
d2i7xa1	53931	56280	56281	143927
d2i8da1	53931	69634	159888	159889
d2i8ta_	53931	55810	55811	111132
d2i9aa1	56992	57015	57196	57197
d2i9aa2	56992	57439	57440	57441
d2i9ca1	46456	48370	48371	158764
d2i9da_	51349	52776	52777	191456
d2i9fa1	53931	103067	103068	103069
d2i9ia1	51349	52953	159594	159595
d2i9ua1	48724	51337	51338	82224
d2i9ua2	51349	51350	51556	82258
d2i9wa1	53931	54402	54427	160050
d2i9wa2	56992	103641	103642	103643
d2i9xa1	53931	160536	160537	160538
d2ia1a1	53931	160423	160424	160425
d2ia7a1	53931	160718	160719	160720
d2iafa1	53931	55346	143548	143549
d2iaya1	53931	160799	160800	160801
d2iaza1	46456	158621	158622	158626
d2ib0a1	46456	47239	47240	158411
d2ibaa1	53931	55619	55620	55633
d2ibga1	48724	48725	49265	49266
d2ibna1	46456	109603	109604	140769
d2iboa1	53931	54861	89957	89958
d2ic2a1	48724	48725	49265	49266
d2ic7a_	48724	51160	51161	51168
d2icga1	53931	160630	160631	160632
d2icha1	48724	159244	159245	159246
d2icsa1	48724	51337	51338	141689
d2icsa2	51349	51350	51556	141816
d2icta_	46456	47412	47413	47432
d2icua_	53931	143080	143081	191457
d2icwg_	46456	101343	101344	101345
d2icya1	48724	51160	51161	51171
d2icya2	51349	53447	53448	53461
d2id1a1	53931	81302	81301	160252
d2id3a1	46456	46688	46689	46764
d2id3a2	46456	48497	48498	48499
d2id4a1	48724	49784	49785	89249
d2id4a2	51349	52742	52743	52744
d2id6a1	46456	46688	46689	46764
d2id6a2	46456	48497	48498	48499
d2idaa1	56992	57849	57850	161204
d2idba1	48724	50474	50475	141368
d2idba2	53931	143967	143968	143969
d2idla1	53931	55158	118010	118011
d2idob_	46456	116730	46575	46576
d2idra_	53931	55417	55418	191459
d2idxa_	46456	47239	89028	191442
d2ieaa1	51349	52517	52518	88735
d2ieaa2	51349	52517	52518	88760
d2ieaa3	51349	52921	52922	52923
d2iela1	51349	52373	52402	52436
d2if5a_	53931	54694	54695	191460
d2if6a1	53931	54000	54001	159855
d2ifca_	46456	48255	48256	48257
d2ifga1	48724	48725	48726	49159
d2ifga3	51349	52046	52058	75142
d2ig3a_	46456	46457	46458	191420
d2igia_	51349	53066	53098	53118
d2igsa1	53931	53954	53955	159837
d2igta1	51349	53334	53335	142635
d2ih2a1	51349	53334	53335	88787
d2ih2a2	53931	116733	116734	116735
d2ihoa1	48724	50352	50370	50371
d2ihoa2	53931	54000	54001	159846
d2ihta1	51349	52466	52467	52475
d2ihta2	51349	52517	52518	88724
d2ihta3	51349	52517	52518	88749
d2iiaa_	48724	89231	89232	191462
d2iida1	51349	51904	51905	51913
d2iida2	53931	54372	54373	54394
d2iiia_	53931	56275	56276	191518
d2iiza_	53931	54861	54909	143265
d2ij0c1	48724	48725	48726	48727
d2ij2a_	46456	48263	48264	48265
d2ijqa1	46456	140656	140663	140664
d2ijra1	56572	160939	160940	160941
d2ikba1	53931	53954	53955	159827
d2ikka1	53931	64287	64288	143473
d2il5a1	53931	55944	55961	111168
d2ilaa_	48724	50352	50353	50362
d2ilka_	46456	47265	47266	47305
d2im8a_	46456	47161	140415	140416
d2im9a1	53931	54000	54001	142864
d2imha1	53931	56234	56235	160846
d2imja1	53931	54402	54427	160018
d2imla1	48724	50474	50475	159164
d2impa_	51349	53719	53720	191448
d2imqx_	53931	56218	56219	64422
d2imra1	48724	51337	51338	159355
d2imra2	51349	51350	51556	159397
d2in5a1	48724	159269	159270	159271
d2incb_	46456	47239	47240	47253
d2inpl_	53931	56028	56029	56030
d2inwa1	53931	55769	143737	143738
d2io8a1	51349	52439	52440	142119
d2io8a2	53931	54000	54001	142870
d2io8a3	53931	56058	56059	143890
d2ioja1	51349	63417	75138	159447
d2ipqx1	46456	46688	46785	158308
d2iqia1	51349	52953	159594	159598
d2irfg_	46456	46688	46785	46877
d2isya1	46456	46688	46785	46882
d2isya2	46456	47978	47979	47980
d2it9a1	53931	54446	54447	143038
d2itba1	46456	47239	47240	158405
d2iu5a1	46456	46688	46689	46764
d2iu5a2	46456	48497	48498	48499
d2iuba2	56835	81334	144083	144084
d2iuwa1	48724	51181	51197	141628
d2iv2x1	48724	50684	50692	50696
d2iv2x2	51349	53705	53706	53707
d2ivda1	51349	51904	51905	51913
d2ivda2	53931	54372	54373	54394
d2ivxa1	46456	47953	47954	47955
d2ivya_	53931	54861	143430	143431
d2iw0a1	51349	51988	88713	89559
d2iw1a_	51349	53755	53756	110734
d2iw5b1	46456	46688	46689	46739
d2iwra_	51349	52539	52540	52592
d2ix0a1	48724	50198	50249	50282
d2ix0a2	48724	50198	50249	50282
d2ix0a3	48724	50198	50249	50282
d2ix0a4	48724	50198	50249	159112
d2ixda_	51349	102587	102588	191370
d2ixea_	51349	52539	52540	52686
d2ixna1	46456	140983	140984	140985
d2ixoa1	46456	140983	140984	140985
d2iy5a1	46456	46556	46589	46593
d2iyga_	53931	54861	54975	143364
d2izva1	46456	158234	158235	158236
d2izva2	53931	55549	55550	55551
d2izxa_	46456	47390	47391	47392
d2j07a1	46456	48172	48173	48174
d2j07a2	51349	52424	52425	52426
d2j0ia_	53931	56111	56112	191359
d2j0wa1	51349	53632	53633	142721
d2j0wa2	53931	54861	55021	143390
d2j13a1	51349	51988	88713	89559
d2j2ja_	48724	49834	49835	191353
d2j2zb1	48724	49379	49401	49405
d2j3wa_	53931	55769	64356	82767
d2j3wb1	53931	111125	111126	118076
d2j43a1	48724	49451	49452	158932
d2j49a1	53931	160896	160897	160898
d2j4ba1	53931	160896	160897	160898
d2j4ka_	51349	53632	53633	191466
d2j4wd1	56992	82909	82910	82911
d2j59m1	48724	50728	50729	50730
d2j5aa1	53931	54861	54995	54996
d2j5ga_	51349	52095	52096	191346
d2j5ha1	56992	57015	57196	144100
d2j5wa1	48724	49502	49503	191502
d2j6ba1	53931	143601	143602	143603
d2j73a_	48724	49451	49452	158932
d2j7ja1	56992	57666	57667	196454
d2j7qa1	53931	54000	54001	159852
d2j7ta_	53931	56111	56112	88854
d2j82a_	53931	81607	81606	191371
d2j85a1	53931	143601	143602	143603
d2j8ba_	56992	57301	57302	57354
d2j8ga1	48724	69359	69360	69361
d2j8ga2	51349	51350	51445	63912
d2j8ka1	48724	51125	141571	141572
d2j8ma_	53931	55728	55729	55730
d2j97a_	48724	101815	101816	191526
d2j9la1	53931	54630	54631	54632
d2j9ua_	46456	47161	140427	140428
d2j9ub1	56992	57769	90209	90210
d2ja9a1	48724	50198	50249	50282
d2ja9a2	53931	54790	54791	54792
d2jaka1	46456	48370	48371	140819
d2jama_	53931	56111	56112	88854
d2jaqa_	51349	52539	52540	191323
d2jbaa_	51349	52171	52172	52173
d2jbha_	51349	53270	53271	53272
d2jbwa1	51349	53473	53474	159762
d2jcqa_	53931	56435	56436	56477
d2jdca1	53931	55728	55729	55730
d2jdia1	46456	47916	47917	47918
d2jdia2	48724	50614	50615	50616
d2jdia3	51349	52539	52540	52670
d2jdid1	46456	47916	47917	47918
d2jdid2	48724	50614	50615	50616
d2jdid3	51349	52539	52540	52670
d2jdig_	51349	52934	52943	52944
d2jdih1	46456	46556	46604	46605
d2jdih2	48724	51343	51344	51345
d2jdii_	46456	48661	48690	48691
d2jdqd_	53931	160452	160453	160454
d2je6a1	53931	54210	54211	54229
d2je6a2	53931	55665	55666	55667
d2je6b1	53931	54210	54211	54229
d2je6b2	53931	55665	55666	55667
d2je6i1	48724	50198	50249	50282
d2je6i2	48724	51229	110324	159324
d2je6i3	53931	54790	54791	54792
d2je8a1	48724	48725	49303	49304
d2je8a4	48724	49784	49785	49803
d2je8a5	51349	51350	51445	51487
d2jeka1	46456	140735	140736	140737
d2jf2a_	48724	51160	51161	51162
d2jfga1	51349	51983	51984	254240
d2jfga2	51349	53243	53244	254241
d2jfga3	51349	53612	53623	53624
d2jfra_	53931	81607	81606	191371
d2jg0a_	46456	48207	48208	158742
d2jg5a_	51349	53612	53613	191321
d2jg6a_	46456	48149	48150	191469
d2jgba_	53931	55417	55418	191459
d2jhfa1	48724	50128	50129	50136
d2jhfa2	51349	51734	51735	51736
d2ji7a1	51349	52466	52467	52475
d2ji7a2	51349	52517	52518	88724
d2ji7a3	51349	52517	52518	88749
d2jioa1	48724	50684	50692	191648
d2jioa2	51349	53705	53706	53707
d2jjxa_	51349	53632	53633	191466
d2jkrb_	46456	48370	48371	74771
d2jkri_	53931	55769	64356	75521
d2jlia_	53931	160543	160544	191577
d2jmua1	53931	55153	55154	118007
d2jn4a1	48724	159202	159203	159204
d2jn6a1	46456	46688	46689	158260
d2jn9a1	48724	50474	159173	159174
d2jnaa1	53931	88797	159871	159872
d2jnea1	56992	57769	161187	161188
d2jnga1	48724	50036	63748	159021
d2jo6a1	48724	50021	50022	158991
d2joda1	56992	111417	111418	111419
d2joea1	53931	160703	160704	160705
d2joqa1	53931	54861	117991	160343
d2jova1	53931	160147	160148	160149
d2joya1	48724	50036	50104	159031
d2joza1	48724	50813	50814	50815
d2jq4a1	46456	47335	47336	47337
d2jrxa1	46456	158650	158651	158652
d2jv3a_	46456	47768	47769	47770
d2jxta1	53931	160373	160374	160375
d2jz6a1	53931	143799	143800	143801
d2k2na1	53931	55769	55781	55782
d2k49a1	53931	160112	160113	160114
d2k4xa1	56992	57769	57829	161184
d2k54a1	53931	54402	54427	160047
d2k57a1	48724	50181	50182	159052
d2k5ga1	53931	55944	55961	111168
d2k5qa1	48724	50198	159121	159122
d2k5wa1	48724	50198	159121	159122
d2k7ia1	53931	160112	160113	160114
d2l65a1	53931	55944	55961	111168
d2lefa_	46456	47094	47095	47096
d2liga_	46456	47161	47170	47171
d2lisa_	46456	47081	47082	47083
d2ljra1	46456	47615	47616	47617
d2ljra2	51349	52832	52833	52862
d2masa_	51349	53589	53590	53591
d2mcma_	48724	48725	49319	49320
d2mev.1	48724	88632	88633	88634
d2mev1_	48724	88632	88633	88634
d2mhra_	46456	47161	47188	47189
d2mnra1	51349	51350	51604	51609
d2mnra2	53931	54825	54826	54827
d2mpra_	56835	56924	56935	56942
d2mssa_	53931	54861	54928	54929
d2mysa1	48724	50036	50084	50085
d2mysb_	46456	47472	47473	47502
d2naca1	51349	51734	51735	51830
d2naca2	51349	52171	52283	52284
d2nl9a_	56835	56836	56854	56855
d2nlia_	51349	51350	51395	191310
d2nllb_	56992	57715	57716	57721
d2nlra_	48724	49898	49899	49978
d2nlsa_	56992	57391	57392	57393
d2nlva1	53931	143846	143847	143848
d2nlya1	51349	51988	88713	141968
d2nlza1	53931	56234	56235	143906
d2nmla1	53931	143874	143875	143876
d2nn4a1	46456	158378	158379	158380
d2nn5a1	53931	55944	55961	111168
d2nn6a1	53931	54210	54211	54229
d2nn6a2	53931	55665	55666	55667
d2nn6b2	53931	55665	55666	55667
d2nn6c1	53931	54210	54211	54229
d2nn6c2	53931	55665	55666	55667
d2nn6d1	53931	54210	54211	54229
d2nn6d2	53931	55665	55666	55667
d2nn6e1	53931	54210	54211	54229
d2nn6e2	53931	55665	55666	55667
d2nn6f1	53931	54210	54211	54229
d2nn6f2	53931	55665	55666	55667
d2nn6g2	48724	51229	110324	159324
d2nn6g3	53931	54790	54791	54792
d2nn6h1	48724	50198	50249	50282
d2nn6h2	48724	51229	110324	159324
d2nn6h3	53931	54790	54791	54792
d2nn6i1	48724	50198	50249	50282
d2nn6i2	48724	51229	110324	159324
d2noca1	53931	88797	159871	159872
d2nooa_	51349	53849	53850	53851
d2np3a1	46456	46688	46689	46764
d2np3a2	46456	48497	48498	48499
d2np5a1	46456	46688	46689	46764
d2np5a2	46456	48497	48498	48499
d2npta1	53931	54235	54277	64225
d2nq3a1	48724	49561	49562	49563
d2nqda_	48724	48725	141066	141067
d2nqra1	48724	51268	63867	63868
d2nqra2	48724	63881	63882	63883
d2nqwa1	53931	56175	56176	160820
d2nr4a1	48724	50474	50475	159164
d2nr5a1	46456	47239	158418	158419
d2nr7a1	53931	53954	53955	159827
d2nr9a1	56835	144090	144091	144092
d2nrac1	46456	46688	46785	46816
d2nrha1	51349	53066	53067	142484
d2nrka1	53931	81302	81301	160260
d2nrla_	46456	46457	46458	46463
d2nrqa1	53931	55281	55282	160489
d2ns0a1	46456	46688	46785	158314
d2ns9a1	53931	55944	55961	160750
d2nsfa1	46456	109853	109854	158522
d2nsfa2	53931	55717	55718	160614
d2nsza1	46456	48370	48371	100908
d2nt0a1	48724	51010	51011	89388
d2nt0a2	51349	51350	51445	51487
d2nt2a_	51349	52798	52799	191381
d2ntpa_	48724	51125	51126	51147
d2ntsp1	48724	48725	48726	191470
d2nu8b2	53931	56058	56059	56081
d2nuga1	46456	69064	69065	69066
d2nuga2	53931	54767	54768	54769
d2nuha_	53931	54861	54913	75434
d2nuja1	53931	54636	54637	54638
d2nv0a_	51349	52171	52317	52318
d2nvma1	53931	143846	143847	143848
d2nvna1	53931	54446	54447	143038
d2nvwa1	51349	51734	51735	51800
d2nvwa2	53931	55346	55347	55376
d2nwaa1	48724	88696	88697	159372
d2nwia1	53931	64287	64288	160415
d2nwta1	48724	89446	141694	159360
d2nwua1	53931	55281	55282	160489
d2nwva1	53931	143846	143847	143848
d2nwwa1	56835	118214	118215	118216
d2nx2a1	51349	102404	102405	159579
d2nx8a_	51349	53926	53927	191471
d2nxca1	51349	53334	53335	102578
d2nxfa1	53931	56299	56300	160880
d2nxoa1	51349	53849	53850	53851
d2nxpa1	53931	160896	160897	160898
d2nxqa_	46456	47472	47473	47502
d2nxya1	53931	56501	56502	56503
d2nxyb1	48724	48725	48726	48727
d2nxyb2	48724	48725	48726	49142
d2nyca1	53931	54630	54631	54632
d2nyua_	51349	53334	53335	191451
d2nzca1	53931	54861	55021	160329
d2nzug_	51349	53821	53822	53823
d2nzwa1	51349	53755	53756	159794
d2o04a_	48724	51125	51126	51127
d2o0ma1	51349	100949	100950	159545
d2o0qa1	53931	56398	56399	143950
d2o14a1	48724	49784	49785	158963
d2o14a2	51349	52171	52266	159482
d2o16a3	53931	54630	54631	54632
d2o1ma_	51349	53849	53850	191309
d2o1qa1	48724	51181	51182	159293
d2o2xa1	51349	56783	56784	142177
d2o34a1	53931	55619	143631	160566
d2o35a1	46456	158756	158757	158758
d2o36a_	53931	55485	55486	55505
d2o38a1	46456	47412	47413	140532
d2o39c1	56992	57534	57535	57536
d2o3aa1	51349	75216	75217	159523
d2o3fa1	46456	46688	46689	158263
d2o3ga1	53931	56175	56176	160820
d2o3ia1	56572	160990	160991	160992
d2o3la1	46456	47916	158560	158561
d2o4ta1	46456	47916	158560	158561
d2o57a1	51349	53334	53335	69560
d2o5aa1	53931	81302	81301	160252
d2o5fa_	53931	55810	55811	64369
d2o5ha1	53931	160471	160472	160473
d2o62a1	48724	50813	50814	159230
d2o6ia1	46456	109603	109604	101340
d2o6ka1	46456	47768	140652	140653
d2o6pa1	48724	48725	158911	158912
d2o6xa_	53931	54000	54001	191342
d2o70a1	46456	158693	158694	158695
d2o7ta1	46456	46688	46689	46764
d2o7ta2	46456	48497	48498	48499
d2o8ia1	46456	158693	158694	158695
d2o8pa1	46456	48370	48445	48446
d2o8ra1	46456	46965	140356	140357
d2o8ra2	53931	143723	143724	143728
d2o8ra3	53931	56023	56024	143860
d2o8sa1	46456	158836	158837	158838
d2o9ca1	53931	55769	55781	55782
d2o9ca2	53931	55769	55785	160669
d2o9ux_	53931	54402	54403	54404
d2o9xa1	46456	89154	89155	89156
d2oa4a1	46456	46688	48295	158345
d2oafa1	53931	54636	54637	54638
d2oaia1	53931	56175	56176	160820
d2oara1	56835	81331	81330	81329
d2ob3a_	51349	51350	51556	51564
d2ob5a1	51349	102545	102546	102547
d2obba1	51349	56783	56784	159540
d2obpa1	46456	46688	46785	158299
d2obxa_	51349	52120	52121	52122
d2oc5a1	46456	47239	47240	158402
d2ocla_	51349	53473	53474	191404
d2octa_	53931	54402	54403	54407
d2od0a1	53931	69634	159894	159898
d2od4a1	53931	54861	54909	160295
d2od5a1	46456	46688	46785	158296
d2od6a1	53931	54861	54909	160301
d2odeb_	46456	48096	48097	48098
d2odfa1	51349	53162	53187	159652
d2odka1	53931	143119	143120	143121
d2odma_	46456	47143	140404	191550
d2oeba1	46456	47927	158568	158569
d2oeea1	46456	158621	158622	158626
d2oeza1	56572	160949	160950	160951
d2ofca_	48724	63723	63724	117119
d2ofka_	46456	48149	48150	74756
d2ofya1	46456	47412	47413	47432
d2ogga1	53931	64287	64288	143473
d2ogka1	53931	55281	55282	160489
d2ogqa1	53931	82614	82615	102856
d2oh3a1	46456	47239	47240	158408
d2ohwa1	53931	55297	160515	160516
d2oi5a1	48724	51160	51161	51171
d2oi8a1	46456	46688	46689	46764
d2oi8a2	46456	48497	48498	48499
d2oiea1	46456	101385	101386	116993
d2oika1	53931	54196	54197	54198
d2oiwa1	53931	54636	54637	54638
d2oizd_	56992	57560	57561	191380
d2ok5a2	56992	57534	57535	57536
d2okca1	51349	53334	53335	142606
d2okfa1	51349	52979	52980	159601
d2okma_	48724	49379	49401	191391
d2okqa1	53931	54861	54909	160289
d2okua1	46456	47667	158494	158495
d2olra1	51349	53794	53795	53796
d2olra2	51349	68922	68923	68924
d2olua1	53931	53954	53955	159832
d2olua2	56572	56600	56601	56602
d2omza1	48724	48725	81296	81295
d2omza2	51349	52046	52058	52059
d2onda1	46456	48370	48452	158782
d2onfa1	53931	82783	82784	82785
d2onka1	51349	52539	52540	52686
d2oo2a1	46456	46996	158372	158373
d2oo3a1	51349	53334	53335	159700
d2ooca1	46456	47161	47226	158394
d2ooda1	48724	51337	51338	82224
d2ooda2	51349	51350	51556	82258
d2ooia1	53931	64287	64288	143473
d2ooja1	48724	141492	159238	159239
d2ooka1	51349	52086	52091	159456
d2oola1	53931	55769	55781	55782
d2oola2	53931	55769	55785	160669
d2ooxe1	53931	54630	54631	54632
d2op5a1	53931	54861	54909	160301
d2opla1	53931	82783	82784	82785
d2oq0a1	48724	50198	159141	159142
d2oq1a1	53931	55549	55550	55551
d2oqea1	48724	49993	49998	49999
d2oqea2	53931	54402	54416	54417
d2oqma1	46456	109853	109854	158519
d2oqoa1	53931	53954	53955	159832
d2oqpa1	46456	47265	47266	47286
d2oqza_	48724	63816	63817	63818
d2os5d_	53931	55330	55331	191533
d2ot2a1	48724	50198	159127	159128
d2ot3a_	46456	109992	109993	109994
d2ot9a1	51349	52979	52980	159605
d2otaa1	46456	158650	158651	158652
d2otma1	53931	55297	55298	55299
d2ou3a1	46456	158681	158682	158683
d2ou6a1	46456	109853	109854	140603
d2oula_	53931	54000	54001	54002
d2outa1	46456	63450	68912	158225
d2outa2	53931	160058	160059	160060
d2ouwa1	46456	69117	69118	140975
d2ouxa1	46456	48370	158791	158792
d2ouxa2	53931	54630	54631	54632
d2ov0a_	48724	49502	49503	49504
d2ov9a1	53931	54636	54637	89902
d2ovga_	46456	47412	47413	47419
d2ovrb1	46456	81385	81383	81381
d2ovrb2	48724	50964	50978	50979
d2owna1	53931	54636	54637	143190
d2owpa1	53931	54402	54427	159999
d2ox6a1	46456	47412	47413	109813
d2ox7a1	48724	159005	159006	159007
d2ox9a_	53931	56435	56436	191331
d2oxga_	48724	48725	81296	191341
d2oy9a1	46456	158503	158504	158505
d2oyoa1	46456	69117	69118	140970
d2oyra1	51349	53334	53335	159686
d2oyza1	48724	51181	51182	159296
d2oz4a1	48724	48725	48726	191470
d2ozaa_	53931	56111	56112	88854
d2ozbb1	46456	89123	89124	89125
d2ozga1	53931	55717	55718	160620
d2ozga2	53931	55728	55729	160644
d2ozja_	48724	51181	51182	191354
d2ozka1	51349	53334	53335	142625
d2ozla1	51349	52517	52518	88766
d2ozlb1	51349	52517	52518	88741
d2ozlb2	51349	52921	52922	52926
d2ozna1	48724	49379	49384	49390
d2ozza1	51349	53849	53850	53851
d2p02a1	53931	55972	55973	55974
d2p06a1	46456	101385	101386	140794
d2p0la1	53931	55680	55681	143642
d2p0ma1	46456	48483	48484	48489
d2p0ma2	48724	49722	49723	227174
d2p0sa1	51349	53849	53850	159818
d2p0ta1	46456	158709	158710	158711
d2p0wa_	53931	55728	55729	55730
d2p10a1	51349	51350	51621	159416
d2p12a1	48724	159233	159234	159235
d2p13a1	53931	56175	56176	160820
d2p19a1	53931	64287	64288	143473
d2p1aa1	46456	109853	109854	140603
d2p2ea1	48724	89359	89360	89361
d2p39a_	48724	50352	50353	191477
d2p3ha1	53931	56175	56176	160820
d2p3pa1	53931	160924	160925	160926
d2p3xa_	46456	48055	48056	48061
d2p3ya1	56572	160934	160935	160936
d2p45b_	48724	48725	48726	48727
d2p4oa1	48724	50938	63829	159252
d2p4pa1	53931	56175	56176	160820
d2p4wa_	46456	46688	46785	140286
d2p5ia1	53931	55680	55681	143642
d2p5zx1	48724	50198	69255	69256
d2p5zx2	48724	69278	69279	69280
d2p61a1	46456	47161	158397	158398
d2p62a1	56572	160944	160945	160946
d2p65a_	51349	52539	52540	81269
d2p6ra1	46456	46688	46785	101030
d2p6ra2	46456	158701	158702	158706
d2p6ra3	51349	52539	52540	81268
d2p6va1	46456	158552	158553	158554
d2p6za_	53931	54075	54076	191478
d2p74a_	56572	56600	56601	56602
d2p7ja1	53931	55769	103190	143732
d2p7ja2	53931	55769	103190	143732
d2p7oa_	53931	54592	54593	54598
d2p84a1	48724	159005	159006	159007
d2p8ta1	46456	46688	46785	158302
d2p8ta2	53931	55247	55261	160464
d2p90a1	51349	53162	159659	159660
d2p97a1	53931	56280	56281	160858
d2p9ba1	48724	51337	51338	159347
d2p9ba2	51349	51350	51556	159400
d2pa2a1	53931	54664	54686	54687
d2pa7a1	48724	51181	51182	51183
d2paga1	53931	160630	160631	160632
d2paja1	48724	51337	51338	82224
d2paja2	51349	51350	51556	82258
d2para_	46456	109603	109604	101340
d2pb9a1	51349	53638	53639	159768
d2pbdp_	53931	55769	55770	55771
d2pbea1	46456	81632	81631	158607
d2pbea2	53931	81302	81301	160257
d2pbfa_	51349	53334	53335	191451
d2pbib_	48724	50964	50978	191412
d2pbka_	48724	50788	50789	50790
d2pbla1	51349	53473	53474	53487
d2pbza2	53931	56058	56059	160804
d2pcja_	51349	52539	52540	191323
d2pcsa1	53931	55944	55961	160750
d2pd1a1	53931	54861	54909	110970
d2pd2a_	51349	75168	75169	191517
d2pf1a1	56992	57439	57440	57441
d2pf1a2	56992	57629	57630	57631
d2pf5a_	53931	56435	56436	56477
d2pfsa_	51349	52373	52402	191320
d2pg3a1	51349	52373	52402	52403
d2pg4a1	46456	46688	46785	109674
d2pgca1	53931	54861	54909	160306
d2pgda1	46456	48178	48179	48180
d2pgda2	51349	51734	51735	51868
d2pgfa_	51349	51350	51556	51557
d2pgga1	56572	56671	56672	56694
d2phcb1	48724	50890	50891	159249
d2phcb2	53931	55247	160467	160468
d2phda1	48724	51181	51182	159299
d2phna_	53931	144009	144010	144011
d2phpa1	51349	53638	53639	159768
d2pi0b_	46456	46688	46785	46877
d2piaa1	48724	50412	63380	63381
d2piaa2	51349	52342	52343	52359
d2piaa3	53931	54235	54292	54312
d2pida_	51349	52373	52374	191377
d2pifa1	53931	160919	160920	160921
d2piga_	48724	51160	51161	141583
d2piha1	46456	158621	158622	158623
d2pjqa1	46456	109603	109604	101340
d2pjsa1	53931	54592	54593	54598
d2pjua1	51349	53799	159800	159801
d2pk8a_	53931	111056	111057	111058
d2pkgc1	56992	161239	161240	161241
d2pkha1	53931	64287	64288	143473
d2pl1a_	51349	52171	52172	52173
d2plca_	51349	51350	51695	51699
d2plga1	53931	69634	69635	159885
d2plia1	53931	56175	56176	160820
d2plwa_	51349	53334	53335	191451
d2pmaa1	48724	50629	50630	159190
d2pmra1	46456	46996	158372	158373
d2pn2a1	53931	82783	82784	82785
d2pnra1	46456	47363	69012	69013
d2pnwa1	48724	50684	50685	159195
d2pofa1	53931	54196	54197	159882
d2pora_	56835	56924	56935	56936
d2pp4a1	46456	158552	158553	158554
d2pp6a1	48724	69278	69279	74966
d2pppa_	53931	54533	54534	54535
d2ppqa1	53931	56111	56112	64411
d2ppva_	51349	142337	142338	191480
d2ppxa1	46456	47412	47413	47432
d2pq6a1	51349	53755	53756	159785
d2pq7a1	46456	109603	109604	101340
d2pq8a_	53931	55728	55729	55730
d2pqca_	53931	55199	55205	55209
d2pqra_	46456	48370	48452	48453
d2pr9a1	48724	49379	49447	49448
d2prva1	53931	160630	160631	160632
d2ps1a_	51349	53270	53271	191528
d2psba1	51349	159773	159774	159775
d2psoa1	53931	55944	55961	55966
d2pspa1	56992	57491	57492	57493
d2pstx_	53931	55657	160582	160583
d2ptfa1	48724	50474	50475	159164
d2ptha_	51349	53162	53178	53179
d2pu3a_	53931	54059	54060	102726
d2pu9a_	56992	57661	57662	57663
d2pu9b_	48724	50036	50090	50098
d2pu9c_	51349	52832	52833	52834
d2pula_	53931	56111	56112	64411
d2puza1	48724	51337	51338	159347
d2puza2	51349	51350	51556	159400
d2pv4a1	46456	158674	158675	158676
d2pv7a1	46456	48178	48179	140780
d2pv7a2	51349	51734	51735	51868
d2pvba_	46456	47472	47473	47492
d2pw6a1	51349	53162	53213	53214
d2pw9a1	51349	53926	53927	159821
d2pwaa_	51349	52742	52743	52744
d2pwwa1	53931	55944	160755	160756
d2py5a1	51349	53066	53098	53118
d2py5a2	56572	56671	56672	56673
d2py6a1	51349	53334	53335	159691
d2pyba_	46456	47239	47240	47241
d2pyqa1	46456	158586	158587	158588
d2pyta1	48724	51181	51182	159304
d2pywa_	53931	56111	56112	191359
d2pyya_	51349	53849	53850	191309
d2pz0a_	51349	51350	51695	191539
d2q02a1	51349	51350	51658	75090
d2q03a1	48724	141492	159238	159239
d2q07a1	48724	88696	88697	88698
d2q07a2	51349	52140	52141	159464
d2q07a3	53931	54402	88802	160053
d2q09a1	48724	51337	51338	159347
d2q0ta1	46456	69117	69118	69119
d2q0zx1	46456	158701	158702	158703
d2q0zx2	48724	48725	81296	158893
d2q22a1	53931	160531	160532	160533
d2q2ia_	48724	50198	50249	191416
d2q37a1	46456	158693	158694	158695
d2q3ua_	53931	55908	55909	111155
d2q3za1	48724	48725	81296	81289
d2q3za2	48724	48725	49309	49310
d2q43a1	51349	53162	53187	53204
d2q43a2	53931	54861	55031	55032
d2q4gw_	51349	52046	52047	52048
d2q4xa_	46456	48612	48613	101458
d2q66a1	46456	81632	81631	81630
d2q66a2	53931	81302	81301	81589
d2q66a3	53931	54861	55003	55004
d2q78a1	53931	54636	54637	143187
d2q7ra1	56835	161083	161084	161085
d2q7sa1	51349	53162	53187	159652
d2q7wa_	51349	53382	53383	53384
d2q80a1	46456	48575	48576	48577
d2q8oa1	48724	49841	49842	49843
d2q8re_	53931	54116	54117	191483
d2q9oa1	48724	49502	49503	49550
d2q9oa2	48724	49502	49503	49550
d2q9oa3	48724	49502	49503	49550
d2qa0a_	48724	88632	88645	88646
d2qa9e_	48724	50493	50494	50495
d2qazd_	48724	101737	101738	191484
d2qcka_	48724	50474	50475	191365
d2qeda1	53931	56280	56281	56288
d2qfaa_	56992	57923	57924	57925
d2qfia1	53931	54805	160240	160241
d2qfia2	56835	161110	161111	161112
d2qfra1	48724	48725	49363	227279
d2qfra2	53931	56299	56300	56301
d2qgma1	51349	159500	159501	159508
d2qgsa1	46456	109603	109604	101340
d2qgva_	51349	52832	52833	142401
d2qhfa_	53931	103262	103263	191514
d2qi2a1	48724	50181	159065	159066
d2qi2a2	51349	53066	53137	53143
d2qi2a3	53931	55297	55315	55323
d2qi9a_	56835	81346	81345	75648
d2qi9c_	51349	52539	52540	52686
d2qifa_	53931	54861	55008	55009
d2qima_	53931	55944	55961	55962
d2qiya_	53931	54402	54427	54431
d2qjga_	51349	51350	51569	191319
d2qjla_	53931	54235	54285	191373
d2qkwa1	46456	46996	116854	116855
d2qlvb1	48724	48725	81296	158886
d2qlvb2	53931	160218	160219	160220
d2qm8a_	51349	52539	52540	52652
d2qmwa1	51349	53849	53850	53851
d2qmwa2	53931	54861	55021	55028
d2qo4a_	48724	50813	50814	50847
d2qora_	51349	52539	52540	191323
d2qp8a_	48724	50629	50630	50646
d2qpva1	53931	55944	55961	160742
d2qpza_	48724	50021	50022	191455
d2qq4a_	53931	82648	82649	191547
d2qqia1	48724	49784	49785	49791
d2qqma3	48724	49853	49854	49855
d2qqra1	48724	50036	63748	63749
d2qrda_	53931	55944	103243	160723
d2qrra1	53931	54861	55021	160322
d2qrwa_	46456	46457	46458	46459
d2qs8a1	48724	51337	51338	159340
d2qs8a2	51349	51350	51556	159408
d2qsba1	46456	47363	158436	158437
d2qswa1	53931	54861	55021	160322
d2qtpa1	53931	55297	160519	160520
d2qtva1	46456	47932	81811	81812
d2qtva2	48724	49379	81995	81996
d2qtva3	51349	53299	53300	82458
d2qtva4	53931	55752	82754	82755
d2qtva5	56992	57769	82919	82920
d2quyd_	53931	56234	56235	56248
d2qv7a1	56572	111330	111331	160984
d2qvja_	46456	140808	140809	140810
d2qw7a1	48724	50198	159133	159134
d2qwva1	51349	75216	75217	159518
d2qx3a_	48724	51125	51126	191490
d2qyha_	51349	56783	56784	191369
d2qzga1	46456	47363	158436	158437
d2r0ba_	51349	52798	52799	191381
d2r0ha_	48724	49898	49899	191363
d2r1jl_	46456	47412	47413	47419
d2r25a_	46456	47161	47226	47230
d2r25b_	51349	52171	52172	52173
d2r2na_	51349	53382	53383	191328
d2r2za1	53931	56175	56176	160820
d2r4ia1	53931	54402	54427	159988
d2r4qa1	51349	52787	52794	159584
d2r4ta_	51349	53755	53756	191559
d2r5fa1	51349	100949	100950	159545
d2r6gf1	56572	160963	160964	160965
d2r6gf2	56835	161097	161098	161099
d2r6ia1	53931	160908	160909	160910
d2r6ja_	51349	51734	51735	191313
d2r6sa_	48724	51181	51197	63855
d2r7da1	48724	50198	50249	50282
d2r7da2	48724	50198	50249	159112
d2r7ga1	46456	47953	47954	47969
d2r7ja1	53931	54196	75347	75348
d2r7ja2	53931	75573	75574	75575
d2r85a1	51349	52439	52440	159526
d2r85a2	53931	56058	56059	160804
d2r8ba1	51349	53473	53474	53547
d2r8oa1	51349	52517	52518	227300
d2r8oa2	51349	52517	52518	88760
d2r8oa3	51349	52921	52922	52923
d2r9ga1	46456	48018	48019	158600
d2ra4a_	53931	54116	54117	54118
d2ra5a1	53931	64287	64288	143473
d2rb4a_	51349	52539	52540	81268
d2rb6a1	48724	50181	50182	159052
d2rb8a_	48724	48725	49265	49266
d2rbka_	51349	56783	56784	82388
d2rc3a1	53931	54630	54631	54632
d2rcfa1	48724	50198	159133	159134
d2rdea1	48724	50474	141371	141372
d2rdea2	48724	50474	141371	141377
d2re9a_	48724	49841	49842	191519
d2rera1	53931	55944	55961	118101
d2reta1	53931	54522	54523	160135
d2retb1	53931	54522	54523	160127
d2rfba_	46456	48263	48264	191509
d2rfga_	51349	51350	51569	191319
d2rfra1	53931	54402	54427	160036
d2rfva_	51349	53382	53383	53402
d2rgqa1	53931	54402	54427	160024
d2rh2a_	48724	50036	50090	50091
d2rh3a1	46456	47597	47598	158482
d2rhca_	51349	51734	51735	51751
d2rhwa_	51349	53473	53474	53522
d2ri9a_	46456	48207	48225	48226
d2riha_	53931	54630	54631	54632
d2rk3a_	51349	52171	52317	52325
d2rk5a1	53931	56175	56176	160820
d2rl8a_	48724	50910	50911	50912
d2rlda1	46456	47363	158446	158447
d2rsla_	51349	53040	53041	53042
d2rspa_	48724	50629	50630	50631
d2saka_	53931	54235	54328	54329
d2sasa_	46456	47472	47473	47502
d2scpa_	46456	47472	47473	47502
d2shpa1	51349	52798	52799	52805
d2sici_	53931	55398	55399	55400
d2slia1	48724	49898	49899	49968
d2slia2	48724	50938	50939	50940
d2spca_	46456	46965	46966	46967
d2sqca1	46456	48207	48239	48243
d2tbva_	48724	88632	88633	88643
d2tgia_	56992	57500	57501	57507
d2tnfa_	48724	49841	49842	49843
d2tpta1	46456	47643	47648	47649
d2tpta3	53931	54664	54680	54681
d2trcp_	51349	52832	52833	52888
d2u2fa_	53931	54861	54928	54929
d2uubb1	51349	52171	52313	52314
d2uubc1	53931	54805	54814	54815
d2uubc2	53931	54820	54821	54822
d2uubd1	53931	55173	55174	55178
d2uubj1	53931	54861	54999	55000
d2uubk1	51349	53066	53137	53138
d2uubl1	48724	50198	50249	50282
d2uubm1	46456	81297	46946	46947
d2uubn1	56992	57715	57716	57752
d2uubp1	53931	54564	54565	54566
d2uubq1	48724	50198	50249	50282
d2uubr1	46456	46688	46911	46912
d2uubs1	53931	54569	54570	54571
d2uubt1	46456	46965	46992	46993
d2uuia1	56835	161083	161084	161085
d2uuyb1	56992	57361	57362	161132
d2uw1a_	46456	47239	47240	47253
d2uwaa_	48724	49898	49899	191363
d2ux0a1	53931	54402	54427	89851
d2ux6a_	48724	49502	49503	49504
d2uxqa_	51349	53658	53659	191423
d2uy2a_	51349	51350	51445	191314
d2uy6b1	48724	49379	49401	49405
d2uyoa_	51349	53334	53335	159694
d2uyza1	53931	54494	54495	54496
d2uz9a1	48724	51337	51338	82224
d2uzga1	56992	57849	57850	161204
d2v03a_	51349	53685	53686	53687
d2v09a_	48724	51181	51182	51187
d2v0fa1	53931	55276	160481	160482
d2v0na1	51349	52171	52172	52173
d2v0na3	53931	54861	55073	117984
d2v1ma_	51349	52832	52833	191312
d2v1ra_	48724	50036	50044	50045
d2v2ff_	56572	56600	56601	56602
d2v2ga_	51349	52832	52833	52901
d2v33a_	48724	48725	81296	81284
d2v3ga_	51349	51350	51445	51487
d2v3ia_	48724	49898	49899	49971
d2v3za1	51349	53066	53092	53093
d2v3za2	53931	55919	55920	55921
d2v5fa_	46456	48370	48452	48453
d2v76a_	48724	50728	50729	50755
d2v78a_	51349	53612	53613	53614
d2v7fa1	46456	46688	46785	158338
d2v8qa1	53931	55944	103243	160723
d2v8qb1	53931	160218	160219	160220
d2v8qe1	53931	54630	54631	54632
d2v8ta_	46456	47239	47240	100951
d2v94a1	53931	54188	54189	117786
d2v9la_	51349	53638	53639	53640
d2v9tb_	51349	52046	52058	191489
d2v9va1	46456	46688	46785	74683
d2vapa1	51349	52489	52490	52491
d2vapa2	53931	55297	55307	55308
d2vata1	51349	53473	53474	159756
d2vbaa1	51349	53900	53901	53902
d2vbaa2	51349	53900	53901	53902
d2vbua_	48724	50412	82114	159154
d2vc7a_	51349	51350	51556	191327
d2vcha_	51349	53755	53756	159785
d2vcna_	46456	48112	48113	48114
d2vdfa_	56835	56924	69917	75651
d2vdja_	51349	52171	52317	142077
d2vdra_	48724	50964	69318	69319
d2vdxa_	56572	56573	56574	191406
d2ve8a_	46456	46688	46785	140295
d2veaa2	53931	55769	55781	160664
d2veaa3	53931	55769	55785	160669
d2vfna_	48724	51125	51126	51150
d2vfxa_	53931	56018	56019	56020
d2vg0a_	51349	64004	64005	191361
d2vgha_	56992	57592	57593	57594
d2vgla_	46456	48370	48371	74771
d2vglm1	53931	55769	64356	75521
d2vgna1	48724	50181	159065	159066
d2vgna2	51349	53066	53137	53143
d2vgna3	53931	55297	55315	55323
d2vgoa_	53931	56111	56112	88854
d2vhja_	51349	52539	52540	52670
d2vhka_	48724	49869	49870	49871
d2vhla1	48724	51337	51338	82227
d2vhla2	51349	51350	51556	82261
d2vima_	51349	52832	52833	191312
d2vjva1	53931	54861	143422	143423
d2vk9a1	51349	53447	53448	159726
d2vkva1	46456	46688	46689	191447
d2vkva2	46456	48497	48498	48499
d2vl6a_	48724	50198	50249	89332
d2vm1a_	51349	52832	52833	52834
d2vmha_	48724	49784	49785	158966
d2vn6a_	48724	49379	49384	49390
d2vn6b_	46456	63445	63446	191542
d2vnga1	48724	49784	49785	158966
d2vnud1	48724	50198	50249	50282
d2vnud2	48724	50198	50249	50282
d2vnud3	48724	50198	50249	50282
d2vnud4	48724	50198	50249	159112
d2vo8a1	48724	49379	49384	49390
d2vo9a1	53931	55165	55166	160436
d2voaa_	53931	56218	56219	191468
d2voua1	51349	51904	51905	51913
d2voua2	53931	54372	54373	54378
d2vpaa_	48724	50474	50475	50476
d2vpja_	48724	50938	117281	191536
d2vqca1	46456	46688	46785	158320
d2vqei1	53931	54210	54211	54212
d2vrda1	56992	57666	57667	111436
d2vria_	51349	52948	52949	191326
d2vrna_	51349	52171	52317	191336
d2vsha_	51349	53447	53448	191551
d2vt1.1	53931	160543	160544	160545
d2vv5a1	48724	50181	50182	82090
d2vv5a2	53931	54861	82689	82690
d2vv5a3	56835	82860	82861	82862
d2vvpa_	51349	89622	89623	89624
d2vwsa_	51349	51350	51621	191427
d2vxna_	51349	51350	51351	51352
d2vxti_	48724	50352	50353	50362
d2vxxa_	46456	47239	47240	191307
d2vy4a1	56992	57666	57667	161158
d2vyxa_	53931	88797	89807	89808
d2vz0a_	51349	51734	51735	51751
d2vzsa1	48724	48725	49303	49304
d2vzsa4	48724	49784	49785	49803
d2vzsa5	51349	51350	51445	51487
d2w0ba_	46456	48263	48264	48265
d2w0ia_	53931	55752	55753	191561
d2w0pa_	48724	48725	81296	81290
d2w15a_	53931	55485	55486	55519
d2w21a_	51349	53632	53633	191466
d2w3wa_	51349	53596	53597	53598
d2w43a_	51349	56783	56784	191369
d2w6ka1	51349	159663	159664	159665
d2w72b_	46456	46457	46458	46463
d2w9ha_	51349	53596	53597	191485
d2wapa_	51349	75303	75304	75305
d2wcia_	51349	52832	52833	191312
d2wcja_	46456	47472	47565	191595
d2wdqc_	56835	81344	81343	81373
d2wdta_	53931	54000	54001	191342
d2we5a_	51349	53632	53633	53634
d2wf7a_	51349	56783	56784	75173
d2wfha_	51349	52046	52058	191489
d2wfia_	48724	50890	50891	50892
d2wjnc_	46456	48694	48695	48707
d2wjnl_	56835	81484	81483	81482
d2wjnm_	56835	81484	81483	81482
d2wkka_	48724	49898	49899	49932
d2wkxa1	46456	47089	47090	47091
d2wkxa2	53931	55845	55846	55847
d2wlva_	46456	47942	47943	47944
d2wmya_	51349	52787	52788	191415
d2wnpf_	53931	56495	56496	191465
d2wnvb_	48724	49841	49842	49843
d2wnya_	53931	55281	55282	191541
d2wp4a_	53931	54664	54690	191646
d2wpnb_	56572	56761	56762	56763
d2wqfa_	53931	55468	55469	191446
d2wqka_	51349	64166	64167	191430
d2wqla_	53931	55944	55961	55962
d2wqta_	53931	56528	56529	56530
d2wraa_	48724	82025	82026	191398
d2wtga_	46456	46457	46458	191420
d2wuha_	48724	49784	49785	191481
d2wura_	53931	54510	54511	54512
d2wy4a_	46456	46457	46458	191420
d2wy8a_	46456	48207	48239	48251
d2wyqa_	53931	54235	54236	54237
d2wyta_	48724	48725	49329	49330
d2wzba_	51349	53747	53748	53749
d2wzma_	51349	51350	51430	191491
d2x06a_	51349	89732	89733	89734
d2x0ia2	53931	56326	56327	56328
d2x1wa_	56992	57500	57501	191392
d2x4da_	51349	56783	56784	191369
d2x61a_	51349	102413	102414	102415
d2x7cb_	51349	52539	52540	52641
d2x7ka_	48724	50890	50891	50892
d2x97a_	53931	55485	55486	55505
d2x9aa_	48724	50175	50176	191652
d2xbla_	51349	53696	53697	191405
d2xbta_	48724	49379	49384	191610
d2xcea_	48724	51268	51283	191644
d2xcmc_	48724	49763	49764	191643
d2xcza_	53931	55330	55331	191533
d2xfaa_	53931	55752	55753	191561
d2xi8a_	46456	47412	47413	47432
d2xiga_	46456	46688	46785	191329
d2xkia_	46456	46457	46458	74660
d2xmja_	53931	54861	55008	55009
d2xmwa_	53931	54861	55008	191590
d2xova_	56835	144090	144091	144092
d2xq1a_	56572	56633	56634	56635
d2xsta_	48724	50813	50814	191454
d2xvya_	51349	53799	53800	191654
d2xw9a_	48724	50493	50494	50514
d2xwpa_	51349	53799	53800	53804
d2xwtc_	51349	52046	52058	191489
d2xy4a_	51349	53799	53807	191548
d2xz4a_	53931	55845	55846	191348
d2y0ta_	46456	158471	158472	158473
d2y28a_	53931	55845	55846	55847
d2y3qa_	46456	47239	47240	47241
d2y43a_	56992	57849	57850	191345
d2y5fl_	56992	57015	57196	57197
d2y71a_	51349	52171	52304	52305
d2y88a_	51349	51350	51366	51367
d2y8ga_	48724	50728	50729	50764
d2yaya_	46456	101385	101386	191410
d2yb6a_	53931	54494	54495	54496
d2yc2a_	48724	49784	49785	191481
d2ykza_	46456	47161	47175	47179
d2ylba_	48724	50181	50182	74939
d2yqca_	51349	53447	53448	191551
d2yr1a_	51349	51350	51569	191319
d2yrba1	48724	49561	49562	49563
d2yrka1	56992	57666	57667	111436
d2yvaa_	51349	53696	53697	69599
d2yvla_	51349	53334	53335	191451
d2yvta1	53931	56299	56300	103320
d2yvxa1	46456	48370	158791	158792
d2yvxa3	56835	161092	161093	161094
d2yw6a_	46456	47239	47240	47241
d2ywqa1	53931	69753	69754	69755
d2ywxa_	51349	52171	52255	191522
d2yx6a_	51349	53066	53146	191524
d2yxda_	51349	53334	53335	191451
d2yxna_	51349	52373	52374	52375
d2yyba_	51349	102704	102705	191472
d2yyea1	53931	55297	55326	55327
d2yyea2	53931	56041	56042	56043
d2yyua_	51349	51350	51366	51375
d2yzca1	53931	55619	55620	55633
d2yzia1	53931	54630	54631	54632
d2yzqa1	53931	54630	54631	54632
d2z0da1	53931	54000	54001	159858
d2z0ta_	48724	88696	88697	117351
d2z0xa_	53931	55825	55826	191417
d2z10a_	53931	55728	55729	191308
d2z1aa1	53931	55815	55816	55817
d2z1aa2	53931	56299	56300	56307
d2z1ca1	48724	50198	159127	159128
d2z1ea1	53931	55297	55326	55327
d2z1ea2	53931	56041	56042	56043
d2z1na_	51349	51734	51735	191313
d2z26a_	51349	51350	51556	63917
d2z37a_	53931	53954	53955	53956
d2z3ga_	51349	53926	53927	53928
d2z3qa1	46456	47265	47266	47286
d2z3qb1	56992	57534	57535	57536
d2z3va_	51349	52373	52402	52436
d2z4ua_	53931	56370	56371	56372
d2z5ka_	46456	48370	48371	48372
d2z61a_	51349	53382	53383	191328
d2z67a1	51349	53382	53383	159704
d2z6oa_	53931	54494	54495	143072
d2z6ra_	51349	53789	53790	53791
d2z8la1	48724	50198	50203	50219
d2z8la2	53931	54235	54334	54335
d2z90a_	46456	47239	47240	191307
d2z9ia1	48724	50155	50156	74933
d2z9ia2	48724	50493	50494	50495
d2za4b_	51349	52037	52038	52039
d2zc0a_	51349	53382	53383	191328
d2zcta_	51349	52832	52833	52901
d2zcwa1	46456	46688	46785	46796
d2zcwa2	48724	51181	51206	51210
d2zfga_	56835	56924	56935	56936
d2zfia_	51349	52539	52540	52641
d2zfya_	53931	54000	54001	191342
d2zgya1	51349	53066	53067	53068
d2zhja_	46456	47873	47874	47875
d2zhna_	48724	49898	49899	191363
d2zjda_	53931	54235	54236	54253
d2zjr41	56992	57839	57840	57841
d2zjrs1	48724	50714	50715	50716
d2zjru1	53931	143799	143800	143801
d2zkmx1	46456	47472	47473	47547
d2zkmx2	48724	49561	49562	49563
d2zkmx3	48724	50728	50729	50730
d2zkmx4	51349	51350	51695	51696
d2zkoa_	46456	47059	47060	47061
d2zong_	46456	46625	46626	191374
d2zoya1	46456	46688	46689	46764
d2zoya2	46456	48497	48498	48499
d2zptx_	51349	52539	52540	52575
d2zpua_	51349	53685	53686	53687
d2zqoa1	48724	50352	50370	50371
d2zr1a_	53931	56370	56371	56372
d2zs0a_	46456	46457	46458	191420
d2zs0b_	46456	46457	46458	191420
d2zs0c_	46456	46457	46458	191420
d2zs0d_	46456	46457	46458	191420
d2zsja_	51349	53685	53686	191338
d2zw2a_	53931	109622	82697	191523
d2zwia_	51349	53755	53756	191559
d2zwua_	46456	48263	48264	48265
d2zxxc_	46456	46688	46785	109686
d2zxya_	46456	46625	46626	191374
d3a02a_	46456	46688	46689	46690
d3a04a_	51349	52373	52374	191377
d3a0ua_	51349	52171	52172	191324
d3a38a_	56992	57651	57652	57653
d3a40x_	46456	48507	48508	48509
d3a5fa_	51349	51350	51569	51570
d3a6ra_	48724	50474	50475	50476
d3a6sa_	53931	55810	55811	55812
d3a77a_	48724	49878	49879	101630
d3a7sa_	53931	54000	54001	191342
d3a8ga_	53931	56208	56209	56210
d3a8gb_	48724	50036	50090	50101
d3a9ja_	53931	54235	54236	54237
d3aa0a_	56572	90095	90096	90097
d3aaab_	56572	90095	90096	90100
d3aaac_	53931	74651	48403	48404
d3aala_	51349	51350	51658	51659
d3abfa_	53931	55330	55331	191533
d3afma_	51349	51734	51735	191313
d3afva_	53931	54861	54909	143265
d3ag3a_	56835	81443	81442	81441
d3ag3c_	56835	81453	81452	81451
d3ag3d_	56835	81407	81406	81405
d3ag3e_	46456	48370	48479	48480
d3ag3f_	56992	57769	57802	57818
d3ag3g_	56835	81407	81411	81410
d3ag3h_	46456	47693	47694	47695
d3ag3i_	56835	81407	81415	81414
d3ag3j_	56835	81407	81419	81418
d3ag3k_	56835	81407	81423	81422
d3ag3l_	56835	81407	81427	81426
d3ag3m_	56835	81407	81431	81430
d3agna_	53931	53932	53933	81311
d3ai2a_	51349	51734	51735	191313
d3ak8i_	46456	47239	47240	47241
d3aksa_	48724	49898	49899	49978
d3akya1	51349	52539	52540	52541
d3alud_	53931	56435	56436	191331
d3amra_	48724	50938	50956	50957
d3ap9a_	48724	49898	49899	191363
d3atya_	51349	51350	51395	191310
d3awda_	51349	51734	51735	191313
d3awma_	46456	48263	48264	191509
d3b0fa_	46456	46928	46934	46935
d3b2ua1	51349	52046	52058	52071
d3b2ua2	56992	57015	57184	232406
d3b48a1	51349	53061	53062	159618
d3b4ua_	51349	51350	51569	191319
d3b57a1	46456	109603	109604	101340
d3b5ea1	51349	53473	53474	53547
d3b5ha1	48724	48725	48726	49159
d3b60a2	56835	90122	90123	90124
d3b6ia_	51349	52171	52218	191330
d3b6na_	53931	55297	69765	191525
d3b77a1	48724	50728	50729	159216
d3b7ca1	53931	54402	54427	159991
d3b7ea_	48724	50938	50939	191452
d3b7la_	46456	48575	48576	48577
d3b7sa1	46456	48370	48371	63608
d3b7sa2	48724	63736	63737	63738
d3b7sa3	53931	55485	55486	64338
d3b8la1	53931	54402	54427	160036
d3b8ma1	53931	54861	160355	160356
d3b8oa1	53931	54861	160355	160356
d3b8pa1	53931	54861	160355	160356
d3b9ca_	48724	49898	49899	191363
d3bb6a1	48724	51181	51197	159307
d3bb9a1	53931	54402	54427	159991
d3bbba_	53931	54861	54919	54920
d3bbda1	51349	75216	75217	159513
d3bc8a1	51349	53382	53383	159704
d3bdua1	48724	50181	50182	159052
d3bdwa_	53931	56435	56436	56437
d3be7a1	48724	51337	51338	159340
d3beca1	48724	69188	69189	69190
d3beca2	56572	56600	56601	56602
d3beda1	51349	53061	53062	53063
d3begb_	53931	54861	54928	54929
d3beua_	48724	50493	50494	50495
d3bexa1	51349	53066	53067	142484
d3bfpa_	48724	51160	51161	159280
d3bgea1	46456	48018	48019	158600
d3bhpa_	46456	46556	158221	158222
d3bi1a1	46456	47667	47672	47673
d3bi1a2	51349	52008	52025	52026
d3bi1a3	51349	53162	53187	53210
d3bida1	53931	160112	160113	160114
d3biga_	56572	56654	56655	90087
d3bjka_	53931	54636	54637	54638
d3bjva_	53931	55803	55804	191530
d3bkra_	53931	55717	55718	191568
d3bl2a_	56835	56836	56854	56855
d3blda_	51349	51350	51713	51714
d3blha1	53931	56111	56112	88854
d3blxa_	51349	53658	53659	191423
d3blza1	53931	54402	54427	159985
d3bmva1	48724	48725	81296	81282
d3bmva2	48724	49451	49452	49453
d3bmva3	48724	51010	51011	51012
d3bmva4	51349	51350	51445	51446
d3bn0a1	53931	54564	54565	54566
d3bn1a_	51349	53382	53383	191328
d3bn6a_	48724	49784	49785	191481
d3bnea1	46456	48483	48484	48485
d3bnea2	48724	49722	49723	49724
d3bnja_	46456	48694	48695	48711
d3bnya_	46456	48575	48576	48586
d3boea_	51349	159778	159779	159780
d3bofa1	51349	51350	51717	51723
d3bofa2	51349	51350	82282	82283
d3boma_	46456	46457	46458	46463
d3bora_	51349	52539	52540	81268
d3bp3a_	53931	55603	55604	55605
d3bpza_	48724	51181	51206	51210
d3bqpa_	46456	47861	47862	191532
d3br8a_	53931	54861	54975	191394
d3brda1	48724	48725	81296	81279
d3brda2	48724	49379	49417	110080
d3brda3	48724	50352	110217	110218
d3brja1	46456	158667	158668	158669
d3broa1	46456	46688	46785	63379
d3bs5b_	46456	47768	47769	191306
d3bsoa_	56572	56671	56672	56694
d3bt6a_	48724	49817	49818	49823
d3btaa2	48724	50352	50386	50399
d3bu3a_	53931	56111	56112	88854
d3bu7a1	48724	51181	51182	159299
d3bula1	46456	47643	47644	47645
d3bula2	51349	52171	52242	52243
d3buxb1	46456	47472	47473	47547
d3buxb2	46456	47667	47668	47669
d3buxb3	53931	55549	55550	55551
d3bvua1	46456	46996	88688	88693
d3bvua2	48724	49993	74650	88656
d3bvua3	51349	51988	88713	88714
d3bwga1	46456	46688	46785	46804
d3bwga2	53931	64287	64288	143473
d3bwha_	53931	56370	56371	56372
d3bwuc1	48724	48725	49354	49355
d3bwuc2	48724	49561	49584	49585
d3bwud_	48724	141728	141729	141730
d3bwza_	48724	49379	49384	49390
d3bx1c_	48724	50352	50386	50387
d3by5a1	51349	159663	159664	159665
d3by8a_	53931	55769	103190	103191
d3bypa1	53931	54805	160240	160241
d3byqa1	53931	55297	160519	160520
d3bz6a1	46456	46688	46785	158311
d3bz7a1	48724	50036	50084	50085
d3bzka1	46456	47768	47781	158531
d3bzka3	46456	158831	158832	158833
d3bzka4	48724	50198	50249	50282
d3bzka5	51349	53066	53098	159635
d3bzna_	53931	56321	56322	56323
d3bzwa1	51349	52171	52266	159485
d3bzy.1	53931	160543	160544	160545
d3c02a_	56835	81339	81338	191436
d3c07a1	46456	46688	46689	46764
d3c07a2	46456	48497	48498	48499
d3c0da1	48724	50021	50022	158991
d3c0na1	53931	56435	56436	56467
d3c0na2	56835	56972	56973	56974
d3c1la_	46456	69117	69118	140970
d3c2wa2	53931	55769	55781	160664
d3c2wa3	53931	55769	55785	160669
d3c3ya_	51349	53334	53335	53336
d3c6ba_	51349	53473	53474	117714
d3c70a_	51349	53473	53474	53585
d3c7ma_	51349	52832	52833	191312
d3c8da1	48724	48725	81296	141030
d3c8da2	51349	53473	53474	53487
d3c8ga1	46456	158667	158668	158669
d3c8wa1	53931	160103	160104	160105
d3c8ya1	51349	53919	53920	53921
d3c8ya2	53931	54235	54292	54312
d3c8ya3	53931	54861	54862	54884
d3c96a1	51349	51904	51905	51913
d3c96a2	53931	54372	54373	54378
d3c98a_	56572	56814	56815	56816
d3c9fa1	53931	55815	55816	55817
d3c9fa2	53931	56299	56300	56307
d3c9ga_	53931	55281	55282	191541
d3c9ua1	53931	55297	55326	55327
d3c9ua2	53931	56041	56042	56043
d3caoa_	46456	48694	48695	48696
d3cb0a_	48724	50474	50475	191365
d3ccda_	53931	55593	55594	55595
d3cdda1	48724	69278	69279	69280
d3cdda2	48724	69278	69279	69280
d3ceda1	53931	54861	55021	160322
d3cg4a_	51349	52171	52172	191324
d3cgha1	46456	48370	48452	158775
d3chbd_	48724	50198	50203	50204
d3ci0i1	53931	54522	54523	160135
d3ci0j1	53931	54522	54523	160127
d3ci0k1	46456	47768	158544	158545
d3ci0k3	53931	54522	54523	160132
d3cina1	51349	51734	51735	51800
d3cina2	53931	55346	55347	55368
d3cjib_	48724	88632	88633	191569
d3cjrb1	46456	46688	46906	46907
d3cjsb1	53931	54746	54747	54748
d3ck2a1	53931	56299	56300	111233
d3ckca_	46456	48370	48452	158775
d3ckma1	51349	53821	53822	53823
d3claa_	51349	52776	52777	52778
d3clsc_	51349	52373	52402	52432
d3clsd1	51349	52373	52402	52432
d3clsd2	51349	52466	52467	52471
d3cmba1	53931	160103	160104	160105
d3cmna1	53931	55485	55486	160552
d3cnla_	51349	52539	52540	191323
d3cnva1	53931	64287	64288	143473
d3cnxa1	53931	54402	54427	159996
d3coqa1	56992	57700	57701	57702
d3cpta_	53931	55769	103196	103197
d3cptb_	53931	55769	103196	103197
d3cq1a_	53931	54805	117916	117922
d3cr3a1	46456	101472	101473	101474
d3crda_	46456	47985	47986	81313
d3cs0a1	48724	50155	50156	74933
d3cs0a3	48724	50493	50494	50495
d3ct6a1	51349	53061	53062	159618
d3ctaa1	46456	46688	46785	63379
d3ctaa2	48724	50412	82114	159154
d3ctda1	46456	48018	48019	158600
d3ctka1	53931	56370	56371	56372
d3ctla_	51349	51350	51366	191350
d3cu3a1	53931	54402	54427	160036
d3cu4a_	46456	46625	46626	191374
d3cu9a_	48724	50933	75005	75006
d3cvba_	48724	49502	49503	49504
d3cw9a_	56572	56800	56801	56802
d3cx2a_	48724	48725	48726	49159
d3cx3a_	51349	53799	53807	191548
d3cx5a1	53931	63410	63411	63412
d3cx5b1	53931	63410	63411	63412
d3cx5e2	56835	81407	81502	81501
d3cx5g_	56835	81525	81524	81523
d3cx5h_	56835	81407	81508	81507
d3cx5i_	56835	81407	81514	81513
d3cx8b_	46456	48096	48097	48098
d3cz1a_	46456	47472	47565	47566
d3czha1	46456	48263	48264	48265
d3czza_	48724	51321	51322	51323
d3d02a_	51349	53821	53822	191439
d3d03a_	53931	56299	56300	160875
d3d04a_	53931	54636	54637	110902
d3d06a_	48724	49379	49417	81314
d3d0ga_	53931	55485	55486	55505
d3d10a_	46456	47472	47473	47478
d3d19a1	46456	47363	158430	158431
d3d2la_	51349	53334	53335	191451
d3d31a1	48724	50198	50331	50338
d3d31c1	56835	161097	161098	161099
d3d36c_	46456	46556	100985	100986
d3d37a1	48724	69278	69279	69280
d3d37a2	48724	69278	69279	69280
d3d3ba_	46456	48012	48013	48014
d3d3ra1	48724	50198	159127	159128
d3d7aa_	53931	55281	55282	191541
d3d85d1	48724	48725	48726	49159
d3d85d2	48724	48725	49265	49266
d3d9ra1	53931	54402	54427	160033
d3d9ta1	56992	57923	57924	57925
d3d9ya_	53931	55769	55770	191571
d3daqa_	51349	51350	51569	191319
d3daua_	51349	53596	53597	53598
d3dbya1	46456	47363	158430	158431
d3dc7a1	51349	52171	52266	159485
d3dcxa1	48724	50728	50729	159216
d3ddja1	53931	54630	54631	54632
d3ddoa_	51349	53162	53167	53168
d3ddva1	53931	64287	64288	143473
d3deoa1	48724	50036	54160	54165
d3deua1	46456	46688	46785	63379
d3dfea_	53931	54861	54913	191474
d3dfra_	51349	53596	53597	53598
d3dgpb_	53931	142896	142897	191554
d3dhoa_	48724	51160	51161	51168
d3dhwc1	51349	52539	52540	52686
d3djha_	53931	55330	55331	55339
d3dkra_	51349	53473	53474	191404
d3dkud_	53931	55810	55811	191580
d3dl3a1	48724	51181	51197	159307
d3dlqi_	46456	47265	47266	47305
d3dm8a1	53931	54402	54427	160007
d3dmca1	53931	54402	54427	102813
d3dnja_	53931	54735	54736	82641
d3dnpa_	51349	56783	56784	191369
d3doda_	51349	53382	53383	191328
d3dplr_	56992	57849	57850	57851
d3dqya_	48724	50021	50022	191455
d3drna_	51349	52832	52833	191312
d3dsda_	53931	56299	56300	64427
d3dssb_	46456	48207	48239	48246
d3dtca_	53931	56111	56112	191359
d3dtub2	56835	81334	81464	81463
d3dwba_	53931	55485	55486	191495
d3dxea_	48724	50728	50729	191311
d3dxoa1	53931	54402	54427	160004
d3dxsx_	53931	54861	55008	191590
d3dzza_	51349	53382	53383	191328
d3e05a_	51349	53334	53335	191451
d3e0ia_	51349	51350	51569	51599
d3e11a1	53931	55485	55486	160555
d3e13x_	51349	53849	53850	53851
d3e29a_	53931	54636	54637	191325
d3e46a1	46456	46928	46934	46935
d3e4ha_	56992	57015	57038	57039
d3e5ua1	46456	46688	46785	46796
d3e5ua2	48724	51181	51206	51210
d3e6sa_	46456	47239	47240	47241
d3e7aa_	53931	56299	56300	56310
d3e7da_	51349	52171	63965	63966
d3e96a_	51349	51350	51569	191319
d3e99a1	53931	54402	54427	54438
d3e9nd_	51349	51734	51735	191313
d3e9va1	53931	160695	160696	160697
d3ea1a_	51349	51350	51695	51699
d3eaaa_	48724	141451	141452	191591
d3eaua_	51349	51350	51430	51431
d3eb2a_	51349	51350	51569	191319
d3ebta1	53931	54402	54427	102810
d3ebya1	53931	54402	54427	54438
d3ec6a_	48724	50474	50475	191365
d3ec9a1	53931	54402	54427	102813
d3ecfa1	53931	54402	54427	160012
d3echa_	46456	46688	46785	63379
d3ecma_	46456	109603	109604	191566
d3ecoa_	46456	46688	46785	191329
d3edha_	53931	55485	55486	191495
d3eeqa1	51349	159663	159664	159665
d3eeqa2	51349	159671	159672	159673
d3eera_	53931	82783	82784	191395
d3eevc_	48724	51160	51161	51168
d3ef4a_	48724	49502	49503	191502
d3ef8a1	53931	54402	54427	160036
d3efba1	51349	100949	100950	159545
d3efza1	46456	48370	48445	48446
d3eipa_	53931	54533	54552	54553
d3ej9a_	53931	55330	55331	55332
d3ej9b_	53931	55330	55331	55332
d3ejbb_	46456	48263	48264	191509
d3ejna1	46456	48370	48452	158775
d3ejva1	53931	54402	54427	160036
d3elia1	53931	55944	55961	111168
d3elna_	48724	51181	51182	141615
d3emca_	51349	51350	51445	51487
d3emha_	48724	50964	50978	191412
d3en8a1	53931	54402	54427	160007
d3eoja_	48724	51080	51081	51082
d3epua_	53931	69634	69635	191351
d3epwa_	51349	53589	53590	53591
d3er7a1	53931	54402	54427	160021
d3er9b_	56572	160956	160957	160958
d3erwa_	51349	52832	52833	191312
d3es6b1	48724	48725	81296	158896
d3etja1	48724	51229	51246	51247
d3etja2	51349	52439	52440	52441
d3etja3	53931	56058	56059	56067
d3euca_	51349	53382	53383	191328
d3evfa_	51349	53334	53335	191451
d3eyea_	51349	52727	52728	191563
d3eyka_	48724	49817	49818	49823
d3ezla_	51349	51734	51735	191313
d3ezwa1	51349	53066	53067	53089
d3f08a_	53931	55944	55961	160742
d3f1la_	51349	51734	51735	191313
d3f1pb_	53931	55769	55785	191387
d3f31a_	46456	46965	46966	191601
d3f4wa_	51349	51350	51366	191350
d3f5oa_	53931	54636	54637	89902
d3f6ya_	51349	52171	52309	56630
d3f81a_	51349	52798	52799	52800
d3f8ba_	46456	46688	46785	191329
d3fapb_	46456	47161	47212	47213
d3fava_	46456	47239	140453	140454
d3favb_	46456	47239	140453	140454
d3fbka_	48724	49561	49562	191388
d3fcxa_	51349	53473	53474	191404
d3fdja_	51349	82548	82549	191443
d3fdra_	48724	50036	63748	63749
d3fe4a_	48724	51068	51069	191576
d3feaa_	46456	47591	47592	191556
d3ff7c_	53931	56435	56436	191331
d3fhva_	53931	54522	54523	54524
d3fila_	53931	54235	54358	54359
d3fiqa_	48724	50813	50814	191454
d3flga_	48724	50036	63748	69250
d3fnca_	53931	55728	55729	191308
d3frua1	48724	48725	48726	48942
d3frua2	53931	54451	54452	54453
d3fsaa_	48724	49502	49503	49504
d3fsda_	53931	54402	54427	191337
d3fsia_	56572	56671	56672	56686
d3ftba_	51349	53382	53383	191328
d3fuca_	51349	53162	53167	53168
d3fvsa_	51349	53382	53383	53384
d3fw3a_	48724	51068	51069	51070
d3fwba_	46456	47472	47473	47502
d3fz9a_	51349	52832	52833	191312
d3fzqa_	51349	56783	56784	191369
d3g0ma_	53931	82648	82649	82650
d3g2sa_	46456	48370	48464	48468
d3g46a_	46456	46457	46458	46463
d3gada_	53931	55330	55331	55339
d3gaxa_	53931	54402	54403	54407
d3gdfa_	51349	51734	51735	191313
d3gdla_	51349	51350	51366	51375
d3ge3a_	46456	47239	47240	47253
d3ge3c_	53931	54235	110814	191572
d3ge3e_	53931	56028	56029	56030
d3ge6a_	53931	55468	55469	191446
d3gfsa_	51349	52171	52218	89590
d3giua_	51349	53162	53182	191433
d3gixa_	51349	52832	52833	191312
d3gj3b_	56992	57769	90209	90210
d3gkxa_	51349	52832	52833	191312
d3gl9a_	51349	52171	52172	191324
d3gmxa_	53931	55647	55648	191579
d3govb_	48724	50493	50494	191364
d3grda_	53931	54402	54427	191337
d3grsa1	51349	51904	51905	51943
d3grsa2	51349	51904	51905	51943
d3grsa3	53931	55423	55424	55425
d3gu3a_	51349	53334	53335	142629
d3gv3a_	53931	54116	54117	54118
d3gvoa_	46456	48370	48371	63611
d3gzyb_	53931	54402	54427	54438
d3h0na_	53931	160903	160904	160905
d3h0oa_	48724	49898	49899	49925
d3h31a_	56992	57651	57652	57653
d3h4na_	46456	48694	48695	48696
d3h63a_	53931	56299	56300	56310
d3h79a_	51349	52832	52833	191312
d3h7ma_	51349	53849	53850	191309
d3h7oa_	48724	50493	50494	191364
d3h8ka_	53931	54494	54495	54496
d3hcga_	48724	51315	51316	75041
d3hcna_	51349	53799	53800	53801
d3hdva_	51349	52171	52172	191324
d3heia_	48724	49784	49785	191481
d3hgma_	51349	52373	52402	191320
d3hgpa_	48724	50493	50494	50514
d3hh8a_	51349	53799	53807	53811
d3hhha_	46456	46688	46785	191329
d3hhtb_	48724	50036	50090	50101
d3hida_	51349	52539	52540	52652
d3hkwa_	56572	56671	56672	56694
d3hl8a_	51349	53066	53098	53118
d3hmsa_	56992	57413	57414	57415
d3hnym_	48724	49784	49785	49791
d3hoaa_	53931	55485	55486	191495
d3hp4a_	51349	52171	52266	191588
d3hpea_	48724	50875	101874	191627
d3hpwa_	48724	50036	50118	50119
d3hqaa_	46456	47685	47686	47687
d3hqxa_	48724	51181	51182	191354
d3htna_	53931	117855	117856	191426
d3hupa_	53931	56435	56436	56437
d3hvma_	53931	55908	55909	111155
d3hvva_	51349	52832	52833	52901
d3hyga_	53931	55485	55486	191495
d3hzba_	48724	49694	49695	191607
d3i06a_	53931	54000	54001	54002
d3i11a_	53931	56280	56281	56282
d3i35a_	48724	50036	50044	50045
d3i3qa_	48724	51181	51197	141628
d3i4fa_	51349	51734	51735	191313
d3i4oa_	48724	50198	50249	50282
d3i4wa_	48724	50155	50156	50157
d3i5ra_	48724	50036	50044	50045
d3i6va_	51349	53849	53850	191309
d3i76a_	51349	56783	56784	191369
d3i9la_	51349	52171	52309	56630
d3ia8a_	48724	50813	50814	191454
d3iaca_	51349	51350	51556	191327
d3ieka_	53931	56280	56281	143927
d3igra_	53931	55728	55729	191308
d3iira_	48724	50352	50386	191368
d3ilwa_	56572	56718	56719	191600
d3im3a_	46456	47390	47391	47392
d3imab_	53931	54402	54403	191407
d3imia_	53931	54196	54197	54198
d3iofa_	53931	56280	56281	56282
d3ip0a_	53931	54861	55083	55084
d3ip4c_	46456	48661	141000	141001
d3ipra_	51349	53061	53062	191356
d3iq0a_	51349	53612	53613	191321
d3iqca_	46456	47161	101116	191633
d3irba_	48724	50198	50249	159109
d3irua_	51349	56783	56784	191369
d3isga_	56572	56600	56601	56602
d3ivza_	53931	56316	56317	64433
d3iwla_	53931	54861	55008	55009
d3iwta_	51349	53217	53218	191349
d3jqka_	53931	54861	55040	191458
d3jqwa_	48724	49784	49785	191481
d3jtdc_	46456	47472	47473	47502
d3jtga_	46456	46688	46785	46859
d3jv1a_	53931	54528	54529	191628
d3jw4a_	46456	46688	46785	191329
d3jxga_	48724	51068	51069	191576
d3jxsa_	48724	49784	49785	74893
d3k1ea_	46456	47472	47565	191595
d3k2aa_	46456	46688	46689	46690
d3k34a_	48724	51068	51069	51070
d3k40a_	51349	53382	53383	69565
d3k4ga_	46456	47768	47789	47790
d3k67a_	53931	54636	54637	82636
d3k69a_	46456	46688	46785	191329
d3k6ca_	46456	47239	47240	140450
d3k6ra_	51349	53334	53335	142622
d3k77a_	48724	49784	49785	49814
d3k7pa_	51349	89622	89623	191649
d3k7ya_	51349	53382	53383	191328
d3kana_	53931	55330	55331	55339
d3kcgi_	56572	56573	56574	56575
d3kdfa_	48724	50198	50249	50263
d3kdfb_	48724	50198	50249	50263
d3kffa_	48724	50813	50814	50815
d3khta_	51349	52171	52172	191324
d3kjta_	51349	53849	53850	53851
d3klra_	48724	51229	51230	191593
d3kmaa_	48724	51268	82199	82207
d3ko8a_	51349	51734	51735	191313
d3kpba_	53931	54630	54631	191603
d3kqra_	48724	49898	49899	49951
d3kqsa_	51349	53334	53335	69547
d3krua_	51349	51350	51395	191310
d3ks9a_	51349	53821	53822	53823
d3ksna_	48724	89391	89392	89393
d3ksva_	53931	54196	54197	191614
d3kt9a_	48724	49878	49879	191616
d3ktoa_	51349	52171	52172	191324
d3ktza_	53931	56370	56371	191615
d3kucb_	53931	54235	54236	54263
d3kv1a_	51349	100949	100950	191609
d3kvqa_	48724	48725	48726	191470
d3kvta_	53931	54694	54695	54701
d3kxsa_	46456	47851	47852	47853
d3kzga_	51349	53849	53850	191309
d3l0fa_	46456	46457	46458	46532
d3l21a_	51349	51350	51569	51570
d3l2ca_	46456	46688	46785	46832
d3l44a_	51349	53382	53383	191328
d3l5la_	51349	51350	51395	191310
d3l5xa_	46456	47265	47266	47286
d3l60a_	51349	52776	52777	191456
d3l6ba_	51349	53685	53686	191338
d3l7ha_	53931	55769	103196	103197
d3l7wa_	46456	46688	46785	191329
d3l8ra_	46456	46965	46973	191602
d3l8ua_	51349	75216	75217	191557
d3l9jc_	53931	56435	56436	56437
d3l9sa_	51349	52832	52833	100953
d3l9va_	51349	52832	52833	191312
d3lada2	51349	51904	51905	51943
d3lasa_	51349	53040	53056	191506
d3lb2a_	46456	46457	46458	46463
d3ldza_	46456	48370	48464	191620
d3le0a_	48724	49784	49785	191481
d3lf6a_	53931	55803	55804	55805
d3lfha_	51349	53061	53062	191356
d3lg3a_	51349	51350	51621	88704
d3lhea_	53931	64287	64288	191611
d3ljqa_	53931	56234	56235	56261
d3lkfa_	56835	56958	56959	56960
d3llba_	53931	56175	56176	191624
d3lmba_	53931	54636	54637	191325
d3lmna_	53931	143790	143791	143792
d3loca1	46456	46688	46689	46764
d3loca2	46456	48497	48498	48499
d3loga_	53931	56321	56322	56323
d3loia_	48724	51181	51182	191354
d3lqna_	53931	54630	54631	191603
d3lqsa_	56572	56751	56752	56753
d3lqva_	53931	54861	54928	54929
d3lqya_	51349	52498	52499	191389
d3lv0a_	56572	56654	56655	191440
d3lvjc_	53931	55199	64307	88852
d3lx3a_	53931	55619	55620	55625
d3lxfa_	53931	54235	54292	191632
d3m0ua_	48724	50036	50044	50045
d3m5ba_	53931	54694	54695	191460
d3m5ja_	48724	49817	49818	49823
d3m5qa_	46456	48112	48113	48114
d3m5va_	51349	51350	51569	191319
d3m7va1	51349	53648	53649	142735
d3m7va2	53931	143855	143856	143857
d3m94a_	53931	55417	55418	191459
d3m9ja_	51349	52832	52833	52834
d3m9qa_	48724	50036	54160	191621
d3m9za_	53931	56435	56436	191331
d3ma2b_	48724	50198	50242	50243
d3mala_	48724	50352	82109	191626
d3mdda2	56572	56644	56645	56646
d3mdfa_	53931	54861	54928	54929
d3meza_	48724	51109	51110	191418
d3mezb_	48724	51109	51110	191418
d3mfqa_	51349	53799	53807	191548
d3mhwu_	48724	50493	50494	50514
d3mi01_	53931	56234	56235	56251
d3mi02_	53931	56234	56235	56251
d3mita_	48724	51091	51101	191397
d3mjoa_	46456	47239	47240	47253
d3mjza_	53931	55330	55331	191533
d3mk1a_	51349	53648	53649	53650
d3mkbb_	46456	46457	46458	46463
d3mkva1	48724	51337	51338	159340
d3mkva2	51349	51350	51556	159408
d3mlaa_	51349	52373	52374	52397
d3mmca1	53931	54861	54862	54884
d3mmca2	53931	54861	55124	160336
d3mmca3	53931	56013	56014	56015
d3mmcb1	53931	54861	54862	54884
d3mmcb2	53931	54861	55124	160336
d3mmcb3	53931	56013	56014	56015
d3mmga_	48724	50493	50494	191364
d3mmha_	53931	55769	55781	191507
d3mmsa_	51349	53162	53167	191488
d3mnga_	51349	52832	52833	52901
d3moza_	51349	52798	52799	117583
d3mpod_	51349	56783	56784	191369
d3mu7a_	51349	51350	51445	191314
d3mv4a_	48724	49451	49482	49483
d3mv4m_	48724	49451	49482	49483
d3mvka_	51349	102545	102546	191558
d3mvua_	46456	48612	48613	191333
d3mw6a_	46456	48656	48657	48658
d3mxma_	51349	53066	53098	53118
d3n10a_	53931	55153	55154	191434
d3n1ca_	51349	53612	53613	191321
d3n1fa_	53931	55165	55166	55170
d3n1fc_	48724	48725	49265	49266
d3n2ta_	51349	51350	51430	191491
d3n2wa_	53931	56265	56266	191425
d3n4ib_	53931	55647	55648	55649
d3n55.1	48724	49502	49503	141095
d3n5wa_	53931	56511	56512	56513
d3n6qa_	51349	51350	51430	191491
d3n74d_	51349	51734	51735	191313
d3n7oa_	48724	50493	50494	50514
d3n8ia_	51349	52787	52788	52789
d3n9ka_	51349	51350	51445	51487
d3n9ra_	51349	51350	51569	191319
d3ncla_	48724	50493	50494	50514
d3neda_	53931	54510	54511	54512
d3nera_	53931	55855	55856	55857
d3nfka_	48724	50155	50156	50157
d3nhea_	53931	54000	54001	82568
d3ni6a_	53931	54533	54534	191631
d3niaa_	56572	56600	56601	191512
d3nioa_	51349	52767	52768	191435
d3nira_	56992	57428	57429	57430
d3niwa_	51349	56783	56784	191369
d3nm6b_	51349	53162	53167	191488
d3nsza_	53931	56111	56112	88854
d3ntxa_	51349	53773	53774	53775
d3nuga_	51349	51734	51735	191313
d3nula_	53931	55769	55770	55771
d3nx6a_	48724	50128	50129	191639
d3nxaa_	46456	47472	47473	191396
d3nxba_	46456	47363	47370	191428
d3nxua_	46456	48263	48264	48265
d3nyia_	51349	82548	82549	191443
d3nzbx_	51349	53596	53597	53598
d3o0da_	51349	53473	53474	191404
d3o0gd_	46456	47953	47954	47955
d3o1ca_	53931	54196	54197	54198
d3o26a_	51349	51734	51735	191313
d3o46a_	48724	50155	50156	191362
d3o5ta_	46456	101477	101478	191592
d3o69a_	53931	55810	55811	55812
d3o79a_	53931	54097	54098	54099
d3o7ma_	51349	53270	53271	191528
d3o83a_	56572	56800	56801	191594
d3obba1	46456	48178	48179	48180
d3obqa_	53931	54494	54495	75383
d3oc7a_	51349	52095	52096	191346
d3oeqa_	53931	55382	55387	55388
d3oexa_	51349	51350	51569	51570
d3of4a_	53931	55468	55469	191446
d3og7a_	53931	56111	56112	88854
d3og9a_	51349	53473	53474	191404
d3ojga_	51349	51350	51556	191327
d3olla_	46456	48507	48508	48509
d3omya_	46456	47728	47729	191573
d3oo3a_	46456	48263	48264	191509
d3oq3a_	46456	47265	47266	47305
d3or5a_	51349	52832	52833	191312
d3orha_	51349	53334	53335	69550
d3osea_	53931	55944	103243	103244
d3oska_	48724	48725	48726	48727
d3otma_	48724	51160	51161	51174
d3ouga_	48724	50684	50692	191648
d3ov1a_	53931	55549	55550	55551
d3ovpa_	51349	51350	51366	191350
d3p2ca_	46456	48207	48208	158737
d3p3va_	51349	52727	52728	191563
d3p48a_	48724	51268	51283	191644
d3p5ga_	53931	56435	56436	191331
d3pa3a_	53931	56111	56112	88854
d3pc7a_	51349	52112	52113	52117
d3pdxa_	51349	53382	53383	191328
d3pfta_	48724	50474	50475	191365
d3pgga_	48724	50181	50182	50183
d3pgxa_	51349	51734	51735	191313
d3ph9a_	51349	52832	52833	191312
d3piua_	51349	53382	53383	53417
d3pl1a_	51349	52498	52499	191389
d3pl2a_	51349	53612	53613	191321
d3plza_	46456	48507	48508	48509
d3pmga1	51349	53737	53738	53739
d3pmga2	51349	53737	53738	53739
d3pmga4	53931	55944	55957	55958
d3pmta_	48724	50036	63748	63749
d3pnza_	51349	51350	51556	191327
d3poza_	53931	56111	56112	88854
d3pr1a_	51349	52539	52540	191323
d3pr9a_	53931	54533	54534	191631
d3prna_	56835	56924	56935	56936
d3proc1	53931	54805	54806	54807
d3prta_	51349	53162	53187	53198
d3psma_	56992	57015	57095	57170
d3pt8a_	46456	46457	46458	191420
d3pvia_	51349	52979	52980	52996
d3pvja_	48724	51181	51197	75038
d3pvka_	48724	50629	50630	50646
d3pwta_	56572	56711	56712	56713
d3px8x_	53931	56370	56371	56372
d3pzsa_	51349	53612	53613	82515
d3q15c_	51349	52171	52172	52173
d3q20a_	46456	158614	158615	191655
d3q46a_	48724	50198	50324	50325
d3q72a_	51349	52539	52540	52592
d3q80a_	51349	53447	53448	191551
d3q90a_	53931	54402	54427	191337
d3qapa_	56835	81322	81321	81319
d3qbya_	48724	50036	63748	69250
d3qgma_	51349	56783	56784	191369
d3qjga_	51349	52506	52507	191535
d3qk8a_	51349	52095	52096	191346
d3qq8b_	53931	54235	54236	54250
d3qraa_	56835	56924	56925	191664
d3qsda_	53931	54000	54001	191342
d3qu3a_	46456	46688	46785	191329
d3qwoc_	46456	46996	46997	46998
d3qy1a_	51349	53040	53056	53057
d3qy3a1	53931	54636	54637	54638
d3qzra_	48724	50493	50494	191364
d3r03a_	53931	55810	55811	191580
d3r04a_	53931	56111	56112	88854
d3r0sa_	48724	51160	51161	191560
d3r20a_	51349	52539	52540	191323
d3r26a_	51349	53849	53850	53851
d3r2na_	51349	53926	53927	191471
d3r3qa_	53931	54494	54495	75383
d3r5ga_	53931	54861	55073	191671
d3r6ua_	51349	53849	53850	191309
d3r93a_	48724	50036	54160	191621
d3r9ta_	51349	52095	52096	191346
d3r9va_	46456	140692	140693	140694
d3r9za_	53931	54446	54447	191638
d3rdra_	53931	55845	55846	191348
d3reaa_	53931	55670	55671	55672
d3repa_	53931	56111	56112	191359
d3reta_	46456	48599	48600	48601
d3rg8a_	51349	52171	52255	191522
d3rk1a_	51349	52373	52402	52403
d3rlfg_	56835	161097	161098	161099
d3rnda_	51349	51350	51395	51396
d3rnqa_	48724	48725	48726	48727
d3ro5a_	56572	161002	161003	161004
d3rysa_	51349	51350	51556	191327
d3rzia_	51349	51350	51569	141840
d3s1wa_	51349	51350	51569	51570
d3s4ka_	53931	54636	54637	191325
d3s52a_	53931	56528	56529	56530
d3s5oa_	51349	51350	51569	191319
d3s6jd_	51349	56783	56784	191369
d3s8qa_	46456	47412	47413	191534
d3seba1	48724	50198	50203	50219
d3seba2	53931	54235	54334	54335
d3sfpa_	53931	56280	56281	191360
d3sgha_	46456	48370	48452	191581
d3si7a_	51349	52539	52540	52686
d3sila_	48724	50938	50939	50940
d3sj3a_	51349	51350	51366	51375
d3sj5a_	53931	111125	111126	111127
d3snfa_	53931	54075	54076	54077
d3snya_	48724	49694	49695	191607
d3soga_	46456	116747	103657	191660
d3sqfa_	48724	50629	50630	50631
d3ss1a_	51349	53447	53448	191551
d3swnb_	48724	50181	50182	191538
d3sxua_	51349	102399	102400	102401
d3szaa_	51349	53719	53720	53721
d3szya_	51349	53648	53649	191663
d3t0ha_	53931	55873	55874	55875
d3t30a_	48724	88632	69203	191665
d3t3la_	53931	55382	55387	55388
d3t4na_	53931	55944	103243	160723
d3t5ga_	51349	52539	52540	52592
d3t5gb_	48724	48725	81296	81288
d3t6ka_	51349	52171	52172	191324
d3t7ya_	53931	160543	160544	191577
d3taob_	51349	51350	51351	191424
d3tcoa_	51349	52832	52833	191312
d3tdta_	48724	51160	51161	51165
d3tema_	51349	52171	52218	52235
d3tg0a_	51349	53648	53649	53650
d3tgla_	51349	53473	53474	53558
d3thia_	51349	53849	53850	53851
d3thra_	51349	53334	53335	53348
d3tlfa_	51349	52095	52096	191346
d3tm0a_	53931	56111	56112	64411
d3tpma_	46456	48370	48371	48372
d3tqga_	46456	48255	48256	191476
d3tqla_	51349	53849	53850	191309
d3tqsa_	51349	53334	53335	191451
d3tssa1	48724	50198	50203	50219
d3tssa2	53931	54235	54334	54335
d3tuia_	56835	161097	161098	161099
d3twra_	53931	74651	48403	191667
d3twya_	48724	49561	49562	49575
d3ty4a_	51349	53658	53659	191423
d3tzla_	51349	52373	52374	191377
d3tzqa_	51349	51734	51735	191313
d3u28b_	56992	57769	144210	144211
d3u5la_	46456	47363	47370	191428
d3u5wa_	48724	50474	50475	191365
d3u7qa_	51349	53799	53807	53816
d3u7qb_	51349	53799	53807	53816
d3u81a_	51349	53334	53335	53336
d3u8ea_	53931	54000	54001	191342
d3u9qa_	46456	48507	48508	48509
d3ucxa_	51349	51734	51735	191313
d3ugsa_	51349	64004	64005	191361
d3ulla_	48724	50198	50249	50263
d3umha_	46456	47654	109843	109844
d3up9a_	51349	53849	53850	191309
d3us4a_	53931	55549	55550	55551
d3uyoa_	53931	55549	55550	55551
d3v7ba_	53931	55723	55724	160627
d3vc7a_	51349	51734	51735	191313
d3vlva_	51349	53849	53850	53851
d3zqua_	51349	52506	52507	191535
d3zr0a_	53931	55810	55811	55812
d3zsja_	48724	49898	49899	49932
d3zv4a_	51349	51734	51735	51751
d3zxfa_	48724	49898	49899	49932
d3zyha_	48724	49784	49785	82022
d3zyra_	48724	49898	49899	49900
d3zzsa_	48724	51181	51219	51220
d451ca_	46456	46625	46626	46627
d4a02a_	48724	48725	81296	191341
d4a14a_	51349	52539	52540	191323
d4a3na_	46456	47094	47095	191668
d4aeaa_	56992	57301	57302	57303
d4cpai_	56992	57015	57027	57028
d4dfaa_	48724	50198	50199	50200
d4mt2a_	56992	57867	57868	57869
d4sgbi_	56992	100896	100897	57486
d4tmka_	51349	52539	52540	52541
d4ubpa_	53931	54110	54111	54112
d4ubpb_	48724	51268	51278	51279
d4ubpc1	48724	51337	51338	51339
d4ubpc2	51349	51350	51556	51560
d5csma_	46456	48599	48600	48604
d5eaua1	46456	48207	48239	48240
d5eaua2	46456	48575	48576	48583
d5nula_	51349	52171	52218	52219
d5ruba1	51349	51350	51649	51650
d5ruba2	53931	54861	54966	54967
d6rlx.1	56992	56993	56994	56995
d7a3ha_	51349	51350	51445	51487
d7ahla_	56835	56958	56959	56960
d7fd1a_	53931	54861	54862	54870
d7odca1	48724	50614	50621	88683
d7odca2	51349	51350	51419	51420
d7reqa1	51349	51350	51703	51704
d7reqa2	51349	52171	52242	52243
d7reqb1	51349	51350	51703	51704
d7reqb2	51349	52171	52242	52243
d8abpa_	51349	53821	53822	53823
